{"type":"FeatureCollection","features":[{"type":"Feature","geometry":{"type":"Point","coordinates":[-118.527681,34.045917]},"properties":{"id":1,"address":"301 Albright Ave","neighborhood":"Alphabet Streets","status":"submitted","statusLabel":"Permit Submitted","permitType":"Bldg-New","submittedDate":"2025-10-09","issuedDate":null,"startDate":null,"completedDate":null,"estCompletionDate":"2027-09-27"}},{"type":"Feature","geometry":{"type":"Point","coordinates":[-118.527521,34.045665]},"properties":{"id":2,"address":"306 Albright Ave","neighborhood":"Alphabet Streets","status":"issued","statusLabel":"Permit Issued","permitType":"Bldg-New","submittedDate":"2026-03-25","issuedDate":"2026-06-24","startDate":null,"completedDate":null,"estCompletionDate":"2028-02-05"}},{"type":"Feature","geometry":{"type":"Point","coordinates":[-118.527516,34.045928]},"properties":{"id":3,"address":"309 Albright Ave","neighborhood":"Alphabet Streets","status":"submitted","statusLabel":"Permit Submitted","permitType":"Bldg-New","submittedDate":"2026-04-16","issuedDate":null,"startDate":null,"completedDate":null,"estCompletionDate":"2028-02-21"}},{"type":"Feature","geometry":{"type":"Point","coordinates":[-118.527349,34.045793]},"properties":{"id":4,"address":"314 Albright Ave","neighborhood":"Alphabet Streets","status":"submitted","statusLabel":"Permit Submitted","permitType":"Bldg-New","submittedDate":"2026-04-25","issuedDate":null,"startDate":null,"completedDate":null,"estCompletionDate":"2028-04-20"}},{"type":"Feature","geometry":{"type":"Point","coordinates":[-118.527434,34.046022]},"properties":{"id":5,"address":"317 Albright Ave","neighborhood":"Alphabet Streets","status":"construction","statusLabel":"Under Construction","permitType":"Bldg-New","submittedDate":"2025-12-31","issuedDate":"2026-04-14","startDate":"2026-06-15","completedDate":null,"estCompletionDate":"2027-06-01"}},{"type":"Feature","geometry":{"type":"Point","coordinates":[-118.527183,34.045753]},"properties":{"id":6,"address":"322 Albright Ave","neighborhood":"Alphabet Streets","status":"construction","statusLabel":"Under Construction","permitType":"Bldg-New","submittedDate":"2025-06-24","issuedDate":"2025-10-02","startDate":"2025-12-06","completedDate":null,"estCompletionDate":"2027-03-24"}},{"type":"Feature","geometry":{"type":"Point","coordinates":[-118.527193,34.045979]},"properties":{"id":7,"address":"325 Albright Ave","neighborhood":"Alphabet Streets","status":"construction","statusLabel":"Under Construction","permitType":"Bldg-New","submittedDate":"2025-12-08","issuedDate":"2026-04-07","startDate":"2026-04-23","completedDate":null,"estCompletionDate":"2027-07-23"}},{"type":"Feature","geometry":{"type":"Point","coordinates":[-118.52708,34.045782]},"properties":{"id":8,"address":"330 Albright Ave","neighborhood":"Alphabet Streets","status":"construction","statusLabel":"Under Construction","permitType":"Bldg-New","submittedDate":"2025-05-01","issuedDate":"2025-08-01","startDate":"2025-08-26","completedDate":null,"estCompletionDate":"2026-12-10"}},{"type":"Feature","geometry":{"type":"Point","coordinates":[-118.527056,34.046054]},"properties":{"id":9,"address":"333 Albright Ave","neighborhood":"Alphabet Streets","status":"construction","statusLabel":"Under Construction","permitType":"Bldg-New","submittedDate":"2025-08-31","issuedDate":"2025-11-07","startDate":"2026-01-08","completedDate":null,"estCompletionDate":"2027-01-08"}},{"type":"Feature","geometry":{"type":"Point","coordinates":[-118.526918,34.045875]},"properties":{"id":10,"address":"338 Albright Ave","neighborhood":"Alphabet Streets","status":"submitted","statusLabel":"Permit Submitted","permitType":"Bldg-New","submittedDate":"2025-10-17","issuedDate":null,"startDate":null,"completedDate":null,"estCompletionDate":"2027-10-25"}},{"type":"Feature","geometry":{"type":"Point","coordinates":[-118.526909,34.046106]},"properties":{"id":11,"address":"341 Albright Ave","neighborhood":"Alphabet Streets","status":"submitted","statusLabel":"Permit Submitted","permitType":"Bldg-New","submittedDate":"2025-12-20","issuedDate":null,"startDate":null,"completedDate":null,"estCompletionDate":"2027-07-24"}},{"type":"Feature","geometry":{"type":"Point","coordinates":[-118.526832,34.045999]},"properties":{"id":12,"address":"346 Albright Ave","neighborhood":"Alphabet Streets","status":"construction","statusLabel":"Under Construction","permitType":"Bldg-New","submittedDate":"2025-10-20","issuedDate":"2026-01-29","startDate":"2026-04-05","completedDate":null,"estCompletionDate":"2027-07-22"}},{"type":"Feature","geometry":{"type":"Point","coordinates":[-118.526842,34.046115]},"properties":{"id":13,"address":"349 Albright Ave","neighborhood":"Alphabet Streets","status":"construction","statusLabel":"Under Construction","permitType":"Bldg-New","submittedDate":"2025-06-30","issuedDate":"2025-08-29","startDate":"2025-09-18","completedDate":null,"estCompletionDate":"2026-09-29"}},{"type":"Feature","geometry":{"type":"Point","coordinates":[-118.526674,34.046111]},"properties":{"id":14,"address":"354 Albright Ave","neighborhood":"Alphabet Streets","status":"issued","statusLabel":"Permit Issued","permitType":"Bldg-New","submittedDate":"2025-11-07","issuedDate":"2026-01-24","startDate":null,"completedDate":null,"estCompletionDate":"2027-09-16"}},{"type":"Feature","geometry":{"type":"Point","coordinates":[-118.526634,34.046185]},"properties":{"id":15,"address":"357 Albright Ave","neighborhood":"Alphabet Streets","status":"construction","statusLabel":"Under Construction","permitType":"Bldg-New","submittedDate":"2025-06-12","issuedDate":"2025-08-10","startDate":"2025-10-28","completedDate":null,"estCompletionDate":"2027-02-27"}},{"type":"Feature","geometry":{"type":"Point","coordinates":[-118.526451,34.046056]},"properties":{"id":16,"address":"362 Albright Ave","neighborhood":"Alphabet Streets","status":"submitted","statusLabel":"Permit Submitted","permitType":"Bldg-New","submittedDate":"2026-02-25","issuedDate":null,"startDate":null,"completedDate":null,"estCompletionDate":"2028-03-16"}},{"type":"Feature","geometry":{"type":"Point","coordinates":[-118.526372,34.046387]},"properties":{"id":17,"address":"365 Albright Ave","neighborhood":"Alphabet Streets","status":"submitted","statusLabel":"Permit Submitted","permitType":"Bldg-New","submittedDate":"2026-01-11","issuedDate":null,"startDate":null,"completedDate":null,"estCompletionDate":"2028-01-30"}},{"type":"Feature","geometry":{"type":"Point","coordinates":[-118.526267,34.046162]},"properties":{"id":18,"address":"370 Albright Ave","neighborhood":"Alphabet Streets","status":"issued","statusLabel":"Permit Issued","permitType":"Bldg-New","submittedDate":"2025-07-08","issuedDate":"2025-10-25","startDate":null,"completedDate":null,"estCompletionDate":"2027-04-06"}},{"type":"Feature","geometry":{"type":"Point","coordinates":[-118.526325,34.046503]},"properties":{"id":19,"address":"373 Albright Ave","neighborhood":"Alphabet Streets","status":"construction","statusLabel":"Under Construction","permitType":"Bldg-New","submittedDate":"2025-12-24","issuedDate":"2026-03-05","startDate":"2026-05-27","completedDate":null,"estCompletionDate":"2027-10-04"}},{"type":"Feature","geometry":{"type":"Point","coordinates":[-118.526264,34.046161]},"properties":{"id":20,"address":"378 Albright Ave","neighborhood":"Alphabet Streets","status":"construction","statusLabel":"Under Construction","permitType":"Bldg-New","submittedDate":"2025-07-21","issuedDate":"2025-11-05","startDate":"2026-01-23","completedDate":null,"estCompletionDate":"2027-01-03"}},{"type":"Feature","geometry":{"type":"Point","coordinates":[-118.526181,34.046521]},"properties":{"id":21,"address":"381 Albright Ave","neighborhood":"Alphabet Streets","status":"construction","statusLabel":"Under Construction","permitType":"Bldg-New","submittedDate":"2025-04-02","issuedDate":"2025-08-05","startDate":"2025-10-10","completedDate":null,"estCompletionDate":"2026-09-13"}},{"type":"Feature","geometry":{"type":"Point","coordinates":[-118.525894,34.046333]},"properties":{"id":22,"address":"386 Albright Ave","neighborhood":"Alphabet Streets","status":"construction","statusLabel":"Under Construction","permitType":"Bldg-New","submittedDate":"2025-06-25","issuedDate":"2025-08-11","startDate":"2025-09-01","completedDate":null,"estCompletionDate":"2026-10-01"}},{"type":"Feature","geometry":{"type":"Point","coordinates":[-118.525917,34.046585]},"properties":{"id":23,"address":"389 Albright Ave","neighborhood":"Alphabet Streets","status":"construction","statusLabel":"Under Construction","permitType":"Bldg-New","submittedDate":"2025-12-30","issuedDate":"2026-03-23","startDate":"2026-04-11","completedDate":null,"estCompletionDate":"2027-06-15"}},{"type":"Feature","geometry":{"type":"Point","coordinates":[-118.525925,34.04641]},"properties":{"id":24,"address":"394 Albright Ave","neighborhood":"Alphabet Streets","status":"construction","statusLabel":"Under Construction","permitType":"Bldg-New","submittedDate":"2025-07-22","issuedDate":"2025-09-11","startDate":"2025-11-19","completedDate":null,"estCompletionDate":"2027-02-01"}},{"type":"Feature","geometry":{"type":"Point","coordinates":[-118.525843,34.046474]},"properties":{"id":25,"address":"397 Albright Ave","neighborhood":"Alphabet Streets","status":"construction","statusLabel":"Under Construction","permitType":"Bldg-New","submittedDate":"2025-04-15","issuedDate":"2025-06-17","startDate":"2025-09-06","completedDate":null,"estCompletionDate":"2026-08-18"}},{"type":"Feature","geometry":{"type":"Point","coordinates":[-118.525801,34.04644]},"properties":{"id":26,"address":"402 Albright Ave","neighborhood":"Alphabet Streets","status":"construction","statusLabel":"Under Construction","permitType":"Bldg-New","submittedDate":"2025-10-23","issuedDate":"2026-01-07","startDate":"2026-03-05","completedDate":null,"estCompletionDate":"2027-07-15"}},{"type":"Feature","geometry":{"type":"Point","coordinates":[-118.525624,34.04672]},"properties":{"id":27,"address":"405 Albright Ave","neighborhood":"Alphabet Streets","status":"issued","statusLabel":"Permit Issued","permitType":"Bldg-New","submittedDate":"2025-07-17","issuedDate":"2025-10-24","startDate":null,"completedDate":null,"estCompletionDate":"2027-01-11"}},{"type":"Feature","geometry":{"type":"Point","coordinates":[-118.52562,34.046364]},"properties":{"id":28,"address":"410 Albright Ave","neighborhood":"Alphabet Streets","status":"submitted","statusLabel":"Permit Submitted","permitType":"Bldg-New","submittedDate":"2025-12-30","issuedDate":null,"startDate":null,"completedDate":null,"estCompletionDate":"2027-09-08"}},{"type":"Feature","geometry":{"type":"Point","coordinates":[-118.525461,34.046183]},"properties":{"id":29,"address":"601 Bestor Blvd","neighborhood":"Alphabet Streets","status":"submitted","statusLabel":"Permit Submitted","permitType":"Bldg-New","submittedDate":"2026-07-09","issuedDate":null,"startDate":null,"completedDate":null,"estCompletionDate":"2028-03-09"}},{"type":"Feature","geometry":{"type":"Point","coordinates":[-118.525261,34.04579]},"properties":{"id":30,"address":"606 Bestor Blvd","neighborhood":"Alphabet Streets","status":"issued","statusLabel":"Permit Issued","permitType":"Bldg-New","submittedDate":"2025-09-10","issuedDate":"2025-12-12","startDate":null,"completedDate":null,"estCompletionDate":"2027-05-01"}},{"type":"Feature","geometry":{"type":"Point","coordinates":[-118.525373,34.046168]},"properties":{"id":31,"address":"609 Bestor Blvd","neighborhood":"Alphabet Streets","status":"construction","statusLabel":"Under Construction","permitType":"Bldg-New","submittedDate":"2025-10-26","issuedDate":"2026-01-21","startDate":"2026-04-21","completedDate":null,"estCompletionDate":"2027-08-18"}},{"type":"Feature","geometry":{"type":"Point","coordinates":[-118.525159,34.045997]},"properties":{"id":32,"address":"614 Bestor Blvd","neighborhood":"Alphabet Streets","status":"construction","statusLabel":"Under Construction","permitType":"Bldg-New","submittedDate":"2025-03-30","issuedDate":"2025-05-20","startDate":"2025-08-16","completedDate":null,"estCompletionDate":"2026-10-02"}},{"type":"Feature","geometry":{"type":"Point","coordinates":[-118.525183,34.046115]},"properties":{"id":33,"address":"617 Bestor Blvd","neighborhood":"Alphabet Streets","status":"construction","statusLabel":"Under Construction","permitType":"Bldg-New","submittedDate":"2025-07-04","issuedDate":"2025-09-12","startDate":"2025-12-09","completedDate":null,"estCompletionDate":"2026-11-14"}},{"type":"Feature","geometry":{"type":"Point","coordinates":[-118.524931,34.045935]},"properties":{"id":34,"address":"622 Bestor Blvd","neighborhood":"Alphabet Streets","status":"construction","statusLabel":"Under Construction","permitType":"Bldg-New","submittedDate":"2025-09-08","issuedDate":"2025-11-07","startDate":"2025-12-21","completedDate":null,"estCompletionDate":"2027-04-27"}},{"type":"Feature","geometry":{"type":"Point","coordinates":[-118.525087,34.046105]},"properties":{"id":35,"address":"625 Bestor Blvd","neighborhood":"Alphabet Streets","status":"construction","statusLabel":"Under Construction","permitType":"Bldg-New","submittedDate":"2025-05-10","issuedDate":"2025-06-29","startDate":"2025-07-17","completedDate":null,"estCompletionDate":"2026-10-17"}},{"type":"Feature","geometry":{"type":"Point","coordinates":[-118.524955,34.046054]},"properties":{"id":36,"address":"630 Bestor Blvd","neighborhood":"Alphabet Streets","status":"construction","statusLabel":"Under Construction","permitType":"Bldg-New","submittedDate":"2025-08-19","issuedDate":"2025-11-11","startDate":"2025-12-26","completedDate":null,"estCompletionDate":"2027-04-28"}},{"type":"Feature","geometry":{"type":"Point","coordinates":[-118.524941,34.04619]},"properties":{"id":37,"address":"633 Bestor Blvd","neighborhood":"Alphabet Streets","status":"construction","statusLabel":"Under Construction","permitType":"Bldg-New","submittedDate":"2025-11-04","issuedDate":"2026-02-06","startDate":"2026-04-21","completedDate":null,"estCompletionDate":"2027-06-01"}},{"type":"Feature","geometry":{"type":"Point","coordinates":[-118.524692,34.046036]},"properties":{"id":38,"address":"638 Bestor Blvd","neighborhood":"Alphabet Streets","status":"construction","statusLabel":"Under Construction","permitType":"Bldg-New","submittedDate":"2025-07-19","issuedDate":"2025-09-04","startDate":"2025-10-08","completedDate":null,"estCompletionDate":"2026-11-07"}},{"type":"Feature","geometry":{"type":"Point","coordinates":[-118.524628,34.04626]},"properties":{"id":39,"address":"641 Bestor Blvd","neighborhood":"Alphabet Streets","status":"issued","statusLabel":"Permit Issued","permitType":"Bldg-New","submittedDate":"2026-01-05","issuedDate":"2026-04-21","startDate":null,"completedDate":null,"estCompletionDate":"2027-12-04"}},{"type":"Feature","geometry":{"type":"Point","coordinates":[-118.524399,34.046006]},"properties":{"id":40,"address":"646 Bestor Blvd","neighborhood":"Alphabet Streets","status":"construction","statusLabel":"Under Construction","permitType":"Bldg-New","submittedDate":"2025-06-02","issuedDate":"2025-09-18","startDate":"2025-11-30","completedDate":null,"estCompletionDate":"2027-04-03"}},{"type":"Feature","geometry":{"type":"Point","coordinates":[-118.524515,34.046222]},"properties":{"id":41,"address":"649 Bestor Blvd","neighborhood":"Alphabet Streets","status":"construction","statusLabel":"Under Construction","permitType":"Bldg-New","submittedDate":"2025-05-25","issuedDate":"2025-08-05","startDate":"2025-10-23","completedDate":null,"estCompletionDate":"2026-10-31"}},{"type":"Feature","geometry":{"type":"Point","coordinates":[-118.524285,34.046097]},"properties":{"id":42,"address":"654 Bestor Blvd","neighborhood":"Alphabet Streets","status":"issued","statusLabel":"Permit Issued","permitType":"Bldg-New","submittedDate":"2025-09-22","issuedDate":"2026-01-11","startDate":null,"completedDate":null,"estCompletionDate":"2027-06-03"}},{"type":"Feature","geometry":{"type":"Point","coordinates":[-118.524237,34.046165]},"properties":{"id":43,"address":"657 Bestor Blvd","neighborhood":"Alphabet Streets","status":"submitted","statusLabel":"Permit Submitted","permitType":"Bldg-New","submittedDate":"2026-02-18","issuedDate":null,"startDate":null,"completedDate":null,"estCompletionDate":"2027-11-18"}},{"type":"Feature","geometry":{"type":"Point","coordinates":[-118.524228,34.046153]},"properties":{"id":44,"address":"662 Bestor Blvd","neighborhood":"Alphabet Streets","status":"issued","statusLabel":"Permit Issued","permitType":"Bldg-New","submittedDate":"2025-11-25","issuedDate":"2026-01-19","startDate":null,"completedDate":null,"estCompletionDate":"2027-07-16"}},{"type":"Feature","geometry":{"type":"Point","coordinates":[-118.52416,34.046396]},"properties":{"id":45,"address":"665 Bestor Blvd","neighborhood":"Alphabet Streets","status":"submitted","statusLabel":"Permit Submitted","permitType":"Bldg-New","submittedDate":"2026-02-17","issuedDate":null,"startDate":null,"completedDate":null,"estCompletionDate":"2027-12-10"}},{"type":"Feature","geometry":{"type":"Point","coordinates":[-118.524032,34.046092]},"properties":{"id":46,"address":"670 Bestor Blvd","neighborhood":"Alphabet Streets","status":"submitted","statusLabel":"Permit Submitted","permitType":"Bldg-New","submittedDate":"2026-02-26","issuedDate":null,"startDate":null,"completedDate":null,"estCompletionDate":"2028-02-20"}},{"type":"Feature","geometry":{"type":"Point","coordinates":[-118.524105,34.046401]},"properties":{"id":47,"address":"673 Bestor Blvd","neighborhood":"Alphabet Streets","status":"issued","statusLabel":"Permit Issued","permitType":"Bldg-New","submittedDate":"2025-12-15","issuedDate":"2026-03-05","startDate":null,"completedDate":null,"estCompletionDate":"2027-08-07"}},{"type":"Feature","geometry":{"type":"Point","coordinates":[-118.523811,34.046182]},"properties":{"id":48,"address":"678 Bestor Blvd","neighborhood":"Alphabet Streets","status":"construction","statusLabel":"Under Construction","permitType":"Bldg-New","submittedDate":"2025-03-22","issuedDate":"2025-06-23","startDate":"2025-09-12","completedDate":null,"estCompletionDate":"2027-01-07"}},{"type":"Feature","geometry":{"type":"Point","coordinates":[-118.523917,34.046339]},"properties":{"id":49,"address":"681 Bestor Blvd","neighborhood":"Alphabet Streets","status":"construction","statusLabel":"Under Construction","permitType":"Bldg-New","submittedDate":"2025-06-16","issuedDate":"2025-10-09","startDate":"2025-12-29","completedDate":null,"estCompletionDate":"2027-03-09"}},{"type":"Feature","geometry":{"type":"Point","coordinates":[-118.523675,34.046181]},"properties":{"id":50,"address":"686 Bestor Blvd","neighborhood":"Alphabet Streets","status":"construction","statusLabel":"Under Construction","permitType":"Bldg-New","submittedDate":"2025-03-13","issuedDate":"2025-06-23","startDate":"2025-09-14","completedDate":null,"estCompletionDate":"2026-09-10"}},{"type":"Feature","geometry":{"type":"Point","coordinates":[-118.523676,34.046362]},"properties":{"id":51,"address":"689 Bestor Blvd","neighborhood":"Alphabet Streets","status":"submitted","statusLabel":"Permit Submitted","permitType":"Bldg-New","submittedDate":"2025-10-12","issuedDate":null,"startDate":null,"completedDate":null,"estCompletionDate":"2027-05-31"}},{"type":"Feature","geometry":{"type":"Point","coordinates":[-118.523462,34.046357]},"properties":{"id":52,"address":"694 Bestor Blvd","neighborhood":"Alphabet Streets","status":"construction","statusLabel":"Under Construction","permitType":"Bldg-New","submittedDate":"2025-04-18","issuedDate":"2025-07-02","startDate":"2025-09-20","completedDate":null,"estCompletionDate":"2027-01-29"}},{"type":"Feature","geometry":{"type":"Point","coordinates":[-118.523575,34.046474]},"properties":{"id":53,"address":"697 Bestor Blvd","neighborhood":"Alphabet Streets","status":"issued","statusLabel":"Permit Issued","permitType":"Bldg-New","submittedDate":"2026-02-03","issuedDate":"2026-05-13","startDate":null,"completedDate":null,"estCompletionDate":"2027-08-25"}},{"type":"Feature","geometry":{"type":"Point","coordinates":[-118.523388,34.046303]},"properties":{"id":54,"address":"702 Bestor Blvd","neighborhood":"Alphabet Streets","status":"construction","statusLabel":"Under Construction","permitType":"Bldg-New","submittedDate":"2025-07-27","issuedDate":"2025-09-11","startDate":"2025-11-28","completedDate":null,"estCompletionDate":"2027-04-08"}},{"type":"Feature","geometry":{"type":"Point","coordinates":[-118.523266,34.046507]},"properties":{"id":55,"address":"705 Bestor Blvd","neighborhood":"Alphabet Streets","status":"construction","statusLabel":"Under Construction","permitType":"Bldg-New","submittedDate":"2025-05-14","issuedDate":"2025-07-09","startDate":"2025-08-13","completedDate":null,"estCompletionDate":"2026-11-11"}},{"type":"Feature","geometry":{"type":"Point","coordinates":[-118.523157,34.046426]},"properties":{"id":56,"address":"710 Bestor Blvd","neighborhood":"Alphabet Streets","status":"issued","statusLabel":"Permit Issued","permitType":"Bldg-New","submittedDate":"2025-06-28","issuedDate":"2025-09-23","startDate":null,"completedDate":null,"estCompletionDate":"2027-03-12"}},{"type":"Feature","geometry":{"type":"Point","coordinates":[-118.52284,34.045983]},"properties":{"id":57,"address":"1801 Carey St","neighborhood":"Alphabet Streets","status":"construction","statusLabel":"Under Construction","permitType":"Bldg-New","submittedDate":"2025-04-14","issuedDate":"2025-06-12","startDate":"2025-06-27","completedDate":null,"estCompletionDate":"2026-08-11"}},{"type":"Feature","geometry":{"type":"Point","coordinates":[-118.522652,34.045687]},"properties":{"id":58,"address":"1806 Carey St","neighborhood":"Alphabet Streets","status":"submitted","statusLabel":"Permit Submitted","permitType":"Bldg-New","submittedDate":"2025-12-15","issuedDate":null,"startDate":null,"completedDate":null,"estCompletionDate":"2027-09-04"}},{"type":"Feature","geometry":{"type":"Point","coordinates":[-118.522593,34.045844]},"properties":{"id":59,"address":"1809 Carey St","neighborhood":"Alphabet Streets","status":"construction","statusLabel":"Under Construction","permitType":"Bldg-New","submittedDate":"2025-04-13","issuedDate":"2025-08-11","startDate":"2025-09-08","completedDate":null,"estCompletionDate":"2026-11-07"}},{"type":"Feature","geometry":{"type":"Point","coordinates":[-118.522384,34.045713]},"properties":{"id":60,"address":"1814 Carey St","neighborhood":"Alphabet Streets","status":"construction","statusLabel":"Under Construction","permitType":"Bldg-New","submittedDate":"2025-10-22","issuedDate":"2026-01-18","startDate":"2026-02-20","completedDate":null,"estCompletionDate":"2027-02-03"}},{"type":"Feature","geometry":{"type":"Point","coordinates":[-118.522516,34.046043]},"properties":{"id":61,"address":"1817 Carey St","neighborhood":"Alphabet Streets","status":"submitted","statusLabel":"Permit Submitted","permitType":"Bldg-New","submittedDate":"2026-01-27","issuedDate":null,"startDate":null,"completedDate":null,"estCompletionDate":"2027-08-18"}},{"type":"Feature","geometry":{"type":"Point","coordinates":[-118.522201,34.04578]},"properties":{"id":62,"address":"1822 Carey St","neighborhood":"Alphabet Streets","status":"submitted","statusLabel":"Permit Submitted","permitType":"Bldg-New","submittedDate":"2026-02-05","issuedDate":null,"startDate":null,"completedDate":null,"estCompletionDate":"2027-11-17"}},{"type":"Feature","geometry":{"type":"Point","coordinates":[-118.522178,34.04595]},"properties":{"id":63,"address":"1825 Carey St","neighborhood":"Alphabet Streets","status":"issued","statusLabel":"Permit Issued","permitType":"Bldg-New","submittedDate":"2026-03-21","issuedDate":"2026-07-09","startDate":null,"completedDate":null,"estCompletionDate":"2027-10-29"}},{"type":"Feature","geometry":{"type":"Point","coordinates":[-118.52206,34.045784]},"properties":{"id":64,"address":"1830 Carey St","neighborhood":"Alphabet Streets","status":"construction","statusLabel":"Under Construction","permitType":"Bldg-New","submittedDate":"2025-09-08","issuedDate":"2025-11-01","startDate":"2025-12-11","completedDate":null,"estCompletionDate":"2026-11-20"}},{"type":"Feature","geometry":{"type":"Point","coordinates":[-118.522122,34.045966]},"properties":{"id":65,"address":"1833 Carey St","neighborhood":"Alphabet Streets","status":"issued","statusLabel":"Permit Issued","permitType":"Bldg-New","submittedDate":"2025-07-29","issuedDate":"2025-10-28","startDate":null,"completedDate":null,"estCompletionDate":"2027-03-31"}},{"type":"Feature","geometry":{"type":"Point","coordinates":[-118.52183,34.045891]},"properties":{"id":66,"address":"1838 Carey St","neighborhood":"Alphabet Streets","status":"submitted","statusLabel":"Permit Submitted","permitType":"Bldg-New","submittedDate":"2026-02-10","issuedDate":null,"startDate":null,"completedDate":null,"estCompletionDate":"2027-12-25"}},{"type":"Feature","geometry":{"type":"Point","coordinates":[-118.521696,34.046102]},"properties":{"id":67,"address":"1841 Carey St","neighborhood":"Alphabet Streets","status":"issued","statusLabel":"Permit Issued","permitType":"Bldg-New","submittedDate":"2025-08-03","issuedDate":"2025-11-16","startDate":null,"completedDate":null,"estCompletionDate":"2027-02-06"}},{"type":"Feature","geometry":{"type":"Point","coordinates":[-118.521631,34.045917]},"properties":{"id":68,"address":"1846 Carey St","neighborhood":"Alphabet Streets","status":"submitted","statusLabel":"Permit Submitted","permitType":"Bldg-New","submittedDate":"2026-06-12","issuedDate":null,"startDate":null,"completedDate":null,"estCompletionDate":"2028-03-30"}},{"type":"Feature","geometry":{"type":"Point","coordinates":[-118.521497,34.046179]},"properties":{"id":69,"address":"1849 Carey St","neighborhood":"Alphabet Streets","status":"submitted","statusLabel":"Permit Submitted","permitType":"Bldg-New","submittedDate":"2026-05-15","issuedDate":null,"startDate":null,"completedDate":null,"estCompletionDate":"2028-02-15"}},{"type":"Feature","geometry":{"type":"Point","coordinates":[-118.521377,34.045821]},"properties":{"id":70,"address":"1854 Carey St","neighborhood":"Alphabet Streets","status":"construction","statusLabel":"Under Construction","permitType":"Bldg-New","submittedDate":"2025-08-25","issuedDate":"2025-10-22","startDate":"2025-11-27","completedDate":null,"estCompletionDate":"2026-12-31"}},{"type":"Feature","geometry":{"type":"Point","coordinates":[-118.521269,34.046068]},"properties":{"id":71,"address":"1857 Carey St","neighborhood":"Alphabet Streets","status":"construction","statusLabel":"Under Construction","permitType":"Bldg-New","submittedDate":"2025-06-27","issuedDate":"2025-10-27","startDate":"2025-12-25","completedDate":null,"estCompletionDate":"2027-01-15"}},{"type":"Feature","geometry":{"type":"Point","coordinates":[-118.52118,34.046019]},"properties":{"id":72,"address":"1862 Carey St","neighborhood":"Alphabet Streets","status":"construction","statusLabel":"Under Construction","permitType":"Bldg-New","submittedDate":"2025-08-30","issuedDate":"2025-11-06","startDate":"2026-01-30","completedDate":null,"estCompletionDate":"2027-03-22"}},{"type":"Feature","geometry":{"type":"Point","coordinates":[-118.521139,34.046249]},"properties":{"id":73,"address":"1865 Carey St","neighborhood":"Alphabet Streets","status":"submitted","statusLabel":"Permit Submitted","permitType":"Bldg-New","submittedDate":"2026-05-03","issuedDate":null,"startDate":null,"completedDate":null,"estCompletionDate":"2027-12-16"}},{"type":"Feature","geometry":{"type":"Point","coordinates":[-118.521082,34.046033]},"properties":{"id":74,"address":"1870 Carey St","neighborhood":"Alphabet Streets","status":"construction","statusLabel":"Under Construction","permitType":"Bldg-New","submittedDate":"2025-06-19","issuedDate":"2025-08-13","startDate":"2025-10-18","completedDate":null,"estCompletionDate":"2027-01-01"}},{"type":"Feature","geometry":{"type":"Point","coordinates":[-118.521053,34.046191]},"properties":{"id":75,"address":"1873 Carey St","neighborhood":"Alphabet Streets","status":"construction","statusLabel":"Under Construction","permitType":"Bldg-New","submittedDate":"2025-11-12","issuedDate":"2026-03-21","startDate":"2026-05-20","completedDate":null,"estCompletionDate":"2027-05-04"}},{"type":"Feature","geometry":{"type":"Point","coordinates":[-118.520672,34.046092]},"properties":{"id":76,"address":"1878 Carey St","neighborhood":"Alphabet Streets","status":"construction","statusLabel":"Under Construction","permitType":"Bldg-New","submittedDate":"2026-01-02","issuedDate":"2026-05-12","startDate":"2026-06-05","completedDate":null,"estCompletionDate":"2027-09-22"}},{"type":"Feature","geometry":{"type":"Point","coordinates":[-118.52068,34.046243]},"properties":{"id":77,"address":"1881 Carey St","neighborhood":"Alphabet Streets","status":"submitted","statusLabel":"Permit Submitted","permitType":"Bldg-New","submittedDate":"2026-04-18","issuedDate":null,"startDate":null,"completedDate":null,"estCompletionDate":"2028-03-31"}},{"type":"Feature","geometry":{"type":"Point","coordinates":[-118.520557,34.046084]},"properties":{"id":78,"address":"1886 Carey St","neighborhood":"Alphabet Streets","status":"construction","statusLabel":"Under Construction","permitType":"Bldg-New","submittedDate":"2025-05-03","issuedDate":"2025-08-12","startDate":"2025-09-02","completedDate":null,"estCompletionDate":"2026-10-16"}},{"type":"Feature","geometry":{"type":"Point","coordinates":[-118.520505,34.046258]},"properties":{"id":79,"address":"1889 Carey St","neighborhood":"Alphabet Streets","status":"construction","statusLabel":"Under Construction","permitType":"Bldg-New","submittedDate":"2025-09-17","issuedDate":"2025-12-16","startDate":"2026-01-16","completedDate":null,"estCompletionDate":"2027-01-13"}},{"type":"Feature","geometry":{"type":"Point","coordinates":[-118.5205,34.045956]},"properties":{"id":80,"address":"1894 Carey St","neighborhood":"Alphabet Streets","status":"construction","statusLabel":"Under Construction","permitType":"Bldg-New","submittedDate":"2025-04-04","issuedDate":"2025-06-05","startDate":"2025-08-18","completedDate":null,"estCompletionDate":"2026-08-23"}},{"type":"Feature","geometry":{"type":"Point","coordinates":[-118.5205,34.046444]},"properties":{"id":81,"address":"1897 Carey St","neighborhood":"Alphabet Streets","status":"submitted","statusLabel":"Permit Submitted","permitType":"Bldg-New","submittedDate":"2026-07-04","issuedDate":null,"startDate":null,"completedDate":null,"estCompletionDate":"2028-04-18"}},{"type":"Feature","geometry":{"type":"Point","coordinates":[-118.5205,34.046138]},"properties":{"id":82,"address":"1902 Carey St","neighborhood":"Alphabet Streets","status":"submitted","statusLabel":"Permit Submitted","permitType":"Bldg-New","submittedDate":"2026-01-14","issuedDate":null,"startDate":null,"completedDate":null,"estCompletionDate":"2028-01-17"}},{"type":"Feature","geometry":{"type":"Point","coordinates":[-118.5205,34.046249]},"properties":{"id":83,"address":"1905 Carey St","neighborhood":"Alphabet Streets","status":"submitted","statusLabel":"Permit Submitted","permitType":"Bldg-New","submittedDate":"2026-03-10","issuedDate":null,"startDate":null,"completedDate":null,"estCompletionDate":"2027-12-30"}},{"type":"Feature","geometry":{"type":"Point","coordinates":[-118.5205,34.046128]},"properties":{"id":84,"address":"1910 Carey St","neighborhood":"Alphabet Streets","status":"submitted","statusLabel":"Permit Submitted","permitType":"Bldg-New","submittedDate":"2025-12-07","issuedDate":null,"startDate":null,"completedDate":null,"estCompletionDate":"2027-10-04"}},{"type":"Feature","geometry":{"type":"Point","coordinates":[-118.5277,34.047364]},"properties":{"id":85,"address":"801 Drummond St","neighborhood":"Alphabet Streets","status":"construction","statusLabel":"Under Construction","permitType":"Bldg-New","submittedDate":"2025-11-28","issuedDate":"2026-02-03","startDate":"2026-04-24","completedDate":null,"estCompletionDate":"2027-04-27"}},{"type":"Feature","geometry":{"type":"Point","coordinates":[-118.527614,34.047214]},"properties":{"id":86,"address":"806 Drummond St","neighborhood":"Alphabet Streets","status":"issued","statusLabel":"Permit Issued","permitType":"Bldg-New","submittedDate":"2026-04-09","issuedDate":"2026-07-16","startDate":null,"completedDate":null,"estCompletionDate":"2027-10-21"}},{"type":"Feature","geometry":{"type":"Point","coordinates":[-118.527565,34.047497]},"properties":{"id":87,"address":"809 Drummond St","neighborhood":"Alphabet Streets","status":"submitted","statusLabel":"Permit Submitted","permitType":"Bldg-New","submittedDate":"2025-10-01","issuedDate":null,"startDate":null,"completedDate":null,"estCompletionDate":"2027-06-27"}},{"type":"Feature","geometry":{"type":"Point","coordinates":[-118.527492,34.047246]},"properties":{"id":88,"address":"814 Drummond St","neighborhood":"Alphabet Streets","status":"construction","statusLabel":"Under Construction","permitType":"Bldg-New","submittedDate":"2025-03-16","issuedDate":"2025-05-26","startDate":"2025-08-09","completedDate":null,"estCompletionDate":"2026-09-12"}},{"type":"Feature","geometry":{"type":"Point","coordinates":[-118.527349,34.047494]},"properties":{"id":89,"address":"817 Drummond St","neighborhood":"Alphabet Streets","status":"construction","statusLabel":"Under Construction","permitType":"Bldg-New","submittedDate":"2025-03-23","issuedDate":"2025-07-10","startDate":"2025-08-12","completedDate":null,"estCompletionDate":"2026-11-17"}},{"type":"Feature","geometry":{"type":"Point","coordinates":[-118.527186,34.047358]},"properties":{"id":90,"address":"822 Drummond St","neighborhood":"Alphabet Streets","status":"issued","statusLabel":"Permit Issued","permitType":"Bldg-New","submittedDate":"2025-10-10","issuedDate":"2026-01-01","startDate":null,"completedDate":null,"estCompletionDate":"2027-05-20"}},{"type":"Feature","geometry":{"type":"Point","coordinates":[-118.527174,34.047456]},"properties":{"id":91,"address":"825 Drummond St","neighborhood":"Alphabet Streets","status":"submitted","statusLabel":"Permit Submitted","permitType":"Bldg-New","submittedDate":"2026-01-15","issuedDate":null,"startDate":null,"completedDate":null,"estCompletionDate":"2027-12-07"}},{"type":"Feature","geometry":{"type":"Point","coordinates":[-118.527037,34.047265]},"properties":{"id":92,"address":"830 Drummond St","neighborhood":"Alphabet Streets","status":"construction","statusLabel":"Under Construction","permitType":"Bldg-New","submittedDate":"2025-10-25","issuedDate":"2026-02-10","startDate":"2026-03-22","completedDate":null,"estCompletionDate":"2027-07-17"}},{"type":"Feature","geometry":{"type":"Point","coordinates":[-118.5269,34.04754]},"properties":{"id":93,"address":"833 Drummond St","neighborhood":"Alphabet Streets","status":"submitted","statusLabel":"Permit Submitted","permitType":"Bldg-New","submittedDate":"2025-10-15","issuedDate":null,"startDate":null,"completedDate":null,"estCompletionDate":"2027-09-20"}},{"type":"Feature","geometry":{"type":"Point","coordinates":[-118.526728,34.047379]},"properties":{"id":94,"address":"838 Drummond St","neighborhood":"Alphabet Streets","status":"construction","statusLabel":"Under Construction","permitType":"Bldg-New","submittedDate":"2025-10-16","issuedDate":"2025-12-08","startDate":"2026-02-19","completedDate":null,"estCompletionDate":"2027-02-17"}},{"type":"Feature","geometry":{"type":"Point","coordinates":[-118.526792,34.047603]},"properties":{"id":95,"address":"841 Drummond St","neighborhood":"Alphabet Streets","status":"construction","statusLabel":"Under Construction","permitType":"Bldg-New","submittedDate":"2025-11-02","issuedDate":"2026-01-03","startDate":"2026-03-07","completedDate":null,"estCompletionDate":"2027-04-30"}},{"type":"Feature","geometry":{"type":"Point","coordinates":[-118.526604,34.047387]},"properties":{"id":96,"address":"846 Drummond St","neighborhood":"Alphabet Streets","status":"construction","statusLabel":"Under Construction","permitType":"Bldg-New","submittedDate":"2025-05-10","issuedDate":"2025-08-31","startDate":"2025-11-17","completedDate":null,"estCompletionDate":"2026-12-22"}},{"type":"Feature","geometry":{"type":"Point","coordinates":[-118.526644,34.047581]},"properties":{"id":97,"address":"849 Drummond St","neighborhood":"Alphabet Streets","status":"submitted","statusLabel":"Permit Submitted","permitType":"Bldg-New","submittedDate":"2026-01-23","issuedDate":null,"startDate":null,"completedDate":null,"estCompletionDate":"2027-11-13"}},{"type":"Feature","geometry":{"type":"Point","coordinates":[-118.526369,34.047392]},"properties":{"id":98,"address":"854 Drummond St","neighborhood":"Alphabet Streets","status":"construction","statusLabel":"Under Construction","permitType":"Bldg-New","submittedDate":"2025-09-27","issuedDate":"2025-12-27","startDate":"2026-03-15","completedDate":null,"estCompletionDate":"2027-04-24"}},{"type":"Feature","geometry":{"type":"Point","coordinates":[-118.526282,34.047682]},"properties":{"id":99,"address":"857 Drummond St","neighborhood":"Alphabet Streets","status":"construction","statusLabel":"Under Construction","permitType":"Bldg-New","submittedDate":"2025-09-15","issuedDate":"2025-11-08","startDate":"2025-12-30","completedDate":null,"estCompletionDate":"2027-03-31"}},{"type":"Feature","geometry":{"type":"Point","coordinates":[-118.526183,34.047427]},"properties":{"id":100,"address":"862 Drummond St","neighborhood":"Alphabet Streets","status":"construction","statusLabel":"Under Construction","permitType":"Bldg-New","submittedDate":"2025-12-22","issuedDate":"2026-03-27","startDate":"2026-05-29","completedDate":null,"estCompletionDate":"2027-10-01"}},{"type":"Feature","geometry":{"type":"Point","coordinates":[-118.526092,34.047628]},"properties":{"id":101,"address":"865 Drummond St","neighborhood":"Alphabet Streets","status":"construction","statusLabel":"Under Construction","permitType":"Bldg-New","submittedDate":"2026-01-18","issuedDate":"2026-04-02","startDate":"2026-05-30","completedDate":null,"estCompletionDate":"2027-05-27"}},{"type":"Feature","geometry":{"type":"Point","coordinates":[-118.525983,34.047668]},"properties":{"id":102,"address":"870 Drummond St","neighborhood":"Alphabet Streets","status":"submitted","statusLabel":"Permit Submitted","permitType":"Bldg-New","submittedDate":"2026-01-31","issuedDate":null,"startDate":null,"completedDate":null,"estCompletionDate":"2027-09-28"}},{"type":"Feature","geometry":{"type":"Point","coordinates":[-118.526002,34.047814]},"properties":{"id":103,"address":"873 Drummond St","neighborhood":"Alphabet Streets","status":"construction","statusLabel":"Under Construction","permitType":"Bldg-New","submittedDate":"2025-10-08","issuedDate":"2026-02-08","startDate":"2026-03-19","completedDate":null,"estCompletionDate":"2027-07-07"}},{"type":"Feature","geometry":{"type":"Point","coordinates":[-118.525866,34.047617]},"properties":{"id":104,"address":"878 Drummond St","neighborhood":"Alphabet Streets","status":"construction","statusLabel":"Under Construction","permitType":"Bldg-New","submittedDate":"2025-08-22","issuedDate":"2025-11-20","startDate":"2025-12-27","completedDate":null,"estCompletionDate":"2027-02-08"}},{"type":"Feature","geometry":{"type":"Point","coordinates":[-118.525738,34.04783]},"properties":{"id":105,"address":"881 Drummond St","neighborhood":"Alphabet Streets","status":"construction","statusLabel":"Under Construction","permitType":"Bldg-New","submittedDate":"2025-06-06","issuedDate":"2025-09-13","startDate":"2025-10-16","completedDate":null,"estCompletionDate":"2026-12-21"}},{"type":"Feature","geometry":{"type":"Point","coordinates":[-118.525721,34.047734]},"properties":{"id":106,"address":"886 Drummond St","neighborhood":"Alphabet Streets","status":"submitted","statusLabel":"Permit Submitted","permitType":"Bldg-New","submittedDate":"2025-11-26","issuedDate":null,"startDate":null,"completedDate":null,"estCompletionDate":"2027-11-20"}},{"type":"Feature","geometry":{"type":"Point","coordinates":[-118.525584,34.047815]},"properties":{"id":107,"address":"889 Drummond St","neighborhood":"Alphabet Streets","status":"submitted","statusLabel":"Permit Submitted","permitType":"Bldg-New","submittedDate":"2026-05-31","issuedDate":null,"startDate":null,"completedDate":null,"estCompletionDate":"2027-12-27"}},{"type":"Feature","geometry":{"type":"Point","coordinates":[-118.525476,34.047581]},"properties":{"id":108,"address":"894 Drummond St","neighborhood":"Alphabet Streets","status":"submitted","statusLabel":"Permit Submitted","permitType":"Bldg-New","submittedDate":"2025-10-04","issuedDate":null,"startDate":null,"completedDate":null,"estCompletionDate":"2027-09-11"}},{"type":"Feature","geometry":{"type":"Point","coordinates":[-118.525429,34.047885]},"properties":{"id":109,"address":"897 Drummond St","neighborhood":"Alphabet Streets","status":"submitted","statusLabel":"Permit Submitted","permitType":"Bldg-New","submittedDate":"2026-04-26","issuedDate":null,"startDate":null,"completedDate":null,"estCompletionDate":"2027-11-30"}},{"type":"Feature","geometry":{"type":"Point","coordinates":[-118.525201,34.047726]},"properties":{"id":110,"address":"902 Drummond St","neighborhood":"Alphabet Streets","status":"construction","statusLabel":"Under Construction","permitType":"Bldg-New","submittedDate":"2025-10-27","issuedDate":"2026-02-21","startDate":"2026-05-09","completedDate":null,"estCompletionDate":"2027-08-18"}},{"type":"Feature","geometry":{"type":"Point","coordinates":[-118.525209,34.047909]},"properties":{"id":111,"address":"905 Drummond St","neighborhood":"Alphabet Streets","status":"issued","statusLabel":"Permit Issued","permitType":"Bldg-New","submittedDate":"2025-12-31","issuedDate":"2026-05-07","startDate":null,"completedDate":null,"estCompletionDate":"2028-01-08"}},{"type":"Feature","geometry":{"type":"Point","coordinates":[-118.525064,34.047855]},"properties":{"id":112,"address":"910 Drummond St","neighborhood":"Alphabet Streets","status":"construction","statusLabel":"Under Construction","permitType":"Bldg-New","submittedDate":"2026-01-21","issuedDate":"2026-03-23","startDate":"2026-05-25","completedDate":null,"estCompletionDate":"2027-10-07"}},{"type":"Feature","geometry":{"type":"Point","coordinates":[-118.525339,34.047215]},"properties":{"id":113,"address":"501 El Medio Ave","neighborhood":"Alphabet Streets","status":"construction","statusLabel":"Under Construction","permitType":"Bldg-New","submittedDate":"2025-07-04","issuedDate":"2025-08-29","startDate":"2025-09-26","completedDate":null,"estCompletionDate":"2026-12-08"}},{"type":"Feature","geometry":{"type":"Point","coordinates":[-118.525316,34.046968]},"properties":{"id":114,"address":"506 El Medio Ave","neighborhood":"Alphabet Streets","status":"construction","statusLabel":"Under Construction","permitType":"Bldg-New","submittedDate":"2025-10-05","issuedDate":"2026-01-13","startDate":"2026-03-31","completedDate":null,"estCompletionDate":"2027-04-04"}},{"type":"Feature","geometry":{"type":"Point","coordinates":[-118.525278,34.047183]},"properties":{"id":115,"address":"509 El Medio Ave","neighborhood":"Alphabet Streets","status":"submitted","statusLabel":"Permit Submitted","permitType":"Bldg-New","submittedDate":"2026-01-04","issuedDate":null,"startDate":null,"completedDate":null,"estCompletionDate":"2027-11-05"}},{"type":"Feature","geometry":{"type":"Point","coordinates":[-118.525193,34.047047]},"properties":{"id":116,"address":"514 El Medio Ave","neighborhood":"Alphabet Streets","status":"construction","statusLabel":"Under Construction","permitType":"Bldg-New","submittedDate":"2025-05-23","issuedDate":"2025-09-13","startDate":"2025-12-09","completedDate":null,"estCompletionDate":"2027-01-21"}},{"type":"Feature","geometry":{"type":"Point","coordinates":[-118.525146,34.047305]},"properties":{"id":117,"address":"517 El Medio Ave","neighborhood":"Alphabet Streets","status":"construction","statusLabel":"Under Construction","permitType":"Bldg-New","submittedDate":"2025-08-31","issuedDate":"2026-01-05","startDate":"2026-02-09","completedDate":null,"estCompletionDate":"2027-03-22"}},{"type":"Feature","geometry":{"type":"Point","coordinates":[-118.52492,34.047088]},"properties":{"id":118,"address":"522 El Medio Ave","neighborhood":"Alphabet Streets","status":"submitted","statusLabel":"Permit Submitted","permitType":"Bldg-New","submittedDate":"2026-04-02","issuedDate":null,"startDate":null,"completedDate":null,"estCompletionDate":"2028-04-19"}},{"type":"Feature","geometry":{"type":"Point","coordinates":[-118.524973,34.047123]},"properties":{"id":119,"address":"525 El Medio Ave","neighborhood":"Alphabet Streets","status":"construction","statusLabel":"Under Construction","permitType":"Bldg-New","submittedDate":"2025-07-05","issuedDate":"2025-09-09","startDate":"2025-11-24","completedDate":null,"estCompletionDate":"2027-02-22"}},{"type":"Feature","geometry":{"type":"Point","coordinates":[-118.524913,34.047123]},"properties":{"id":120,"address":"530 El Medio Ave","neighborhood":"Alphabet Streets","status":"construction","statusLabel":"Under Construction","permitType":"Bldg-New","submittedDate":"2025-04-13","issuedDate":"2025-08-15","startDate":"2025-10-11","completedDate":null,"estCompletionDate":"2026-10-17"}},{"type":"Feature","geometry":{"type":"Point","coordinates":[-118.524903,34.04716]},"properties":{"id":121,"address":"533 El Medio Ave","neighborhood":"Alphabet Streets","status":"submitted","statusLabel":"Permit Submitted","permitType":"Bldg-New","submittedDate":"2025-10-12","issuedDate":null,"startDate":null,"completedDate":null,"estCompletionDate":"2027-08-09"}},{"type":"Feature","geometry":{"type":"Point","coordinates":[-118.524671,34.04723]},"properties":{"id":122,"address":"538 El Medio Ave","neighborhood":"Alphabet Streets","status":"submitted","statusLabel":"Permit Submitted","permitType":"Bldg-New","submittedDate":"2025-11-22","issuedDate":null,"startDate":null,"completedDate":null,"estCompletionDate":"2027-10-11"}},{"type":"Feature","geometry":{"type":"Point","coordinates":[-118.524756,34.047364]},"properties":{"id":123,"address":"541 El Medio Ave","neighborhood":"Alphabet Streets","status":"issued","statusLabel":"Permit Issued","permitType":"Bldg-New","submittedDate":"2026-02-22","issuedDate":"2026-07-05","startDate":null,"completedDate":null,"estCompletionDate":"2028-01-09"}},{"type":"Feature","geometry":{"type":"Point","coordinates":[-118.524519,34.047032]},"properties":{"id":124,"address":"546 El Medio Ave","neighborhood":"Alphabet Streets","status":"construction","statusLabel":"Under Construction","permitType":"Bldg-New","submittedDate":"2026-01-01","issuedDate":"2026-04-11","startDate":"2026-05-02","completedDate":null,"estCompletionDate":"2027-08-15"}},{"type":"Feature","geometry":{"type":"Point","coordinates":[-118.524526,34.047328]},"properties":{"id":125,"address":"549 El Medio Ave","neighborhood":"Alphabet Streets","status":"issued","statusLabel":"Permit Issued","permitType":"Bldg-New","submittedDate":"2026-04-17","issuedDate":"2026-07-03","startDate":null,"completedDate":null,"estCompletionDate":"2028-02-23"}},{"type":"Feature","geometry":{"type":"Point","coordinates":[-118.524315,34.04707]},"properties":{"id":126,"address":"554 El Medio Ave","neighborhood":"Alphabet Streets","status":"construction","statusLabel":"Under Construction","permitType":"Bldg-New","submittedDate":"2025-10-23","issuedDate":"2026-03-01","startDate":"2026-04-30","completedDate":null,"estCompletionDate":"2027-08-16"}},{"type":"Feature","geometry":{"type":"Point","coordinates":[-118.524439,34.047442]},"properties":{"id":127,"address":"557 El Medio Ave","neighborhood":"Alphabet Streets","status":"construction","statusLabel":"Under Construction","permitType":"Bldg-New","submittedDate":"2025-10-28","issuedDate":"2025-12-24","startDate":"2026-01-12","completedDate":null,"estCompletionDate":"2027-04-21"}},{"type":"Feature","geometry":{"type":"Point","coordinates":[-118.524108,34.047114]},"properties":{"id":128,"address":"562 El Medio Ave","neighborhood":"Alphabet Streets","status":"construction","statusLabel":"Under Construction","permitType":"Bldg-New","submittedDate":"2025-09-06","issuedDate":"2025-10-27","startDate":"2025-12-03","completedDate":null,"estCompletionDate":"2027-01-12"}},{"type":"Feature","geometry":{"type":"Point","coordinates":[-118.524221,34.047381]},"properties":{"id":129,"address":"565 El Medio Ave","neighborhood":"Alphabet Streets","status":"construction","statusLabel":"Under Construction","permitType":"Bldg-New","submittedDate":"2025-11-06","issuedDate":"2025-12-23","startDate":"2026-02-11","completedDate":null,"estCompletionDate":"2027-06-19"}},{"type":"Feature","geometry":{"type":"Point","coordinates":[-118.524077,34.047067]},"properties":{"id":130,"address":"570 El Medio Ave","neighborhood":"Alphabet Streets","status":"construction","statusLabel":"Under Construction","permitType":"Bldg-New","submittedDate":"2025-09-29","issuedDate":"2026-01-21","startDate":"2026-03-26","completedDate":null,"estCompletionDate":"2027-07-24"}},{"type":"Feature","geometry":{"type":"Point","coordinates":[-118.524036,34.047495]},"properties":{"id":131,"address":"573 El Medio Ave","neighborhood":"Alphabet Streets","status":"construction","statusLabel":"Under Construction","permitType":"Bldg-New","submittedDate":"2025-05-11","issuedDate":"2025-09-18","startDate":"2025-12-01","completedDate":null,"estCompletionDate":"2027-01-21"}},{"type":"Feature","geometry":{"type":"Point","coordinates":[-118.523937,34.047263]},"properties":{"id":132,"address":"578 El Medio Ave","neighborhood":"Alphabet Streets","status":"submitted","statusLabel":"Permit Submitted","permitType":"Bldg-New","submittedDate":"2026-01-30","issuedDate":null,"startDate":null,"completedDate":null,"estCompletionDate":"2027-08-31"}},{"type":"Feature","geometry":{"type":"Point","coordinates":[-118.523953,34.047505]},"properties":{"id":133,"address":"581 El Medio Ave","neighborhood":"Alphabet Streets","status":"construction","statusLabel":"Under Construction","permitType":"Bldg-New","submittedDate":"2025-09-17","issuedDate":"2025-11-03","startDate":"2025-11-28","completedDate":null,"estCompletionDate":"2027-01-01"}},{"type":"Feature","geometry":{"type":"Point","coordinates":[-118.523759,34.047128]},"properties":{"id":134,"address":"586 El Medio Ave","neighborhood":"Alphabet Streets","status":"issued","statusLabel":"Permit Issued","permitType":"Bldg-New","submittedDate":"2025-09-27","issuedDate":"2025-11-24","startDate":null,"completedDate":null,"estCompletionDate":"2027-07-28"}},{"type":"Feature","geometry":{"type":"Point","coordinates":[-118.523717,34.047465]},"properties":{"id":135,"address":"589 El Medio Ave","neighborhood":"Alphabet Streets","status":"construction","statusLabel":"Under Construction","permitType":"Bldg-New","submittedDate":"2025-08-19","issuedDate":"2025-12-06","startDate":"2026-02-22","completedDate":null,"estCompletionDate":"2027-06-22"}},{"type":"Feature","geometry":{"type":"Point","coordinates":[-118.523485,34.04729]},"properties":{"id":136,"address":"594 El Medio Ave","neighborhood":"Alphabet Streets","status":"construction","statusLabel":"Under Construction","permitType":"Bldg-New","submittedDate":"2025-07-21","issuedDate":"2025-11-02","startDate":"2025-11-27","completedDate":null,"estCompletionDate":"2026-11-24"}},{"type":"Feature","geometry":{"type":"Point","coordinates":[-118.523545,34.047503]},"properties":{"id":137,"address":"597 El Medio Ave","neighborhood":"Alphabet Streets","status":"issued","statusLabel":"Permit Issued","permitType":"Bldg-New","submittedDate":"2025-10-31","issuedDate":"2026-02-28","startDate":null,"completedDate":null,"estCompletionDate":"2027-09-14"}},{"type":"Feature","geometry":{"type":"Point","coordinates":[-118.523414,34.047169]},"properties":{"id":138,"address":"602 El Medio Ave","neighborhood":"Alphabet Streets","status":"construction","statusLabel":"Under Construction","permitType":"Bldg-New","submittedDate":"2026-01-19","issuedDate":"2026-03-27","startDate":"2026-06-18","completedDate":null,"estCompletionDate":"2027-08-18"}},{"type":"Feature","geometry":{"type":"Point","coordinates":[-118.523295,34.047456]},"properties":{"id":139,"address":"605 El Medio Ave","neighborhood":"Alphabet Streets","status":"construction","statusLabel":"Under Construction","permitType":"Bldg-New","submittedDate":"2025-06-16","issuedDate":"2025-09-07","startDate":"2025-10-23","completedDate":null,"estCompletionDate":"2026-12-17"}},{"type":"Feature","geometry":{"type":"Point","coordinates":[-118.523261,34.047314]},"properties":{"id":140,"address":"610 El Medio Ave","neighborhood":"Alphabet Streets","status":"construction","statusLabel":"Under Construction","permitType":"Bldg-New","submittedDate":"2025-12-29","issuedDate":"2026-04-03","startDate":"2026-05-18","completedDate":null,"estCompletionDate":"2027-07-15"}},{"type":"Feature","geometry":{"type":"Point","coordinates":[-118.522843,34.047115]},"properties":{"id":141,"address":"1701 Fiske St","neighborhood":"Alphabet Streets","status":"construction","statusLabel":"Under Construction","permitType":"Bldg-New","submittedDate":"2025-08-24","issuedDate":"2025-12-20","startDate":"2026-01-26","completedDate":null,"estCompletionDate":"2027-04-09"}},{"type":"Feature","geometry":{"type":"Point","coordinates":[-118.522704,34.046927]},"properties":{"id":142,"address":"1706 Fiske St","neighborhood":"Alphabet Streets","status":"completed","statusLabel":"Completed (C of O)","permitType":"Bldg-New","submittedDate":"2025-02-06","issuedDate":"2025-03-25","startDate":"2025-04-13","completedDate":"2026-03-24","estCompletionDate":"2026-03-24"}},{"type":"Feature","geometry":{"type":"Point","coordinates":[-118.522691,34.047326]},"properties":{"id":143,"address":"1709 Fiske St","neighborhood":"Alphabet Streets","status":"submitted","statusLabel":"Permit Submitted","permitType":"Bldg-New","submittedDate":"2026-01-13","issuedDate":null,"startDate":null,"completedDate":null,"estCompletionDate":"2028-01-11"}},{"type":"Feature","geometry":{"type":"Point","coordinates":[-118.522408,34.047122]},"properties":{"id":144,"address":"1714 Fiske St","neighborhood":"Alphabet Streets","status":"construction","statusLabel":"Under Construction","permitType":"Bldg-New","submittedDate":"2025-08-24","issuedDate":"2025-11-10","startDate":"2026-01-20","completedDate":null,"estCompletionDate":"2027-03-03"}},{"type":"Feature","geometry":{"type":"Point","coordinates":[-118.522542,34.047292]},"properties":{"id":145,"address":"1717 Fiske St","neighborhood":"Alphabet Streets","status":"construction","statusLabel":"Under Construction","permitType":"Bldg-New","submittedDate":"2025-05-05","issuedDate":"2025-06-22","startDate":"2025-08-12","completedDate":null,"estCompletionDate":"2026-09-16"}},{"type":"Feature","geometry":{"type":"Point","coordinates":[-118.522271,34.04693]},"properties":{"id":146,"address":"1722 Fiske St","neighborhood":"Alphabet Streets","status":"construction","statusLabel":"Under Construction","permitType":"Bldg-New","submittedDate":"2025-09-12","issuedDate":"2026-01-16","startDate":"2026-03-24","completedDate":null,"estCompletionDate":"2027-03-18"}},{"type":"Feature","geometry":{"type":"Point","coordinates":[-118.522404,34.047203]},"properties":{"id":147,"address":"1725 Fiske St","neighborhood":"Alphabet Streets","status":"issued","statusLabel":"Permit Issued","permitType":"Bldg-New","submittedDate":"2025-08-11","issuedDate":"2025-10-20","startDate":null,"completedDate":null,"estCompletionDate":"2027-06-10"}},{"type":"Feature","geometry":{"type":"Point","coordinates":[-118.522283,34.047081]},"properties":{"id":148,"address":"1730 Fiske St","neighborhood":"Alphabet Streets","status":"completed","statusLabel":"Completed (C of O)","permitType":"Bldg-New","submittedDate":"2025-03-27","issuedDate":"2025-05-13","startDate":"2025-06-05","completedDate":"2026-05-08","estCompletionDate":"2026-05-08"}},{"type":"Feature","geometry":{"type":"Point","coordinates":[-118.522143,34.04717]},"properties":{"id":149,"address":"1733 Fiske St","neighborhood":"Alphabet Streets","status":"issued","statusLabel":"Permit Issued","permitType":"Bldg-New","submittedDate":"2025-11-12","issuedDate":"2026-01-31","startDate":null,"completedDate":null,"estCompletionDate":"2027-08-30"}},{"type":"Feature","geometry":{"type":"Point","coordinates":[-118.522104,34.047016]},"properties":{"id":150,"address":"1738 Fiske St","neighborhood":"Alphabet Streets","status":"construction","statusLabel":"Under Construction","permitType":"Bldg-New","submittedDate":"2026-01-18","issuedDate":"2026-05-09","startDate":"2026-05-25","completedDate":null,"estCompletionDate":"2027-06-05"}},{"type":"Feature","geometry":{"type":"Point","coordinates":[-118.522171,34.04727]},"properties":{"id":151,"address":"1741 Fiske St","neighborhood":"Alphabet Streets","status":"submitted","statusLabel":"Permit Submitted","permitType":"Bldg-New","submittedDate":"2025-12-23","issuedDate":null,"startDate":null,"completedDate":null,"estCompletionDate":"2027-07-14"}},{"type":"Feature","geometry":{"type":"Point","coordinates":[-118.521989,34.047256]},"properties":{"id":152,"address":"1746 Fiske St","neighborhood":"Alphabet Streets","status":"construction","statusLabel":"Under Construction","permitType":"Bldg-New","submittedDate":"2025-06-12","issuedDate":"2025-09-17","startDate":"2025-12-11","completedDate":null,"estCompletionDate":"2026-12-11"}},{"type":"Feature","geometry":{"type":"Point","coordinates":[-118.522003,34.047447]},"properties":{"id":153,"address":"1749 Fiske St","neighborhood":"Alphabet Streets","status":"submitted","statusLabel":"Permit Submitted","permitType":"Bldg-New","submittedDate":"2025-10-28","issuedDate":null,"startDate":null,"completedDate":null,"estCompletionDate":"2027-08-31"}},{"type":"Feature","geometry":{"type":"Point","coordinates":[-118.521786,34.047065]},"properties":{"id":154,"address":"1754 Fiske St","neighborhood":"Alphabet Streets","status":"construction","statusLabel":"Under Construction","permitType":"Bldg-New","submittedDate":"2025-05-26","issuedDate":"2025-08-17","startDate":"2025-09-02","completedDate":null,"estCompletionDate":"2026-09-25"}},{"type":"Feature","geometry":{"type":"Point","coordinates":[-118.521867,34.047365]},"properties":{"id":155,"address":"1757 Fiske St","neighborhood":"Alphabet Streets","status":"construction","statusLabel":"Under Construction","permitType":"Bldg-New","submittedDate":"2025-04-25","issuedDate":"2025-06-10","startDate":"2025-08-31","completedDate":null,"estCompletionDate":"2026-09-07"}},{"type":"Feature","geometry":{"type":"Point","coordinates":[-118.521731,34.047274]},"properties":{"id":156,"address":"1762 Fiske St","neighborhood":"Alphabet Streets","status":"construction","statusLabel":"Under Construction","permitType":"Bldg-New","submittedDate":"2025-03-27","issuedDate":"2025-05-15","startDate":"2025-08-03","completedDate":null,"estCompletionDate":"2026-09-28"}},{"type":"Feature","geometry":{"type":"Point","coordinates":[-118.521726,34.047403]},"properties":{"id":157,"address":"1765 Fiske St","neighborhood":"Alphabet Streets","status":"submitted","statusLabel":"Permit Submitted","permitType":"Bldg-New","submittedDate":"2025-09-12","issuedDate":null,"startDate":null,"completedDate":null,"estCompletionDate":"2027-03-28"}},{"type":"Feature","geometry":{"type":"Point","coordinates":[-118.521422,34.047171]},"properties":{"id":158,"address":"1770 Fiske St","neighborhood":"Alphabet Streets","status":"construction","statusLabel":"Under Construction","permitType":"Bldg-New","submittedDate":"2025-03-29","issuedDate":"2025-05-21","startDate":"2025-06-21","completedDate":null,"estCompletionDate":"2026-09-08"}},{"type":"Feature","geometry":{"type":"Point","coordinates":[-118.52164,34.047594]},"properties":{"id":159,"address":"1773 Fiske St","neighborhood":"Alphabet Streets","status":"submitted","statusLabel":"Permit Submitted","permitType":"Bldg-New","submittedDate":"2025-09-22","issuedDate":null,"startDate":null,"completedDate":null,"estCompletionDate":"2027-08-13"}},{"type":"Feature","geometry":{"type":"Point","coordinates":[-118.52135,34.047418]},"properties":{"id":160,"address":"1778 Fiske St","neighborhood":"Alphabet Streets","status":"issued","statusLabel":"Permit Issued","permitType":"Bldg-New","submittedDate":"2026-03-29","issuedDate":"2026-05-25","startDate":null,"completedDate":null,"estCompletionDate":"2027-12-25"}},{"type":"Feature","geometry":{"type":"Point","coordinates":[-118.521482,34.047639]},"properties":{"id":161,"address":"1781 Fiske St","neighborhood":"Alphabet Streets","status":"construction","statusLabel":"Under Construction","permitType":"Bldg-New","submittedDate":"2025-03-12","issuedDate":"2025-07-03","startDate":"2025-07-24","completedDate":null,"estCompletionDate":"2026-12-03"}},{"type":"Feature","geometry":{"type":"Point","coordinates":[-118.521271,34.047417]},"properties":{"id":162,"address":"1786 Fiske St","neighborhood":"Alphabet Streets","status":"construction","statusLabel":"Under Construction","permitType":"Bldg-New","submittedDate":"2025-08-26","issuedDate":"2025-11-14","startDate":"2026-01-23","completedDate":null,"estCompletionDate":"2027-03-27"}},{"type":"Feature","geometry":{"type":"Point","coordinates":[-118.521179,34.047542]},"properties":{"id":163,"address":"1789 Fiske St","neighborhood":"Alphabet Streets","status":"construction","statusLabel":"Under Construction","permitType":"Bldg-New","submittedDate":"2025-10-11","issuedDate":"2026-01-30","startDate":"2026-04-08","completedDate":null,"estCompletionDate":"2027-04-22"}},{"type":"Feature","geometry":{"type":"Point","coordinates":[-118.52124,34.047311]},"properties":{"id":164,"address":"1794 Fiske St","neighborhood":"Alphabet Streets","status":"issued","statusLabel":"Permit Issued","permitType":"Bldg-New","submittedDate":"2026-03-09","issuedDate":"2026-04-29","startDate":null,"completedDate":null,"estCompletionDate":"2027-09-20"}},{"type":"Feature","geometry":{"type":"Point","coordinates":[-118.521151,34.047669]},"properties":{"id":165,"address":"1797 Fiske St","neighborhood":"Alphabet Streets","status":"construction","statusLabel":"Under Construction","permitType":"Bldg-New","submittedDate":"2025-06-04","issuedDate":"2025-10-08","startDate":"2026-01-01","completedDate":null,"estCompletionDate":"2027-01-09"}},{"type":"Feature","geometry":{"type":"Point","coordinates":[-118.520905,34.047411]},"properties":{"id":166,"address":"1802 Fiske St","neighborhood":"Alphabet Streets","status":"submitted","statusLabel":"Permit Submitted","permitType":"Bldg-New","submittedDate":"2026-05-29","issuedDate":null,"startDate":null,"completedDate":null,"estCompletionDate":"2028-04-03"}},{"type":"Feature","geometry":{"type":"Point","coordinates":[-118.521121,34.047769]},"properties":{"id":167,"address":"1805 Fiske St","neighborhood":"Alphabet Streets","status":"construction","statusLabel":"Under Construction","permitType":"Bldg-New","submittedDate":"2025-07-18","issuedDate":"2025-11-10","startDate":"2025-12-08","completedDate":null,"estCompletionDate":"2027-03-31"}},{"type":"Feature","geometry":{"type":"Point","coordinates":[-118.520972,34.047514]},"properties":{"id":168,"address":"1810 Fiske St","neighborhood":"Alphabet Streets","status":"issued","statusLabel":"Permit Issued","permitType":"Bldg-New","submittedDate":"2025-07-15","issuedDate":"2025-11-30","startDate":null,"completedDate":null,"estCompletionDate":"2027-02-08"}},{"type":"Feature","geometry":{"type":"Point","coordinates":[-118.527842,34.048852]},"properties":{"id":169,"address":"401 Galloway St","neighborhood":"Alphabet Streets","status":"construction","statusLabel":"Under Construction","permitType":"Bldg-New","submittedDate":"2025-08-05","issuedDate":"2025-12-04","startDate":"2026-01-04","completedDate":null,"estCompletionDate":"2026-12-11"}},{"type":"Feature","geometry":{"type":"Point","coordinates":[-118.527571,34.048749]},"properties":{"id":170,"address":"406 Galloway St","neighborhood":"Alphabet Streets","status":"construction","statusLabel":"Under Construction","permitType":"Bldg-New","submittedDate":"2025-03-30","issuedDate":"2025-07-02","startDate":"2025-08-01","completedDate":null,"estCompletionDate":"2026-07-23"}},{"type":"Feature","geometry":{"type":"Point","coordinates":[-118.527603,34.04889]},"properties":{"id":171,"address":"409 Galloway St","neighborhood":"Alphabet Streets","status":"issued","statusLabel":"Permit Issued","permitType":"Bldg-New","submittedDate":"2026-03-31","issuedDate":"2026-07-06","startDate":null,"completedDate":null,"estCompletionDate":"2028-02-19"}},{"type":"Feature","geometry":{"type":"Point","coordinates":[-118.527345,34.048607]},"properties":{"id":172,"address":"414 Galloway St","neighborhood":"Alphabet Streets","status":"submitted","statusLabel":"Permit Submitted","permitType":"Bldg-New","submittedDate":"2025-10-02","issuedDate":null,"startDate":null,"completedDate":null,"estCompletionDate":"2027-08-12"}},{"type":"Feature","geometry":{"type":"Point","coordinates":[-118.52746,34.04879]},"properties":{"id":173,"address":"417 Galloway St","neighborhood":"Alphabet Streets","status":"issued","statusLabel":"Permit Issued","permitType":"Bldg-New","submittedDate":"2026-01-15","issuedDate":"2026-04-08","startDate":null,"completedDate":null,"estCompletionDate":"2027-12-01"}},{"type":"Feature","geometry":{"type":"Point","coordinates":[-118.527312,34.048593]},"properties":{"id":174,"address":"422 Galloway St","neighborhood":"Alphabet Streets","status":"issued","statusLabel":"Permit Issued","permitType":"Bldg-New","submittedDate":"2026-04-19","issuedDate":"2026-07-16","startDate":null,"completedDate":null,"estCompletionDate":"2028-03-23"}},{"type":"Feature","geometry":{"type":"Point","coordinates":[-118.527165,34.048789]},"properties":{"id":175,"address":"425 Galloway St","neighborhood":"Alphabet Streets","status":"submitted","statusLabel":"Permit Submitted","permitType":"Bldg-New","submittedDate":"2026-04-26","issuedDate":null,"startDate":null,"completedDate":null,"estCompletionDate":"2027-11-18"}},{"type":"Feature","geometry":{"type":"Point","coordinates":[-118.52704,34.048704]},"properties":{"id":176,"address":"430 Galloway St","neighborhood":"Alphabet Streets","status":"submitted","statusLabel":"Permit Submitted","permitType":"Bldg-New","submittedDate":"2025-12-28","issuedDate":null,"startDate":null,"completedDate":null,"estCompletionDate":"2027-07-27"}},{"type":"Feature","geometry":{"type":"Point","coordinates":[-118.527082,34.048964]},"properties":{"id":177,"address":"433 Galloway St","neighborhood":"Alphabet Streets","status":"construction","statusLabel":"Under Construction","permitType":"Bldg-New","submittedDate":"2025-07-13","issuedDate":"2025-09-01","startDate":"2025-10-01","completedDate":null,"estCompletionDate":"2027-01-30"}},{"type":"Feature","geometry":{"type":"Point","coordinates":[-118.526961,34.048867]},"properties":{"id":178,"address":"438 Galloway St","neighborhood":"Alphabet Streets","status":"submitted","statusLabel":"Permit Submitted","permitType":"Bldg-New","submittedDate":"2026-05-01","issuedDate":null,"startDate":null,"completedDate":null,"estCompletionDate":"2028-02-01"}},{"type":"Feature","geometry":{"type":"Point","coordinates":[-118.52688,34.048852]},"properties":{"id":179,"address":"441 Galloway St","neighborhood":"Alphabet Streets","status":"construction","statusLabel":"Under Construction","permitType":"Bldg-New","submittedDate":"2025-05-29","issuedDate":"2025-08-17","startDate":"2025-10-16","completedDate":null,"estCompletionDate":"2026-10-20"}},{"type":"Feature","geometry":{"type":"Point","coordinates":[-118.526707,34.048648]},"properties":{"id":180,"address":"446 Galloway St","neighborhood":"Alphabet Streets","status":"construction","statusLabel":"Under Construction","permitType":"Bldg-New","submittedDate":"2025-11-16","issuedDate":"2026-01-05","startDate":"2026-03-19","completedDate":null,"estCompletionDate":"2027-07-14"}},{"type":"Feature","geometry":{"type":"Point","coordinates":[-118.526678,34.048964]},"properties":{"id":181,"address":"449 Galloway St","neighborhood":"Alphabet Streets","status":"issued","statusLabel":"Permit Issued","permitType":"Bldg-New","submittedDate":"2026-01-12","issuedDate":"2026-03-26","startDate":null,"completedDate":null,"estCompletionDate":"2027-06-29"}},{"type":"Feature","geometry":{"type":"Point","coordinates":[-118.526516,34.04869]},"properties":{"id":182,"address":"454 Galloway St","neighborhood":"Alphabet Streets","status":"submitted","statusLabel":"Permit Submitted","permitType":"Bldg-New","submittedDate":"2025-11-20","issuedDate":null,"startDate":null,"completedDate":null,"estCompletionDate":"2027-08-24"}},{"type":"Feature","geometry":{"type":"Point","coordinates":[-118.52658,34.049126]},"properties":{"id":183,"address":"457 Galloway St","neighborhood":"Alphabet Streets","status":"construction","statusLabel":"Under Construction","permitType":"Bldg-New","submittedDate":"2025-07-14","issuedDate":"2025-11-07","startDate":"2025-12-11","completedDate":null,"estCompletionDate":"2026-12-29"}},{"type":"Feature","geometry":{"type":"Point","coordinates":[-118.52628,34.04892]},"properties":{"id":184,"address":"462 Galloway St","neighborhood":"Alphabet Streets","status":"construction","statusLabel":"Under Construction","permitType":"Bldg-New","submittedDate":"2025-07-17","issuedDate":"2025-11-16","startDate":"2026-01-26","completedDate":null,"estCompletionDate":"2027-04-18"}},{"type":"Feature","geometry":{"type":"Point","coordinates":[-118.526338,34.048919]},"properties":{"id":185,"address":"465 Galloway St","neighborhood":"Alphabet Streets","status":"submitted","statusLabel":"Permit Submitted","permitType":"Bldg-New","submittedDate":"2026-03-30","issuedDate":null,"startDate":null,"completedDate":null,"estCompletionDate":"2028-03-31"}},{"type":"Feature","geometry":{"type":"Point","coordinates":[-118.526178,34.048837]},"properties":{"id":186,"address":"470 Galloway St","neighborhood":"Alphabet Streets","status":"submitted","statusLabel":"Permit Submitted","permitType":"Bldg-New","submittedDate":"2026-06-16","issuedDate":null,"startDate":null,"completedDate":null,"estCompletionDate":"2028-04-15"}},{"type":"Feature","geometry":{"type":"Point","coordinates":[-118.526217,34.04895]},"properties":{"id":187,"address":"473 Galloway St","neighborhood":"Alphabet Streets","status":"construction","statusLabel":"Under Construction","permitType":"Bldg-New","submittedDate":"2025-06-05","issuedDate":"2025-08-06","startDate":"2025-10-10","completedDate":null,"estCompletionDate":"2026-10-26"}},{"type":"Feature","geometry":{"type":"Point","coordinates":[-118.525958,34.048797]},"properties":{"id":188,"address":"478 Galloway St","neighborhood":"Alphabet Streets","status":"construction","statusLabel":"Under Construction","permitType":"Bldg-New","submittedDate":"2025-06-29","issuedDate":"2025-10-02","startDate":"2025-11-27","completedDate":null,"estCompletionDate":"2027-03-30"}},{"type":"Feature","geometry":{"type":"Point","coordinates":[-118.526023,34.049062]},"properties":{"id":189,"address":"481 Galloway St","neighborhood":"Alphabet Streets","status":"submitted","statusLabel":"Permit Submitted","permitType":"Bldg-New","submittedDate":"2026-01-26","issuedDate":null,"startDate":null,"completedDate":null,"estCompletionDate":"2027-09-02"}},{"type":"Feature","geometry":{"type":"Point","coordinates":[-118.525723,34.048995]},"properties":{"id":190,"address":"486 Galloway St","neighborhood":"Alphabet Streets","status":"construction","statusLabel":"Under Construction","permitType":"Bldg-New","submittedDate":"2025-03-14","issuedDate":"2025-07-15","startDate":"2025-09-23","completedDate":null,"estCompletionDate":"2026-12-04"}},{"type":"Feature","geometry":{"type":"Point","coordinates":[-118.525904,34.049091]},"properties":{"id":191,"address":"489 Galloway St","neighborhood":"Alphabet Streets","status":"construction","statusLabel":"Under Construction","permitType":"Bldg-New","submittedDate":"2025-07-12","issuedDate":"2025-10-30","startDate":"2025-11-15","completedDate":null,"estCompletionDate":"2027-01-05"}},{"type":"Feature","geometry":{"type":"Point","coordinates":[-118.525534,34.049041]},"properties":{"id":192,"address":"494 Galloway St","neighborhood":"Alphabet Streets","status":"issued","statusLabel":"Permit Issued","permitType":"Bldg-New","submittedDate":"2025-08-16","issuedDate":"2025-11-04","startDate":null,"completedDate":null,"estCompletionDate":"2027-02-09"}},{"type":"Feature","geometry":{"type":"Point","coordinates":[-118.525745,34.049212]},"properties":{"id":193,"address":"497 Galloway St","neighborhood":"Alphabet Streets","status":"submitted","statusLabel":"Permit Submitted","permitType":"Bldg-New","submittedDate":"2026-06-19","issuedDate":null,"startDate":null,"completedDate":null,"estCompletionDate":"2028-04-27"}},{"type":"Feature","geometry":{"type":"Point","coordinates":[-118.525488,34.048984]},"properties":{"id":194,"address":"502 Galloway St","neighborhood":"Alphabet Streets","status":"submitted","statusLabel":"Permit Submitted","permitType":"Bldg-New","submittedDate":"2026-04-09","issuedDate":null,"startDate":null,"completedDate":null,"estCompletionDate":"2028-05-01"}},{"type":"Feature","geometry":{"type":"Point","coordinates":[-118.525335,34.049201]},"properties":{"id":195,"address":"505 Galloway St","neighborhood":"Alphabet Streets","status":"issued","statusLabel":"Permit Issued","permitType":"Bldg-New","submittedDate":"2026-02-27","issuedDate":"2026-05-04","startDate":null,"completedDate":null,"estCompletionDate":"2027-09-30"}},{"type":"Feature","geometry":{"type":"Point","coordinates":[-118.525205,34.049107]},"properties":{"id":196,"address":"510 Galloway St","neighborhood":"Alphabet Streets","status":"construction","statusLabel":"Under Construction","permitType":"Bldg-New","submittedDate":"2025-07-19","issuedDate":"2025-11-11","startDate":"2025-12-16","completedDate":null,"estCompletionDate":"2026-11-14"}},{"type":"Feature","geometry":{"type":"Point","coordinates":[-118.525427,34.048411]},"properties":{"id":197,"address":"801 Hartzell St","neighborhood":"Alphabet Streets","status":"submitted","statusLabel":"Permit Submitted","permitType":"Bldg-New","submittedDate":"2025-10-23","issuedDate":null,"startDate":null,"completedDate":null,"estCompletionDate":"2027-11-02"}},{"type":"Feature","geometry":{"type":"Point","coordinates":[-118.525239,34.048273]},"properties":{"id":198,"address":"806 Hartzell St","neighborhood":"Alphabet Streets","status":"issued","statusLabel":"Permit Issued","permitType":"Bldg-New","submittedDate":"2026-03-06","issuedDate":"2026-07-11","startDate":null,"completedDate":null,"estCompletionDate":"2028-02-16"}},{"type":"Feature","geometry":{"type":"Point","coordinates":[-118.5253,34.048556]},"properties":{"id":199,"address":"809 Hartzell St","neighborhood":"Alphabet Streets","status":"issued","statusLabel":"Permit Issued","permitType":"Bldg-New","submittedDate":"2025-11-04","issuedDate":"2026-01-02","startDate":null,"completedDate":null,"estCompletionDate":"2027-09-12"}},{"type":"Feature","geometry":{"type":"Point","coordinates":[-118.525102,34.048367]},"properties":{"id":200,"address":"814 Hartzell St","neighborhood":"Alphabet Streets","status":"submitted","statusLabel":"Permit Submitted","permitType":"Bldg-New","submittedDate":"2026-05-19","issuedDate":null,"startDate":null,"completedDate":null,"estCompletionDate":"2028-03-25"}},{"type":"Feature","geometry":{"type":"Point","coordinates":[-118.525084,34.048656]},"properties":{"id":201,"address":"817 Hartzell St","neighborhood":"Alphabet Streets","status":"construction","statusLabel":"Under Construction","permitType":"Bldg-New","submittedDate":"2025-04-29","issuedDate":"2025-07-26","startDate":"2025-10-19","completedDate":null,"estCompletionDate":"2027-01-30"}},{"type":"Feature","geometry":{"type":"Point","coordinates":[-118.52516,34.04834]},"properties":{"id":202,"address":"822 Hartzell St","neighborhood":"Alphabet Streets","status":"construction","statusLabel":"Under Construction","permitType":"Bldg-New","submittedDate":"2025-04-28","issuedDate":"2025-06-30","startDate":"2025-08-28","completedDate":null,"estCompletionDate":"2026-12-07"}},{"type":"Feature","geometry":{"type":"Point","coordinates":[-118.525003,34.048557]},"properties":{"id":203,"address":"825 Hartzell St","neighborhood":"Alphabet Streets","status":"submitted","statusLabel":"Permit Submitted","permitType":"Bldg-New","submittedDate":"2026-06-25","issuedDate":null,"startDate":null,"completedDate":null,"estCompletionDate":"2028-05-02"}},{"type":"Feature","geometry":{"type":"Point","coordinates":[-118.524988,34.048537]},"properties":{"id":204,"address":"830 Hartzell St","neighborhood":"Alphabet Streets","status":"construction","statusLabel":"Under Construction","permitType":"Bldg-New","submittedDate":"2025-04-05","issuedDate":"2025-06-21","startDate":"2025-07-07","completedDate":null,"estCompletionDate":"2026-09-20"}},{"type":"Feature","geometry":{"type":"Point","coordinates":[-118.52493,34.048725]},"properties":{"id":205,"address":"833 Hartzell St","neighborhood":"Alphabet Streets","status":"construction","statusLabel":"Under Construction","permitType":"Bldg-New","submittedDate":"2025-08-07","issuedDate":"2025-12-08","startDate":"2025-12-24","completedDate":null,"estCompletionDate":"2027-01-24"}},{"type":"Feature","geometry":{"type":"Point","coordinates":[-118.524718,34.048504]},"properties":{"id":206,"address":"838 Hartzell St","neighborhood":"Alphabet Streets","status":"construction","statusLabel":"Under Construction","permitType":"Bldg-New","submittedDate":"2025-06-25","issuedDate":"2025-09-29","startDate":"2025-11-29","completedDate":null,"estCompletionDate":"2026-12-08"}},{"type":"Feature","geometry":{"type":"Point","coordinates":[-118.524705,34.048834]},"properties":{"id":207,"address":"841 Hartzell St","neighborhood":"Alphabet Streets","status":"submitted","statusLabel":"Permit Submitted","permitType":"Bldg-New","submittedDate":"2025-12-07","issuedDate":null,"startDate":null,"completedDate":null,"estCompletionDate":"2027-12-20"}},{"type":"Feature","geometry":{"type":"Point","coordinates":[-118.524575,34.048637]},"properties":{"id":208,"address":"846 Hartzell St","neighborhood":"Alphabet Streets","status":"submitted","statusLabel":"Permit Submitted","permitType":"Bldg-New","submittedDate":"2026-02-09","issuedDate":null,"startDate":null,"completedDate":null,"estCompletionDate":"2028-01-23"}},{"type":"Feature","geometry":{"type":"Point","coordinates":[-118.524649,34.048801]},"properties":{"id":209,"address":"849 Hartzell St","neighborhood":"Alphabet Streets","status":"construction","statusLabel":"Under Construction","permitType":"Bldg-New","submittedDate":"2025-09-26","issuedDate":"2025-12-22","startDate":"2026-03-09","completedDate":null,"estCompletionDate":"2027-03-09"}},{"type":"Feature","geometry":{"type":"Point","coordinates":[-118.524534,34.048621]},"properties":{"id":210,"address":"854 Hartzell St","neighborhood":"Alphabet Streets","status":"construction","statusLabel":"Under Construction","permitType":"Bldg-New","submittedDate":"2025-05-19","issuedDate":"2025-07-22","startDate":"2025-09-22","completedDate":null,"estCompletionDate":"2026-09-28"}},{"type":"Feature","geometry":{"type":"Point","coordinates":[-118.524557,34.048831]},"properties":{"id":211,"address":"857 Hartzell St","neighborhood":"Alphabet Streets","status":"issued","statusLabel":"Permit Issued","permitType":"Bldg-New","submittedDate":"2025-10-29","issuedDate":"2026-03-05","startDate":null,"completedDate":null,"estCompletionDate":"2027-07-25"}},{"type":"Feature","geometry":{"type":"Point","coordinates":[-118.524221,34.04865]},"properties":{"id":212,"address":"862 Hartzell St","neighborhood":"Alphabet Streets","status":"construction","statusLabel":"Under Construction","permitType":"Bldg-New","submittedDate":"2025-11-09","issuedDate":"2026-03-08","startDate":"2026-05-01","completedDate":null,"estCompletionDate":"2027-04-19"}},{"type":"Feature","geometry":{"type":"Point","coordinates":[-118.524369,34.048957]},"properties":{"id":213,"address":"865 Hartzell St","neighborhood":"Alphabet Streets","status":"completed","statusLabel":"Completed (C of O)","permitType":"Bldg-New","submittedDate":"2025-02-27","issuedDate":"2025-05-28","startDate":"2025-06-26","completedDate":"2026-06-24","estCompletionDate":"2026-06-24"}},{"type":"Feature","geometry":{"type":"Point","coordinates":[-118.524261,34.048755]},"properties":{"id":214,"address":"870 Hartzell St","neighborhood":"Alphabet Streets","status":"issued","statusLabel":"Permit Issued","permitType":"Bldg-New","submittedDate":"2026-04-06","issuedDate":"2026-07-16","startDate":null,"completedDate":null,"estCompletionDate":"2027-12-22"}},{"type":"Feature","geometry":{"type":"Point","coordinates":[-118.52432,34.049112]},"properties":{"id":215,"address":"873 Hartzell St","neighborhood":"Alphabet Streets","status":"construction","statusLabel":"Under Construction","permitType":"Bldg-New","submittedDate":"2025-07-16","issuedDate":"2025-09-09","startDate":"2025-10-14","completedDate":null,"estCompletionDate":"2026-11-17"}},{"type":"Feature","geometry":{"type":"Point","coordinates":[-118.523992,34.048792]},"properties":{"id":216,"address":"878 Hartzell St","neighborhood":"Alphabet Streets","status":"submitted","statusLabel":"Permit Submitted","permitType":"Bldg-New","submittedDate":"2026-03-31","issuedDate":null,"startDate":null,"completedDate":null,"estCompletionDate":"2028-03-06"}},{"type":"Feature","geometry":{"type":"Point","coordinates":[-118.524071,34.048933]},"properties":{"id":217,"address":"881 Hartzell St","neighborhood":"Alphabet Streets","status":"issued","statusLabel":"Permit Issued","permitType":"Bldg-New","submittedDate":"2026-03-01","issuedDate":"2026-06-16","startDate":null,"completedDate":null,"estCompletionDate":"2027-10-27"}},{"type":"Feature","geometry":{"type":"Point","coordinates":[-118.523866,34.048914]},"properties":{"id":218,"address":"886 Hartzell St","neighborhood":"Alphabet Streets","status":"construction","statusLabel":"Under Construction","permitType":"Bldg-New","submittedDate":"2025-08-17","issuedDate":"2025-11-05","startDate":"2025-11-30","completedDate":null,"estCompletionDate":"2026-12-30"}},{"type":"Feature","geometry":{"type":"Point","coordinates":[-118.523861,34.049063]},"properties":{"id":219,"address":"889 Hartzell St","neighborhood":"Alphabet Streets","status":"construction","statusLabel":"Under Construction","permitType":"Bldg-New","submittedDate":"2025-09-15","issuedDate":"2026-01-16","startDate":"2026-03-06","completedDate":null,"estCompletionDate":"2027-03-05"}},{"type":"Feature","geometry":{"type":"Point","coordinates":[-118.523859,34.049026]},"properties":{"id":220,"address":"894 Hartzell St","neighborhood":"Alphabet Streets","status":"issued","statusLabel":"Permit Issued","permitType":"Bldg-New","submittedDate":"2025-08-10","issuedDate":"2025-12-10","startDate":null,"completedDate":null,"estCompletionDate":"2027-05-14"}},{"type":"Feature","geometry":{"type":"Point","coordinates":[-118.523876,34.049115]},"properties":{"id":221,"address":"897 Hartzell St","neighborhood":"Alphabet Streets","status":"issued","statusLabel":"Permit Issued","permitType":"Bldg-New","submittedDate":"2025-08-30","issuedDate":"2025-11-30","startDate":null,"completedDate":null,"estCompletionDate":"2027-04-01"}},{"type":"Feature","geometry":{"type":"Point","coordinates":[-118.52376,34.048938]},"properties":{"id":222,"address":"902 Hartzell St","neighborhood":"Alphabet Streets","status":"submitted","statusLabel":"Permit Submitted","permitType":"Bldg-New","submittedDate":"2026-05-11","issuedDate":null,"startDate":null,"completedDate":null,"estCompletionDate":"2028-04-21"}},{"type":"Feature","geometry":{"type":"Point","coordinates":[-118.523554,34.049109]},"properties":{"id":223,"address":"905 Hartzell St","neighborhood":"Alphabet Streets","status":"submitted","statusLabel":"Permit Submitted","permitType":"Bldg-New","submittedDate":"2025-09-29","issuedDate":null,"startDate":null,"completedDate":null,"estCompletionDate":"2027-06-30"}},{"type":"Feature","geometry":{"type":"Point","coordinates":[-118.523588,34.048952]},"properties":{"id":224,"address":"910 Hartzell St","neighborhood":"Alphabet Streets","status":"construction","statusLabel":"Under Construction","permitType":"Bldg-New","submittedDate":"2025-09-30","issuedDate":"2025-12-13","startDate":"2026-01-07","completedDate":null,"estCompletionDate":"2027-03-29"}},{"type":"Feature","geometry":{"type":"Point","coordinates":[-118.522152,34.048513]},"properties":{"id":225,"address":"1701 Iliff St","neighborhood":"Alphabet Streets","status":"issued","statusLabel":"Permit Issued","permitType":"Bldg-New","submittedDate":"2025-10-13","issuedDate":"2026-01-10","startDate":null,"completedDate":null,"estCompletionDate":"2027-08-01"}},{"type":"Feature","geometry":{"type":"Point","coordinates":[-118.521968,34.04838]},"properties":{"id":226,"address":"1706 Iliff St","neighborhood":"Alphabet Streets","status":"submitted","statusLabel":"Permit Submitted","permitType":"Bldg-New","submittedDate":"2026-07-11","issuedDate":null,"startDate":null,"completedDate":null,"estCompletionDate":"2028-07-21"}},{"type":"Feature","geometry":{"type":"Point","coordinates":[-118.522086,34.048666]},"properties":{"id":227,"address":"1709 Iliff St","neighborhood":"Alphabet Streets","status":"submitted","statusLabel":"Permit Submitted","permitType":"Bldg-New","submittedDate":"2026-05-27","issuedDate":null,"startDate":null,"completedDate":null,"estCompletionDate":"2028-03-20"}},{"type":"Feature","geometry":{"type":"Point","coordinates":[-118.521929,34.048447]},"properties":{"id":228,"address":"1714 Iliff St","neighborhood":"Alphabet Streets","status":"construction","statusLabel":"Under Construction","permitType":"Bldg-New","submittedDate":"2025-09-28","issuedDate":"2026-01-12","startDate":"2026-02-09","completedDate":null,"estCompletionDate":"2027-06-17"}},{"type":"Feature","geometry":{"type":"Point","coordinates":[-118.521928,34.048752]},"properties":{"id":229,"address":"1717 Iliff St","neighborhood":"Alphabet Streets","status":"construction","statusLabel":"Under Construction","permitType":"Bldg-New","submittedDate":"2025-08-27","issuedDate":"2025-11-13","startDate":"2025-12-21","completedDate":null,"estCompletionDate":"2027-03-20"}},{"type":"Feature","geometry":{"type":"Point","coordinates":[-118.52172,34.04842]},"properties":{"id":230,"address":"1722 Iliff St","neighborhood":"Alphabet Streets","status":"construction","statusLabel":"Under Construction","permitType":"Bldg-New","submittedDate":"2025-08-08","issuedDate":"2025-10-29","startDate":"2025-11-23","completedDate":null,"estCompletionDate":"2027-01-28"}},{"type":"Feature","geometry":{"type":"Point","coordinates":[-118.521508,34.048606]},"properties":{"id":231,"address":"1725 Iliff St","neighborhood":"Alphabet Streets","status":"construction","statusLabel":"Under Construction","permitType":"Bldg-New","submittedDate":"2025-03-26","issuedDate":"2025-07-03","startDate":"2025-07-20","completedDate":null,"estCompletionDate":"2026-07-02"}},{"type":"Feature","geometry":{"type":"Point","coordinates":[-118.521295,34.048625]},"properties":{"id":232,"address":"1730 Iliff St","neighborhood":"Alphabet Streets","status":"submitted","statusLabel":"Permit Submitted","permitType":"Bldg-New","submittedDate":"2025-09-27","issuedDate":null,"startDate":null,"completedDate":null,"estCompletionDate":"2027-08-11"}},{"type":"Feature","geometry":{"type":"Point","coordinates":[-118.521291,34.048616]},"properties":{"id":233,"address":"1733 Iliff St","neighborhood":"Alphabet Streets","status":"submitted","statusLabel":"Permit Submitted","permitType":"Bldg-New","submittedDate":"2026-03-23","issuedDate":null,"startDate":null,"completedDate":null,"estCompletionDate":"2028-03-16"}},{"type":"Feature","geometry":{"type":"Point","coordinates":[-118.521111,34.048713]},"properties":{"id":234,"address":"1738 Iliff St","neighborhood":"Alphabet Streets","status":"construction","statusLabel":"Under Construction","permitType":"Bldg-New","submittedDate":"2025-08-27","issuedDate":"2025-10-30","startDate":"2025-11-22","completedDate":null,"estCompletionDate":"2026-12-08"}},{"type":"Feature","geometry":{"type":"Point","coordinates":[-118.521089,34.048832]},"properties":{"id":235,"address":"1741 Iliff St","neighborhood":"Alphabet Streets","status":"completed","statusLabel":"Completed (C of O)","permitType":"Bldg-New","submittedDate":"2025-02-28","issuedDate":"2025-04-23","startDate":"2025-06-06","completedDate":"2026-04-29","estCompletionDate":"2026-04-29"}},{"type":"Feature","geometry":{"type":"Point","coordinates":[-118.520947,34.048474]},"properties":{"id":236,"address":"1746 Iliff St","neighborhood":"Alphabet Streets","status":"issued","statusLabel":"Permit Issued","permitType":"Bldg-New","submittedDate":"2025-10-08","issuedDate":"2025-12-20","startDate":null,"completedDate":null,"estCompletionDate":"2027-03-23"}},{"type":"Feature","geometry":{"type":"Point","coordinates":[-118.520985,34.048779]},"properties":{"id":237,"address":"1749 Iliff St","neighborhood":"Alphabet Streets","status":"issued","statusLabel":"Permit Issued","permitType":"Bldg-New","submittedDate":"2025-12-14","issuedDate":"2026-04-03","startDate":null,"completedDate":null,"estCompletionDate":"2027-06-19"}},{"type":"Feature","geometry":{"type":"Point","coordinates":[-118.52062,34.048664]},"properties":{"id":238,"address":"1754 Iliff St","neighborhood":"Alphabet Streets","status":"submitted","statusLabel":"Permit Submitted","permitType":"Bldg-New","submittedDate":"2026-01-15","issuedDate":null,"startDate":null,"completedDate":null,"estCompletionDate":"2027-11-21"}},{"type":"Feature","geometry":{"type":"Point","coordinates":[-118.520663,34.048862]},"properties":{"id":239,"address":"1757 Iliff St","neighborhood":"Alphabet Streets","status":"submitted","statusLabel":"Permit Submitted","permitType":"Bldg-New","submittedDate":"2026-03-18","issuedDate":null,"startDate":null,"completedDate":null,"estCompletionDate":"2027-11-06"}},{"type":"Feature","geometry":{"type":"Point","coordinates":[-118.5205,34.048696]},"properties":{"id":240,"address":"1762 Iliff St","neighborhood":"Alphabet Streets","status":"submitted","statusLabel":"Permit Submitted","permitType":"Bldg-New","submittedDate":"2025-12-21","issuedDate":null,"startDate":null,"completedDate":null,"estCompletionDate":"2027-12-11"}},{"type":"Feature","geometry":{"type":"Point","coordinates":[-118.5205,34.048955]},"properties":{"id":241,"address":"1765 Iliff St","neighborhood":"Alphabet Streets","status":"construction","statusLabel":"Under Construction","permitType":"Bldg-New","submittedDate":"2025-12-12","issuedDate":"2026-04-12","startDate":"2026-05-08","completedDate":null,"estCompletionDate":"2027-08-18"}},{"type":"Feature","geometry":{"type":"Point","coordinates":[-118.5205,34.048683]},"properties":{"id":242,"address":"1770 Iliff St","neighborhood":"Alphabet Streets","status":"construction","statusLabel":"Under Construction","permitType":"Bldg-New","submittedDate":"2025-05-15","issuedDate":"2025-09-22","startDate":"2025-11-08","completedDate":null,"estCompletionDate":"2027-03-10"}},{"type":"Feature","geometry":{"type":"Point","coordinates":[-118.5205,34.048882]},"properties":{"id":243,"address":"1773 Iliff St","neighborhood":"Alphabet Streets","status":"construction","statusLabel":"Under Construction","permitType":"Bldg-New","submittedDate":"2026-01-07","issuedDate":"2026-03-02","startDate":"2026-03-29","completedDate":null,"estCompletionDate":"2027-08-06"}},{"type":"Feature","geometry":{"type":"Point","coordinates":[-118.5205,34.048783]},"properties":{"id":244,"address":"1778 Iliff St","neighborhood":"Alphabet Streets","status":"issued","statusLabel":"Permit Issued","permitType":"Bldg-New","submittedDate":"2026-04-08","issuedDate":"2026-07-16","startDate":null,"completedDate":null,"estCompletionDate":"2028-02-01"}},{"type":"Feature","geometry":{"type":"Point","coordinates":[-118.5205,34.048892]},"properties":{"id":245,"address":"1781 Iliff St","neighborhood":"Alphabet Streets","status":"construction","statusLabel":"Under Construction","permitType":"Bldg-New","submittedDate":"2025-10-10","issuedDate":"2026-02-05","startDate":"2026-03-25","completedDate":null,"estCompletionDate":"2027-03-27"}},{"type":"Feature","geometry":{"type":"Point","coordinates":[-118.5205,34.04883]},"properties":{"id":246,"address":"1786 Iliff St","neighborhood":"Alphabet Streets","status":"submitted","statusLabel":"Permit Submitted","permitType":"Bldg-New","submittedDate":"2026-04-14","issuedDate":null,"startDate":null,"completedDate":null,"estCompletionDate":"2028-03-03"}},{"type":"Feature","geometry":{"type":"Point","coordinates":[-118.5205,34.048986]},"properties":{"id":247,"address":"1789 Iliff St","neighborhood":"Alphabet Streets","status":"construction","statusLabel":"Under Construction","permitType":"Bldg-New","submittedDate":"2025-04-30","issuedDate":"2025-08-11","startDate":"2025-09-09","completedDate":null,"estCompletionDate":"2026-11-08"}},{"type":"Feature","geometry":{"type":"Point","coordinates":[-118.5205,34.048904]},"properties":{"id":248,"address":"1794 Iliff St","neighborhood":"Alphabet Streets","status":"submitted","statusLabel":"Permit Submitted","permitType":"Bldg-New","submittedDate":"2026-04-22","issuedDate":null,"startDate":null,"completedDate":null,"estCompletionDate":"2028-02-29"}},{"type":"Feature","geometry":{"type":"Point","coordinates":[-118.5205,34.049058]},"properties":{"id":249,"address":"1797 Iliff St","neighborhood":"Alphabet Streets","status":"construction","statusLabel":"Under Construction","permitType":"Bldg-New","submittedDate":"2025-09-05","issuedDate":"2025-10-20","startDate":"2025-11-16","completedDate":null,"estCompletionDate":"2027-01-14"}},{"type":"Feature","geometry":{"type":"Point","coordinates":[-118.5205,34.048982]},"properties":{"id":250,"address":"1802 Iliff St","neighborhood":"Alphabet Streets","status":"submitted","statusLabel":"Permit Submitted","permitType":"Bldg-New","submittedDate":"2026-02-17","issuedDate":null,"startDate":null,"completedDate":null,"estCompletionDate":"2028-02-06"}},{"type":"Feature","geometry":{"type":"Point","coordinates":[-118.5205,34.049167]},"properties":{"id":251,"address":"1805 Iliff St","neighborhood":"Alphabet Streets","status":"construction","statusLabel":"Under Construction","permitType":"Bldg-New","submittedDate":"2025-05-11","issuedDate":"2025-08-31","startDate":"2025-11-09","completedDate":null,"estCompletionDate":"2027-01-12"}},{"type":"Feature","geometry":{"type":"Point","coordinates":[-118.5205,34.049026]},"properties":{"id":252,"address":"1810 Iliff St","neighborhood":"Alphabet Streets","status":"construction","statusLabel":"Under Construction","permitType":"Bldg-New","submittedDate":"2025-10-18","issuedDate":"2025-12-11","startDate":"2025-12-27","completedDate":null,"estCompletionDate":"2027-03-29"}},{"type":"Feature","geometry":{"type":"Point","coordinates":[-118.527846,34.049892]},"properties":{"id":253,"address":"1601 Lombard Ave","neighborhood":"Alphabet Streets","status":"submitted","statusLabel":"Permit Submitted","permitType":"Bldg-New","submittedDate":"2025-12-11","issuedDate":null,"startDate":null,"completedDate":null,"estCompletionDate":"2027-08-21"}},{"type":"Feature","geometry":{"type":"Point","coordinates":[-118.527722,34.049893]},"properties":{"id":254,"address":"1606 Lombard Ave","neighborhood":"Alphabet Streets","status":"construction","statusLabel":"Under Construction","permitType":"Bldg-New","submittedDate":"2025-10-24","issuedDate":"2026-02-03","startDate":"2026-04-03","completedDate":null,"estCompletionDate":"2027-06-09"}},{"type":"Feature","geometry":{"type":"Point","coordinates":[-118.52769,34.050054]},"properties":{"id":255,"address":"1609 Lombard Ave","neighborhood":"Alphabet Streets","status":"submitted","statusLabel":"Permit Submitted","permitType":"Bldg-New","submittedDate":"2025-09-24","issuedDate":null,"startDate":null,"completedDate":null,"estCompletionDate":"2027-06-26"}},{"type":"Feature","geometry":{"type":"Point","coordinates":[-118.527603,34.049741]},"properties":{"id":256,"address":"1614 Lombard Ave","neighborhood":"Alphabet Streets","status":"construction","statusLabel":"Under Construction","permitType":"Bldg-New","submittedDate":"2026-01-03","issuedDate":"2026-05-03","startDate":"2026-07-03","completedDate":null,"estCompletionDate":"2027-07-16"}},{"type":"Feature","geometry":{"type":"Point","coordinates":[-118.527577,34.050017]},"properties":{"id":257,"address":"1617 Lombard Ave","neighborhood":"Alphabet Streets","status":"submitted","statusLabel":"Permit Submitted","permitType":"Bldg-New","submittedDate":"2025-12-07","issuedDate":null,"startDate":null,"completedDate":null,"estCompletionDate":"2027-07-22"}},{"type":"Feature","geometry":{"type":"Point","coordinates":[-118.527495,34.049971]},"properties":{"id":258,"address":"1622 Lombard Ave","neighborhood":"Alphabet Streets","status":"construction","statusLabel":"Under Construction","permitType":"Bldg-New","submittedDate":"2025-10-04","issuedDate":"2025-12-13","startDate":"2026-01-05","completedDate":null,"estCompletionDate":"2027-02-10"}},{"type":"Feature","geometry":{"type":"Point","coordinates":[-118.527447,34.050043]},"properties":{"id":259,"address":"1625 Lombard Ave","neighborhood":"Alphabet Streets","status":"submitted","statusLabel":"Permit Submitted","permitType":"Bldg-New","submittedDate":"2025-12-20","issuedDate":null,"startDate":null,"completedDate":null,"estCompletionDate":"2027-12-14"}},{"type":"Feature","geometry":{"type":"Point","coordinates":[-118.527201,34.049803]},"properties":{"id":260,"address":"1630 Lombard Ave","neighborhood":"Alphabet Streets","status":"construction","statusLabel":"Under Construction","permitType":"Bldg-New","submittedDate":"2026-01-21","issuedDate":"2026-04-02","startDate":"2026-05-05","completedDate":null,"estCompletionDate":"2027-08-23"}},{"type":"Feature","geometry":{"type":"Point","coordinates":[-118.527272,34.050211]},"properties":{"id":261,"address":"1633 Lombard Ave","neighborhood":"Alphabet Streets","status":"submitted","statusLabel":"Permit Submitted","permitType":"Bldg-New","submittedDate":"2026-04-06","issuedDate":null,"startDate":null,"completedDate":null,"estCompletionDate":"2028-03-16"}},{"type":"Feature","geometry":{"type":"Point","coordinates":[-118.52724,34.049907]},"properties":{"id":262,"address":"1638 Lombard Ave","neighborhood":"Alphabet Streets","status":"construction","statusLabel":"Under Construction","permitType":"Bldg-New","submittedDate":"2026-01-12","issuedDate":"2026-04-13","startDate":"2026-04-28","completedDate":null,"estCompletionDate":"2027-05-14"}},{"type":"Feature","geometry":{"type":"Point","coordinates":[-118.527212,34.05019]},"properties":{"id":263,"address":"1641 Lombard Ave","neighborhood":"Alphabet Streets","status":"construction","statusLabel":"Under Construction","permitType":"Bldg-New","submittedDate":"2025-10-04","issuedDate":"2026-01-23","startDate":"2026-04-19","completedDate":null,"estCompletionDate":"2027-05-26"}},{"type":"Feature","geometry":{"type":"Point","coordinates":[-118.526908,34.049939]},"properties":{"id":264,"address":"1646 Lombard Ave","neighborhood":"Alphabet Streets","status":"submitted","statusLabel":"Permit Submitted","permitType":"Bldg-New","submittedDate":"2026-05-15","issuedDate":null,"startDate":null,"completedDate":null,"estCompletionDate":"2028-04-14"}},{"type":"Feature","geometry":{"type":"Point","coordinates":[-118.527066,34.050127]},"properties":{"id":265,"address":"1649 Lombard Ave","neighborhood":"Alphabet Streets","status":"submitted","statusLabel":"Permit Submitted","permitType":"Bldg-New","submittedDate":"2025-09-18","issuedDate":null,"startDate":null,"completedDate":null,"estCompletionDate":"2027-08-16"}},{"type":"Feature","geometry":{"type":"Point","coordinates":[-118.526821,34.050092]},"properties":{"id":266,"address":"1654 Lombard Ave","neighborhood":"Alphabet Streets","status":"submitted","statusLabel":"Permit Submitted","permitType":"Bldg-New","submittedDate":"2025-11-27","issuedDate":null,"startDate":null,"completedDate":null,"estCompletionDate":"2027-09-10"}},{"type":"Feature","geometry":{"type":"Point","coordinates":[-118.526745,34.050103]},"properties":{"id":267,"address":"1657 Lombard Ave","neighborhood":"Alphabet Streets","status":"submitted","statusLabel":"Permit Submitted","permitType":"Bldg-New","submittedDate":"2025-12-01","issuedDate":null,"startDate":null,"completedDate":null,"estCompletionDate":"2027-11-17"}},{"type":"Feature","geometry":{"type":"Point","coordinates":[-118.526711,34.050165]},"properties":{"id":268,"address":"1662 Lombard Ave","neighborhood":"Alphabet Streets","status":"issued","statusLabel":"Permit Issued","permitType":"Bldg-New","submittedDate":"2025-12-23","issuedDate":"2026-03-10","startDate":null,"completedDate":null,"estCompletionDate":"2027-05-29"}},{"type":"Feature","geometry":{"type":"Point","coordinates":[-118.526674,34.050326]},"properties":{"id":269,"address":"1665 Lombard Ave","neighborhood":"Alphabet Streets","status":"issued","statusLabel":"Permit Issued","permitType":"Bldg-New","submittedDate":"2025-09-19","issuedDate":"2025-11-23","startDate":null,"completedDate":null,"estCompletionDate":"2027-03-01"}},{"type":"Feature","geometry":{"type":"Point","coordinates":[-118.526475,34.050029]},"properties":{"id":270,"address":"1670 Lombard Ave","neighborhood":"Alphabet Streets","status":"submitted","statusLabel":"Permit Submitted","permitType":"Bldg-New","submittedDate":"2026-07-09","issuedDate":null,"startDate":null,"completedDate":null,"estCompletionDate":"2028-03-06"}},{"type":"Feature","geometry":{"type":"Point","coordinates":[-118.526544,34.050475]},"properties":{"id":271,"address":"1673 Lombard Ave","neighborhood":"Alphabet Streets","status":"construction","statusLabel":"Under Construction","permitType":"Bldg-New","submittedDate":"2025-05-11","issuedDate":"2025-08-26","startDate":"2025-09-27","completedDate":null,"estCompletionDate":"2027-01-18"}},{"type":"Feature","geometry":{"type":"Point","coordinates":[-118.526351,34.050284]},"properties":{"id":272,"address":"1678 Lombard Ave","neighborhood":"Alphabet Streets","status":"construction","statusLabel":"Under Construction","permitType":"Bldg-New","submittedDate":"2025-11-06","issuedDate":"2026-02-19","startDate":"2026-04-03","completedDate":null,"estCompletionDate":"2027-04-19"}},{"type":"Feature","geometry":{"type":"Point","coordinates":[-118.526432,34.050421]},"properties":{"id":273,"address":"1681 Lombard Ave","neighborhood":"Alphabet Streets","status":"issued","statusLabel":"Permit Issued","permitType":"Bldg-New","submittedDate":"2025-08-20","issuedDate":"2025-12-12","startDate":null,"completedDate":null,"estCompletionDate":"2027-06-06"}},{"type":"Feature","geometry":{"type":"Point","coordinates":[-118.52623,34.050258]},"properties":{"id":274,"address":"1686 Lombard Ave","neighborhood":"Alphabet Streets","status":"construction","statusLabel":"Under Construction","permitType":"Bldg-New","submittedDate":"2025-04-20","issuedDate":"2025-08-17","startDate":"2025-11-04","completedDate":null,"estCompletionDate":"2027-01-17"}},{"type":"Feature","geometry":{"type":"Point","coordinates":[-118.526255,34.050451]},"properties":{"id":275,"address":"1689 Lombard Ave","neighborhood":"Alphabet Streets","status":"submitted","statusLabel":"Permit Submitted","permitType":"Bldg-New","submittedDate":"2025-11-26","issuedDate":null,"startDate":null,"completedDate":null,"estCompletionDate":"2027-12-26"}},{"type":"Feature","geometry":{"type":"Point","coordinates":[-118.526168,34.050254]},"properties":{"id":276,"address":"1694 Lombard Ave","neighborhood":"Alphabet Streets","status":"construction","statusLabel":"Under Construction","permitType":"Bldg-New","submittedDate":"2025-06-19","issuedDate":"2025-08-30","startDate":"2025-11-13","completedDate":null,"estCompletionDate":"2026-11-27"}},{"type":"Feature","geometry":{"type":"Point","coordinates":[-118.526197,34.05045]},"properties":{"id":277,"address":"1697 Lombard Ave","neighborhood":"Alphabet Streets","status":"issued","statusLabel":"Permit Issued","permitType":"Bldg-New","submittedDate":"2025-09-28","issuedDate":"2026-02-07","startDate":null,"completedDate":null,"estCompletionDate":"2027-07-01"}},{"type":"Feature","geometry":{"type":"Point","coordinates":[-118.526012,34.050325]},"properties":{"id":278,"address":"1702 Lombard Ave","neighborhood":"Alphabet Streets","status":"submitted","statusLabel":"Permit Submitted","permitType":"Bldg-New","submittedDate":"2026-04-03","issuedDate":null,"startDate":null,"completedDate":null,"estCompletionDate":"2027-12-11"}},{"type":"Feature","geometry":{"type":"Point","coordinates":[-118.526104,34.050425]},"properties":{"id":279,"address":"1705 Lombard Ave","neighborhood":"Alphabet Streets","status":"construction","statusLabel":"Under Construction","permitType":"Bldg-New","submittedDate":"2025-05-01","issuedDate":"2025-07-21","startDate":"2025-09-14","completedDate":null,"estCompletionDate":"2026-08-22"}},{"type":"Feature","geometry":{"type":"Point","coordinates":[-118.525936,34.050423]},"properties":{"id":280,"address":"1710 Lombard Ave","neighborhood":"Alphabet Streets","status":"construction","statusLabel":"Under Construction","permitType":"Bldg-New","submittedDate":"2025-08-03","issuedDate":"2025-11-14","startDate":"2026-01-13","completedDate":null,"estCompletionDate":"2027-03-28"}},{"type":"Feature","geometry":{"type":"Point","coordinates":[-118.525257,34.049826]},"properties":{"id":281,"address":"501 Marquette St","neighborhood":"Alphabet Streets","status":"construction","statusLabel":"Under Construction","permitType":"Bldg-New","submittedDate":"2025-07-29","issuedDate":"2025-12-02","startDate":"2025-12-17","completedDate":null,"estCompletionDate":"2027-04-06"}},{"type":"Feature","geometry":{"type":"Point","coordinates":[-118.525073,34.049782]},"properties":{"id":282,"address":"506 Marquette St","neighborhood":"Alphabet Streets","status":"submitted","statusLabel":"Permit Submitted","permitType":"Bldg-New","submittedDate":"2026-01-20","issuedDate":null,"startDate":null,"completedDate":null,"estCompletionDate":"2027-09-21"}},{"type":"Feature","geometry":{"type":"Point","coordinates":[-118.524951,34.04988]},"properties":{"id":283,"address":"509 Marquette St","neighborhood":"Alphabet Streets","status":"construction","statusLabel":"Under Construction","permitType":"Bldg-New","submittedDate":"2025-06-07","issuedDate":"2025-10-14","startDate":"2025-12-06","completedDate":null,"estCompletionDate":"2027-01-27"}},{"type":"Feature","geometry":{"type":"Point","coordinates":[-118.52488,34.049881]},"properties":{"id":284,"address":"514 Marquette St","neighborhood":"Alphabet Streets","status":"construction","statusLabel":"Under Construction","permitType":"Bldg-New","submittedDate":"2025-09-08","issuedDate":"2026-01-10","startDate":"2026-03-24","completedDate":null,"estCompletionDate":"2027-08-04"}},{"type":"Feature","geometry":{"type":"Point","coordinates":[-118.524762,34.050179]},"properties":{"id":285,"address":"517 Marquette St","neighborhood":"Alphabet Streets","status":"submitted","statusLabel":"Permit Submitted","permitType":"Bldg-New","submittedDate":"2025-11-29","issuedDate":null,"startDate":null,"completedDate":null,"estCompletionDate":"2027-08-12"}},{"type":"Feature","geometry":{"type":"Point","coordinates":[-118.52447,34.049812]},"properties":{"id":286,"address":"522 Marquette St","neighborhood":"Alphabet Streets","status":"submitted","statusLabel":"Permit Submitted","permitType":"Bldg-New","submittedDate":"2026-05-19","issuedDate":null,"startDate":null,"completedDate":null,"estCompletionDate":"2027-12-12"}},{"type":"Feature","geometry":{"type":"Point","coordinates":[-118.524629,34.050108]},"properties":{"id":287,"address":"525 Marquette St","neighborhood":"Alphabet Streets","status":"construction","statusLabel":"Under Construction","permitType":"Bldg-New","submittedDate":"2025-05-21","issuedDate":"2025-09-05","startDate":"2025-09-20","completedDate":null,"estCompletionDate":"2027-01-28"}},{"type":"Feature","geometry":{"type":"Point","coordinates":[-118.524236,34.050012]},"properties":{"id":288,"address":"530 Marquette St","neighborhood":"Alphabet Streets","status":"submitted","statusLabel":"Permit Submitted","permitType":"Bldg-New","submittedDate":"2025-11-10","issuedDate":null,"startDate":null,"completedDate":null,"estCompletionDate":"2027-07-08"}},{"type":"Feature","geometry":{"type":"Point","coordinates":[-118.524375,34.050249]},"properties":{"id":289,"address":"533 Marquette St","neighborhood":"Alphabet Streets","status":"submitted","statusLabel":"Permit Submitted","permitType":"Bldg-New","submittedDate":"2025-09-07","issuedDate":null,"startDate":null,"completedDate":null,"estCompletionDate":"2027-05-27"}},{"type":"Feature","geometry":{"type":"Point","coordinates":[-118.52395,34.049989]},"properties":{"id":290,"address":"538 Marquette St","neighborhood":"Alphabet Streets","status":"submitted","statusLabel":"Permit Submitted","permitType":"Bldg-New","submittedDate":"2026-03-17","issuedDate":null,"startDate":null,"completedDate":null,"estCompletionDate":"2027-11-26"}},{"type":"Feature","geometry":{"type":"Point","coordinates":[-118.523913,34.05045]},"properties":{"id":291,"address":"541 Marquette St","neighborhood":"Alphabet Streets","status":"construction","statusLabel":"Under Construction","permitType":"Bldg-New","submittedDate":"2025-12-05","issuedDate":"2026-03-20","startDate":"2026-06-08","completedDate":null,"estCompletionDate":"2027-06-25"}},{"type":"Feature","geometry":{"type":"Point","coordinates":[-118.523737,34.050179]},"properties":{"id":292,"address":"546 Marquette St","neighborhood":"Alphabet Streets","status":"submitted","statusLabel":"Permit Submitted","permitType":"Bldg-New","submittedDate":"2026-04-26","issuedDate":null,"startDate":null,"completedDate":null,"estCompletionDate":"2028-02-04"}},{"type":"Feature","geometry":{"type":"Point","coordinates":[-118.523714,34.050464]},"properties":{"id":293,"address":"549 Marquette St","neighborhood":"Alphabet Streets","status":"submitted","statusLabel":"Permit Submitted","permitType":"Bldg-New","submittedDate":"2026-02-04","issuedDate":null,"startDate":null,"completedDate":null,"estCompletionDate":"2027-08-29"}},{"type":"Feature","geometry":{"type":"Point","coordinates":[-118.523438,34.050285]},"properties":{"id":294,"address":"554 Marquette St","neighborhood":"Alphabet Streets","status":"issued","statusLabel":"Permit Issued","permitType":"Bldg-New","submittedDate":"2026-01-22","issuedDate":"2026-04-13","startDate":null,"completedDate":null,"estCompletionDate":"2027-10-31"}},{"type":"Feature","geometry":{"type":"Point","coordinates":[-118.523489,34.050721]},"properties":{"id":295,"address":"557 Marquette St","neighborhood":"Alphabet Streets","status":"submitted","statusLabel":"Permit Submitted","permitType":"Bldg-New","submittedDate":"2025-11-22","issuedDate":null,"startDate":null,"completedDate":null,"estCompletionDate":"2027-09-24"}},{"type":"Feature","geometry":{"type":"Point","coordinates":[-118.523301,34.050535]},"properties":{"id":296,"address":"562 Marquette St","neighborhood":"Alphabet Streets","status":"construction","statusLabel":"Under Construction","permitType":"Bldg-New","submittedDate":"2025-09-23","issuedDate":"2026-01-31","startDate":"2026-04-06","completedDate":null,"estCompletionDate":"2027-05-20"}},{"type":"Feature","geometry":{"type":"Point","coordinates":[-118.523345,34.050799]},"properties":{"id":297,"address":"565 Marquette St","neighborhood":"Alphabet Streets","status":"submitted","statusLabel":"Permit Submitted","permitType":"Bldg-New","submittedDate":"2025-11-28","issuedDate":null,"startDate":null,"completedDate":null,"estCompletionDate":"2027-08-24"}},{"type":"Feature","geometry":{"type":"Point","coordinates":[-118.523117,34.050559]},"properties":{"id":298,"address":"570 Marquette St","neighborhood":"Alphabet Streets","status":"issued","statusLabel":"Permit Issued","permitType":"Bldg-New","submittedDate":"2026-03-22","issuedDate":"2026-07-10","startDate":null,"completedDate":null,"estCompletionDate":"2028-03-15"}},{"type":"Feature","geometry":{"type":"Point","coordinates":[-118.523068,34.050716]},"properties":{"id":299,"address":"573 Marquette St","neighborhood":"Alphabet Streets","status":"submitted","statusLabel":"Permit Submitted","permitType":"Bldg-New","submittedDate":"2025-10-29","issuedDate":null,"startDate":null,"completedDate":null,"estCompletionDate":"2027-11-17"}},{"type":"Feature","geometry":{"type":"Point","coordinates":[-118.522806,34.050631]},"properties":{"id":300,"address":"578 Marquette St","neighborhood":"Alphabet Streets","status":"submitted","statusLabel":"Permit Submitted","permitType":"Bldg-New","submittedDate":"2026-03-30","issuedDate":null,"startDate":null,"completedDate":null,"estCompletionDate":"2028-01-14"}},{"type":"Feature","geometry":{"type":"Point","coordinates":[-118.522622,34.050927]},"properties":{"id":301,"address":"581 Marquette St","neighborhood":"Alphabet Streets","status":"issued","statusLabel":"Permit Issued","permitType":"Bldg-New","submittedDate":"2025-09-08","issuedDate":"2025-11-29","startDate":null,"completedDate":null,"estCompletionDate":"2027-07-27"}},{"type":"Feature","geometry":{"type":"Point","coordinates":[-118.522405,34.05067]},"properties":{"id":302,"address":"586 Marquette St","neighborhood":"Alphabet Streets","status":"submitted","statusLabel":"Permit Submitted","permitType":"Bldg-New","submittedDate":"2025-10-09","issuedDate":null,"startDate":null,"completedDate":null,"estCompletionDate":"2027-07-22"}},{"type":"Feature","geometry":{"type":"Point","coordinates":[-118.52244,34.050967]},"properties":{"id":303,"address":"589 Marquette St","neighborhood":"Alphabet Streets","status":"construction","statusLabel":"Under Construction","permitType":"Bldg-New","submittedDate":"2025-06-02","issuedDate":"2025-08-05","startDate":"2025-08-23","completedDate":null,"estCompletionDate":"2026-07-22"}},{"type":"Feature","geometry":{"type":"Point","coordinates":[-118.522293,34.050762]},"properties":{"id":304,"address":"594 Marquette St","neighborhood":"Alphabet Streets","status":"submitted","statusLabel":"Permit Submitted","permitType":"Bldg-New","submittedDate":"2025-10-30","issuedDate":null,"startDate":null,"completedDate":null,"estCompletionDate":"2027-07-15"}},{"type":"Feature","geometry":{"type":"Point","coordinates":[-118.522202,34.051018]},"properties":{"id":305,"address":"597 Marquette St","neighborhood":"Alphabet Streets","status":"construction","statusLabel":"Under Construction","permitType":"Bldg-New","submittedDate":"2025-10-22","issuedDate":"2025-12-16","startDate":"2026-03-01","completedDate":null,"estCompletionDate":"2027-04-03"}},{"type":"Feature","geometry":{"type":"Point","coordinates":[-118.521873,34.050926]},"properties":{"id":306,"address":"602 Marquette St","neighborhood":"Alphabet Streets","status":"submitted","statusLabel":"Permit Submitted","permitType":"Bldg-New","submittedDate":"2025-10-14","issuedDate":null,"startDate":null,"completedDate":null,"estCompletionDate":"2027-05-27"}},{"type":"Feature","geometry":{"type":"Point","coordinates":[-118.521992,34.051206]},"properties":{"id":307,"address":"605 Marquette St","neighborhood":"Alphabet Streets","status":"submitted","statusLabel":"Permit Submitted","permitType":"Bldg-New","submittedDate":"2025-11-22","issuedDate":null,"startDate":null,"completedDate":null,"estCompletionDate":"2027-06-17"}},{"type":"Feature","geometry":{"type":"Point","coordinates":[-118.5217,34.051052]},"properties":{"id":308,"address":"610 Marquette St","neighborhood":"Alphabet Streets","status":"construction","statusLabel":"Under Construction","permitType":"Bldg-New","submittedDate":"2025-05-10","issuedDate":"2025-08-01","startDate":"2025-10-17","completedDate":null,"estCompletionDate":"2026-10-08"}},{"type":"Feature","geometry":{"type":"Point","coordinates":[-118.522295,34.049817]},"properties":{"id":309,"address":"701 Radcliffe Ave","neighborhood":"Alphabet Streets","status":"construction","statusLabel":"Under Construction","permitType":"Bldg-New","submittedDate":"2025-03-25","issuedDate":"2025-07-29","startDate":"2025-08-31","completedDate":null,"estCompletionDate":"2026-08-06"}},{"type":"Feature","geometry":{"type":"Point","coordinates":[-118.521984,34.049651]},"properties":{"id":310,"address":"706 Radcliffe Ave","neighborhood":"Alphabet Streets","status":"construction","statusLabel":"Under Construction","permitType":"Bldg-New","submittedDate":"2025-08-03","issuedDate":"2025-09-30","startDate":"2025-10-20","completedDate":null,"estCompletionDate":"2027-01-21"}},{"type":"Feature","geometry":{"type":"Point","coordinates":[-118.522026,34.049633]},"properties":{"id":311,"address":"709 Radcliffe Ave","neighborhood":"Alphabet Streets","status":"submitted","statusLabel":"Permit Submitted","permitType":"Bldg-New","submittedDate":"2026-01-19","issuedDate":null,"startDate":null,"completedDate":null,"estCompletionDate":"2027-08-28"}},{"type":"Feature","geometry":{"type":"Point","coordinates":[-118.521879,34.049479]},"properties":{"id":312,"address":"714 Radcliffe Ave","neighborhood":"Alphabet Streets","status":"submitted","statusLabel":"Permit Submitted","permitType":"Bldg-New","submittedDate":"2025-09-28","issuedDate":null,"startDate":null,"completedDate":null,"estCompletionDate":"2027-08-07"}},{"type":"Feature","geometry":{"type":"Point","coordinates":[-118.521935,34.049798]},"properties":{"id":313,"address":"717 Radcliffe Ave","neighborhood":"Alphabet Streets","status":"construction","statusLabel":"Under Construction","permitType":"Bldg-New","submittedDate":"2025-09-19","issuedDate":"2025-12-29","startDate":"2026-03-07","completedDate":null,"estCompletionDate":"2027-05-03"}},{"type":"Feature","geometry":{"type":"Point","coordinates":[-118.521789,34.049705]},"properties":{"id":314,"address":"722 Radcliffe Ave","neighborhood":"Alphabet Streets","status":"construction","statusLabel":"Under Construction","permitType":"Bldg-New","submittedDate":"2025-08-13","issuedDate":"2025-12-19","startDate":"2026-02-08","completedDate":null,"estCompletionDate":"2027-02-16"}},{"type":"Feature","geometry":{"type":"Point","coordinates":[-118.521627,34.049705]},"properties":{"id":315,"address":"725 Radcliffe Ave","neighborhood":"Alphabet Streets","status":"construction","statusLabel":"Under Construction","permitType":"Bldg-New","submittedDate":"2025-10-24","issuedDate":"2026-02-25","startDate":"2026-04-06","completedDate":null,"estCompletionDate":"2027-05-23"}},{"type":"Feature","geometry":{"type":"Point","coordinates":[-118.52168,34.04956]},"properties":{"id":316,"address":"730 Radcliffe Ave","neighborhood":"Alphabet Streets","status":"submitted","statusLabel":"Permit Submitted","permitType":"Bldg-New","submittedDate":"2025-10-28","issuedDate":null,"startDate":null,"completedDate":null,"estCompletionDate":"2027-10-26"}},{"type":"Feature","geometry":{"type":"Point","coordinates":[-118.521708,34.049846]},"properties":{"id":317,"address":"733 Radcliffe Ave","neighborhood":"Alphabet Streets","status":"construction","statusLabel":"Under Construction","permitType":"Bldg-New","submittedDate":"2025-12-16","issuedDate":"2026-03-30","startDate":"2026-05-12","completedDate":null,"estCompletionDate":"2027-09-15"}},{"type":"Feature","geometry":{"type":"Point","coordinates":[-118.521437,34.049666]},"properties":{"id":318,"address":"738 Radcliffe Ave","neighborhood":"Alphabet Streets","status":"submitted","statusLabel":"Permit Submitted","permitType":"Bldg-New","submittedDate":"2026-05-28","issuedDate":null,"startDate":null,"completedDate":null,"estCompletionDate":"2028-02-16"}},{"type":"Feature","geometry":{"type":"Point","coordinates":[-118.521386,34.049997]},"properties":{"id":319,"address":"741 Radcliffe Ave","neighborhood":"Alphabet Streets","status":"construction","statusLabel":"Under Construction","permitType":"Bldg-New","submittedDate":"2025-09-28","issuedDate":"2026-01-14","startDate":"2026-02-27","completedDate":null,"estCompletionDate":"2027-05-12"}},{"type":"Feature","geometry":{"type":"Point","coordinates":[-118.521146,34.049765]},"properties":{"id":320,"address":"746 Radcliffe Ave","neighborhood":"Alphabet Streets","status":"submitted","statusLabel":"Permit Submitted","permitType":"Bldg-New","submittedDate":"2026-06-15","issuedDate":null,"startDate":null,"completedDate":null,"estCompletionDate":"2028-07-13"}},{"type":"Feature","geometry":{"type":"Point","coordinates":[-118.521355,34.049863]},"properties":{"id":321,"address":"749 Radcliffe Ave","neighborhood":"Alphabet Streets","status":"submitted","statusLabel":"Permit Submitted","permitType":"Bldg-New","submittedDate":"2026-05-14","issuedDate":null,"startDate":null,"completedDate":null,"estCompletionDate":"2028-05-14"}},{"type":"Feature","geometry":{"type":"Point","coordinates":[-118.521173,34.049834]},"properties":{"id":322,"address":"754 Radcliffe Ave","neighborhood":"Alphabet Streets","status":"construction","statusLabel":"Under Construction","permitType":"Bldg-New","submittedDate":"2025-12-04","issuedDate":"2026-02-26","startDate":"2026-04-07","completedDate":null,"estCompletionDate":"2027-06-23"}},{"type":"Feature","geometry":{"type":"Point","coordinates":[-118.521008,34.050011]},"properties":{"id":323,"address":"757 Radcliffe Ave","neighborhood":"Alphabet Streets","status":"submitted","statusLabel":"Permit Submitted","permitType":"Bldg-New","submittedDate":"2026-05-07","issuedDate":null,"startDate":null,"completedDate":null,"estCompletionDate":"2027-11-19"}},{"type":"Feature","geometry":{"type":"Point","coordinates":[-118.520794,34.049872]},"properties":{"id":324,"address":"762 Radcliffe Ave","neighborhood":"Alphabet Streets","status":"construction","statusLabel":"Under Construction","permitType":"Bldg-New","submittedDate":"2025-09-21","issuedDate":"2025-12-02","startDate":"2025-12-18","completedDate":null,"estCompletionDate":"2027-03-21"}},{"type":"Feature","geometry":{"type":"Point","coordinates":[-118.520828,34.050037]},"properties":{"id":325,"address":"765 Radcliffe Ave","neighborhood":"Alphabet Streets","status":"construction","statusLabel":"Under Construction","permitType":"Bldg-New","submittedDate":"2025-04-14","issuedDate":"2025-07-18","startDate":"2025-09-11","completedDate":null,"estCompletionDate":"2026-12-24"}},{"type":"Feature","geometry":{"type":"Point","coordinates":[-118.520833,34.049954]},"properties":{"id":326,"address":"770 Radcliffe Ave","neighborhood":"Alphabet Streets","status":"construction","statusLabel":"Under Construction","permitType":"Bldg-New","submittedDate":"2025-06-09","issuedDate":"2025-10-15","startDate":"2026-01-10","completedDate":null,"estCompletionDate":"2027-04-22"}},{"type":"Feature","geometry":{"type":"Point","coordinates":[-118.520795,34.050108]},"properties":{"id":327,"address":"773 Radcliffe Ave","neighborhood":"Alphabet Streets","status":"completed","statusLabel":"Completed (C of O)","permitType":"Bldg-New","submittedDate":"2025-04-10","issuedDate":"2025-06-07","startDate":"2025-07-23","completedDate":"2026-07-16","estCompletionDate":"2026-07-16"}},{"type":"Feature","geometry":{"type":"Point","coordinates":[-118.520608,34.04986]},"properties":{"id":328,"address":"778 Radcliffe Ave","neighborhood":"Alphabet Streets","status":"submitted","statusLabel":"Permit Submitted","permitType":"Bldg-New","submittedDate":"2026-02-02","issuedDate":null,"startDate":null,"completedDate":null,"estCompletionDate":"2028-01-06"}},{"type":"Feature","geometry":{"type":"Point","coordinates":[-118.5205,34.050189]},"properties":{"id":329,"address":"781 Radcliffe Ave","neighborhood":"Alphabet Streets","status":"construction","statusLabel":"Under Construction","permitType":"Bldg-New","submittedDate":"2025-05-10","issuedDate":"2025-08-18","startDate":"2025-10-15","completedDate":null,"estCompletionDate":"2026-09-20"}},{"type":"Feature","geometry":{"type":"Point","coordinates":[-118.520517,34.050027]},"properties":{"id":330,"address":"786 Radcliffe Ave","neighborhood":"Alphabet Streets","status":"construction","statusLabel":"Under Construction","permitType":"Bldg-New","submittedDate":"2025-03-24","issuedDate":"2025-06-20","startDate":"2025-07-24","completedDate":null,"estCompletionDate":"2026-08-03"}},{"type":"Feature","geometry":{"type":"Point","coordinates":[-118.520508,34.050161]},"properties":{"id":331,"address":"789 Radcliffe Ave","neighborhood":"Alphabet Streets","status":"construction","statusLabel":"Under Construction","permitType":"Bldg-New","submittedDate":"2025-05-28","issuedDate":"2025-09-10","startDate":"2025-09-29","completedDate":null,"estCompletionDate":"2027-01-05"}},{"type":"Feature","geometry":{"type":"Point","coordinates":[-118.5205,34.050113]},"properties":{"id":332,"address":"794 Radcliffe Ave","neighborhood":"Alphabet Streets","status":"submitted","statusLabel":"Permit Submitted","permitType":"Bldg-New","submittedDate":"2026-04-22","issuedDate":null,"startDate":null,"completedDate":null,"estCompletionDate":"2028-01-25"}},{"type":"Feature","geometry":{"type":"Point","coordinates":[-118.5205,34.050196]},"properties":{"id":333,"address":"797 Radcliffe Ave","neighborhood":"Alphabet Streets","status":"construction","statusLabel":"Under Construction","permitType":"Bldg-New","submittedDate":"2025-08-09","issuedDate":"2025-10-21","startDate":"2025-12-31","completedDate":null,"estCompletionDate":"2027-01-07"}},{"type":"Feature","geometry":{"type":"Point","coordinates":[-118.5205,34.049967]},"properties":{"id":334,"address":"802 Radcliffe Ave","neighborhood":"Alphabet Streets","status":"construction","statusLabel":"Under Construction","permitType":"Bldg-New","submittedDate":"2025-03-26","issuedDate":"2025-06-02","startDate":"2025-06-20","completedDate":null,"estCompletionDate":"2026-06-14"}},{"type":"Feature","geometry":{"type":"Point","coordinates":[-118.5205,34.05033]},"properties":{"id":335,"address":"805 Radcliffe Ave","neighborhood":"Alphabet Streets","status":"construction","statusLabel":"Under Construction","permitType":"Bldg-New","submittedDate":"2025-12-15","issuedDate":"2026-04-05","startDate":"2026-05-17","completedDate":null,"estCompletionDate":"2027-07-14"}},{"type":"Feature","geometry":{"type":"Point","coordinates":[-118.5205,34.050028]},"properties":{"id":336,"address":"810 Radcliffe Ave","neighborhood":"Alphabet Streets","status":"issued","statusLabel":"Permit Issued","permitType":"Bldg-New","submittedDate":"2025-12-24","issuedDate":"2026-05-07","startDate":null,"completedDate":null,"estCompletionDate":"2027-12-23"}},{"type":"Feature","geometry":{"type":"Point","coordinates":[-118.528207,34.051245]},"properties":{"id":337,"address":"901 Antioch St","neighborhood":"Alphabet Streets","status":"issued","statusLabel":"Permit Issued","permitType":"Bldg-New","submittedDate":"2025-08-27","issuedDate":"2025-11-08","startDate":null,"completedDate":null,"estCompletionDate":"2027-06-19"}},{"type":"Feature","geometry":{"type":"Point","coordinates":[-118.527995,34.050962]},"properties":{"id":338,"address":"906 Antioch St","neighborhood":"Alphabet Streets","status":"submitted","statusLabel":"Permit Submitted","permitType":"Bldg-New","submittedDate":"2026-04-16","issuedDate":null,"startDate":null,"completedDate":null,"estCompletionDate":"2028-02-07"}},{"type":"Feature","geometry":{"type":"Point","coordinates":[-118.528067,34.051236]},"properties":{"id":339,"address":"909 Antioch St","neighborhood":"Alphabet Streets","status":"construction","statusLabel":"Under Construction","permitType":"Bldg-New","submittedDate":"2025-10-23","issuedDate":"2026-02-21","startDate":"2026-03-28","completedDate":null,"estCompletionDate":"2027-04-10"}},{"type":"Feature","geometry":{"type":"Point","coordinates":[-118.527838,34.051081]},"properties":{"id":340,"address":"914 Antioch St","neighborhood":"Alphabet Streets","status":"issued","statusLabel":"Permit Issued","permitType":"Bldg-New","submittedDate":"2025-08-28","issuedDate":"2025-12-11","startDate":null,"completedDate":null,"estCompletionDate":"2027-05-10"}},{"type":"Feature","geometry":{"type":"Point","coordinates":[-118.527902,34.051224]},"properties":{"id":341,"address":"917 Antioch St","neighborhood":"Alphabet Streets","status":"construction","statusLabel":"Under Construction","permitType":"Bldg-New","submittedDate":"2026-01-11","issuedDate":"2026-03-02","startDate":"2026-05-11","completedDate":null,"estCompletionDate":"2027-08-12"}},{"type":"Feature","geometry":{"type":"Point","coordinates":[-118.5277,34.051108]},"properties":{"id":342,"address":"922 Antioch St","neighborhood":"Alphabet Streets","status":"construction","statusLabel":"Under Construction","permitType":"Bldg-New","submittedDate":"2025-03-17","issuedDate":"2025-05-19","startDate":"2025-07-05","completedDate":null,"estCompletionDate":"2026-06-18"}},{"type":"Feature","geometry":{"type":"Point","coordinates":[-118.527723,34.051261]},"properties":{"id":343,"address":"925 Antioch St","neighborhood":"Alphabet Streets","status":"construction","statusLabel":"Under Construction","permitType":"Bldg-New","submittedDate":"2026-01-11","issuedDate":"2026-03-13","startDate":"2026-06-06","completedDate":null,"estCompletionDate":"2027-09-16"}},{"type":"Feature","geometry":{"type":"Point","coordinates":[-118.527623,34.051208]},"properties":{"id":344,"address":"930 Antioch St","neighborhood":"Alphabet Streets","status":"construction","statusLabel":"Under Construction","permitType":"Bldg-New","submittedDate":"2026-01-03","issuedDate":"2026-04-29","startDate":"2026-06-15","completedDate":null,"estCompletionDate":"2027-08-03"}},{"type":"Feature","geometry":{"type":"Point","coordinates":[-118.527532,34.051348]},"properties":{"id":345,"address":"933 Antioch St","neighborhood":"Alphabet Streets","status":"construction","statusLabel":"Under Construction","permitType":"Bldg-New","submittedDate":"2025-05-08","issuedDate":"2025-08-22","startDate":"2025-11-10","completedDate":null,"estCompletionDate":"2027-01-22"}},{"type":"Feature","geometry":{"type":"Point","coordinates":[-118.527543,34.051109]},"properties":{"id":346,"address":"938 Antioch St","neighborhood":"Alphabet Streets","status":"submitted","statusLabel":"Permit Submitted","permitType":"Bldg-New","submittedDate":"2026-05-21","issuedDate":null,"startDate":null,"completedDate":null,"estCompletionDate":"2028-05-29"}},{"type":"Feature","geometry":{"type":"Point","coordinates":[-118.527355,34.051309]},"properties":{"id":347,"address":"941 Antioch St","neighborhood":"Alphabet Streets","status":"construction","statusLabel":"Under Construction","permitType":"Bldg-New","submittedDate":"2025-05-02","issuedDate":"2025-06-27","startDate":"2025-09-15","completedDate":null,"estCompletionDate":"2026-11-06"}},{"type":"Feature","geometry":{"type":"Point","coordinates":[-118.527287,34.051293]},"properties":{"id":348,"address":"946 Antioch St","neighborhood":"Alphabet Streets","status":"construction","statusLabel":"Under Construction","permitType":"Bldg-New","submittedDate":"2025-07-14","issuedDate":"2025-11-18","startDate":"2025-12-25","completedDate":null,"estCompletionDate":"2026-11-28"}},{"type":"Feature","geometry":{"type":"Point","coordinates":[-118.527322,34.051564]},"properties":{"id":349,"address":"949 Antioch St","neighborhood":"Alphabet Streets","status":"submitted","statusLabel":"Permit Submitted","permitType":"Bldg-New","submittedDate":"2026-04-16","issuedDate":null,"startDate":null,"completedDate":null,"estCompletionDate":"2027-12-28"}},{"type":"Feature","geometry":{"type":"Point","coordinates":[-118.527188,34.051344]},"properties":{"id":350,"address":"954 Antioch St","neighborhood":"Alphabet Streets","status":"submitted","statusLabel":"Permit Submitted","permitType":"Bldg-New","submittedDate":"2026-06-03","issuedDate":null,"startDate":null,"completedDate":null,"estCompletionDate":"2028-04-10"}},{"type":"Feature","geometry":{"type":"Point","coordinates":[-118.527109,34.051566]},"properties":{"id":351,"address":"957 Antioch St","neighborhood":"Alphabet Streets","status":"submitted","statusLabel":"Permit Submitted","permitType":"Bldg-New","submittedDate":"2026-04-24","issuedDate":null,"startDate":null,"completedDate":null,"estCompletionDate":"2027-11-08"}},{"type":"Feature","geometry":{"type":"Point","coordinates":[-118.527095,34.051361]},"properties":{"id":352,"address":"962 Antioch St","neighborhood":"Alphabet Streets","status":"construction","statusLabel":"Under Construction","permitType":"Bldg-New","submittedDate":"2025-05-16","issuedDate":"2025-07-15","startDate":"2025-09-19","completedDate":null,"estCompletionDate":"2026-12-19"}},{"type":"Feature","geometry":{"type":"Point","coordinates":[-118.527023,34.05155]},"properties":{"id":353,"address":"965 Antioch St","neighborhood":"Alphabet Streets","status":"construction","statusLabel":"Under Construction","permitType":"Bldg-New","submittedDate":"2025-03-31","issuedDate":"2025-06-15","startDate":"2025-09-07","completedDate":null,"estCompletionDate":"2026-11-10"}},{"type":"Feature","geometry":{"type":"Point","coordinates":[-118.526865,34.051452]},"properties":{"id":354,"address":"970 Antioch St","neighborhood":"Alphabet Streets","status":"submitted","statusLabel":"Permit Submitted","permitType":"Bldg-New","submittedDate":"2026-01-02","issuedDate":null,"startDate":null,"completedDate":null,"estCompletionDate":"2028-01-18"}},{"type":"Feature","geometry":{"type":"Point","coordinates":[-118.526928,34.05159]},"properties":{"id":355,"address":"973 Antioch St","neighborhood":"Alphabet Streets","status":"construction","statusLabel":"Under Construction","permitType":"Bldg-New","submittedDate":"2025-12-09","issuedDate":"2026-03-27","startDate":"2026-04-19","completedDate":null,"estCompletionDate":"2027-05-13"}},{"type":"Feature","geometry":{"type":"Point","coordinates":[-118.526731,34.051418]},"properties":{"id":356,"address":"978 Antioch St","neighborhood":"Alphabet Streets","status":"issued","statusLabel":"Permit Issued","permitType":"Bldg-New","submittedDate":"2025-07-24","issuedDate":"2025-11-06","startDate":null,"completedDate":null,"estCompletionDate":"2027-01-14"}},{"type":"Feature","geometry":{"type":"Point","coordinates":[-118.526667,34.051579]},"properties":{"id":357,"address":"981 Antioch St","neighborhood":"Alphabet Streets","status":"construction","statusLabel":"Under Construction","permitType":"Bldg-New","submittedDate":"2025-06-11","issuedDate":"2025-09-12","startDate":"2025-10-25","completedDate":null,"estCompletionDate":"2026-12-07"}},{"type":"Feature","geometry":{"type":"Point","coordinates":[-118.52662,34.051394]},"properties":{"id":358,"address":"986 Antioch St","neighborhood":"Alphabet Streets","status":"construction","statusLabel":"Under Construction","permitType":"Bldg-New","submittedDate":"2025-11-28","issuedDate":"2026-04-02","startDate":"2026-05-05","completedDate":null,"estCompletionDate":"2027-07-31"}},{"type":"Feature","geometry":{"type":"Point","coordinates":[-118.526433,34.051622]},"properties":{"id":359,"address":"989 Antioch St","neighborhood":"Alphabet Streets","status":"submitted","statusLabel":"Permit Submitted","permitType":"Bldg-New","submittedDate":"2026-04-28","issuedDate":null,"startDate":null,"completedDate":null,"estCompletionDate":"2028-03-12"}},{"type":"Feature","geometry":{"type":"Point","coordinates":[-118.526367,34.05153]},"properties":{"id":360,"address":"994 Antioch St","neighborhood":"Alphabet Streets","status":"construction","statusLabel":"Under Construction","permitType":"Bldg-New","submittedDate":"2025-12-07","issuedDate":"2026-02-18","startDate":"2026-03-19","completedDate":null,"estCompletionDate":"2027-07-30"}},{"type":"Feature","geometry":{"type":"Point","coordinates":[-118.526422,34.051662]},"properties":{"id":361,"address":"997 Antioch St","neighborhood":"Alphabet Streets","status":"construction","statusLabel":"Under Construction","permitType":"Bldg-New","submittedDate":"2025-03-29","issuedDate":"2025-06-01","startDate":"2025-06-18","completedDate":null,"estCompletionDate":"2026-05-17"}},{"type":"Feature","geometry":{"type":"Point","coordinates":[-118.526182,34.051703]},"properties":{"id":362,"address":"1002 Antioch St","neighborhood":"Alphabet Streets","status":"completed","statusLabel":"Completed (C of O)","permitType":"Bldg-New","submittedDate":"2025-04-22","issuedDate":"2025-06-03","startDate":"2025-07-24","completedDate":"2026-07-13","estCompletionDate":"2026-07-13"}},{"type":"Feature","geometry":{"type":"Point","coordinates":[-118.526247,34.051726]},"properties":{"id":363,"address":"1005 Antioch St","neighborhood":"Alphabet Streets","status":"construction","statusLabel":"Under Construction","permitType":"Bldg-New","submittedDate":"2025-08-30","issuedDate":"2025-12-02","startDate":"2026-02-25","completedDate":null,"estCompletionDate":"2027-06-07"}},{"type":"Feature","geometry":{"type":"Point","coordinates":[-118.525968,34.051709]},"properties":{"id":364,"address":"1010 Antioch St","neighborhood":"Alphabet Streets","status":"submitted","statusLabel":"Permit Submitted","permitType":"Bldg-New","submittedDate":"2026-03-03","issuedDate":null,"startDate":null,"completedDate":null,"estCompletionDate":"2027-12-04"}},{"type":"Feature","geometry":{"type":"Point","coordinates":[-118.525611,34.051071]},"properties":{"id":365,"address":"301 Via de la Paz","neighborhood":"Alphabet Streets","status":"construction","statusLabel":"Under Construction","permitType":"Bldg-New","submittedDate":"2025-03-19","issuedDate":"2025-05-15","startDate":"2025-08-11","completedDate":null,"estCompletionDate":"2026-08-27"}},{"type":"Feature","geometry":{"type":"Point","coordinates":[-118.525213,34.050872]},"properties":{"id":366,"address":"306 Via de la Paz","neighborhood":"Alphabet Streets","status":"construction","statusLabel":"Under Construction","permitType":"Bldg-New","submittedDate":"2025-06-22","issuedDate":"2025-09-22","startDate":"2025-12-05","completedDate":null,"estCompletionDate":"2027-03-04"}},{"type":"Feature","geometry":{"type":"Point","coordinates":[-118.525302,34.051135]},"properties":{"id":367,"address":"309 Via de la Paz","neighborhood":"Alphabet Streets","status":"construction","statusLabel":"Under Construction","permitType":"Bldg-New","submittedDate":"2025-07-28","issuedDate":"2025-11-03","startDate":"2025-11-30","completedDate":null,"estCompletionDate":"2027-03-19"}},{"type":"Feature","geometry":{"type":"Point","coordinates":[-118.52507,34.050785]},"properties":{"id":368,"address":"314 Via de la Paz","neighborhood":"Alphabet Streets","status":"submitted","statusLabel":"Permit Submitted","permitType":"Bldg-New","submittedDate":"2026-02-11","issuedDate":null,"startDate":null,"completedDate":null,"estCompletionDate":"2027-12-14"}},{"type":"Feature","geometry":{"type":"Point","coordinates":[-118.525005,34.051281]},"properties":{"id":369,"address":"317 Via de la Paz","neighborhood":"Alphabet Streets","status":"submitted","statusLabel":"Permit Submitted","permitType":"Bldg-New","submittedDate":"2025-11-23","issuedDate":null,"startDate":null,"completedDate":null,"estCompletionDate":"2027-12-15"}},{"type":"Feature","geometry":{"type":"Point","coordinates":[-118.524774,34.050869]},"properties":{"id":370,"address":"322 Via de la Paz","neighborhood":"Alphabet Streets","status":"issued","statusLabel":"Permit Issued","permitType":"Bldg-New","submittedDate":"2025-07-20","issuedDate":"2025-12-02","startDate":null,"completedDate":null,"estCompletionDate":"2027-08-05"}},{"type":"Feature","geometry":{"type":"Point","coordinates":[-118.52466,34.05111]},"properties":{"id":371,"address":"325 Via de la Paz","neighborhood":"Alphabet Streets","status":"submitted","statusLabel":"Permit Submitted","permitType":"Bldg-New","submittedDate":"2025-09-22","issuedDate":null,"startDate":null,"completedDate":null,"estCompletionDate":"2027-05-04"}},{"type":"Feature","geometry":{"type":"Point","coordinates":[-118.524464,34.050943]},"properties":{"id":372,"address":"330 Via de la Paz","neighborhood":"Alphabet Streets","status":"construction","statusLabel":"Under Construction","permitType":"Bldg-New","submittedDate":"2026-01-02","issuedDate":"2026-04-19","startDate":"2026-06-01","completedDate":null,"estCompletionDate":"2027-06-26"}},{"type":"Feature","geometry":{"type":"Point","coordinates":[-118.52445,34.051177]},"properties":{"id":373,"address":"333 Via de la Paz","neighborhood":"Alphabet Streets","status":"construction","statusLabel":"Under Construction","permitType":"Bldg-New","submittedDate":"2025-10-18","issuedDate":"2026-01-18","startDate":"2026-02-13","completedDate":null,"estCompletionDate":"2027-01-15"}},{"type":"Feature","geometry":{"type":"Point","coordinates":[-118.524263,34.05093]},"properties":{"id":374,"address":"338 Via de la Paz","neighborhood":"Alphabet Streets","status":"construction","statusLabel":"Under Construction","permitType":"Bldg-New","submittedDate":"2025-08-17","issuedDate":"2025-10-26","startDate":"2026-01-22","completedDate":null,"estCompletionDate":"2027-03-27"}},{"type":"Feature","geometry":{"type":"Point","coordinates":[-118.524177,34.051245]},"properties":{"id":375,"address":"341 Via de la Paz","neighborhood":"Alphabet Streets","status":"construction","statusLabel":"Under Construction","permitType":"Bldg-New","submittedDate":"2025-04-04","issuedDate":"2025-07-25","startDate":"2025-08-22","completedDate":null,"estCompletionDate":"2026-09-20"}},{"type":"Feature","geometry":{"type":"Point","coordinates":[-118.524036,34.051044]},"properties":{"id":376,"address":"346 Via de la Paz","neighborhood":"Alphabet Streets","status":"issued","statusLabel":"Permit Issued","permitType":"Bldg-New","submittedDate":"2025-11-30","issuedDate":"2026-02-22","startDate":null,"completedDate":null,"estCompletionDate":"2027-10-12"}},{"type":"Feature","geometry":{"type":"Point","coordinates":[-118.523857,34.051416]},"properties":{"id":377,"address":"349 Via de la Paz","neighborhood":"Alphabet Streets","status":"submitted","statusLabel":"Permit Submitted","permitType":"Bldg-New","submittedDate":"2026-04-13","issuedDate":null,"startDate":null,"completedDate":null,"estCompletionDate":"2028-03-04"}},{"type":"Feature","geometry":{"type":"Point","coordinates":[-118.52361,34.051059]},"properties":{"id":378,"address":"354 Via de la Paz","neighborhood":"Alphabet Streets","status":"construction","statusLabel":"Under Construction","permitType":"Bldg-New","submittedDate":"2025-04-18","issuedDate":"2025-06-03","startDate":"2025-07-21","completedDate":null,"estCompletionDate":"2026-11-18"}},{"type":"Feature","geometry":{"type":"Point","coordinates":[-118.523535,34.05134]},"properties":{"id":379,"address":"357 Via de la Paz","neighborhood":"Alphabet Streets","status":"construction","statusLabel":"Under Construction","permitType":"Bldg-New","submittedDate":"2025-03-26","issuedDate":"2025-06-02","startDate":"2025-07-16","completedDate":null,"estCompletionDate":"2026-09-05"}},{"type":"Feature","geometry":{"type":"Point","coordinates":[-118.523437,34.051157]},"properties":{"id":380,"address":"362 Via de la Paz","neighborhood":"Alphabet Streets","status":"submitted","statusLabel":"Permit Submitted","permitType":"Bldg-New","submittedDate":"2026-02-09","issuedDate":null,"startDate":null,"completedDate":null,"estCompletionDate":"2027-10-08"}},{"type":"Feature","geometry":{"type":"Point","coordinates":[-118.523359,34.05149]},"properties":{"id":381,"address":"365 Via de la Paz","neighborhood":"Alphabet Streets","status":"submitted","statusLabel":"Permit Submitted","permitType":"Bldg-New","submittedDate":"2025-11-20","issuedDate":null,"startDate":null,"completedDate":null,"estCompletionDate":"2027-06-27"}},{"type":"Feature","geometry":{"type":"Point","coordinates":[-118.523199,34.051188]},"properties":{"id":382,"address":"370 Via de la Paz","neighborhood":"Alphabet Streets","status":"construction","statusLabel":"Under Construction","permitType":"Bldg-New","submittedDate":"2025-11-08","issuedDate":"2026-01-26","startDate":"2026-03-01","completedDate":null,"estCompletionDate":"2027-05-28"}},{"type":"Feature","geometry":{"type":"Point","coordinates":[-118.522965,34.051567]},"properties":{"id":383,"address":"373 Via de la Paz","neighborhood":"Alphabet Streets","status":"completed","statusLabel":"Completed (C of O)","permitType":"Bldg-New","submittedDate":"2025-04-09","issuedDate":"2025-06-26","startDate":"2025-07-22","completedDate":"2026-07-16","estCompletionDate":"2026-07-16"}},{"type":"Feature","geometry":{"type":"Point","coordinates":[-118.522792,34.05122]},"properties":{"id":384,"address":"378 Via de la Paz","neighborhood":"Alphabet Streets","status":"construction","statusLabel":"Under Construction","permitType":"Bldg-New","submittedDate":"2025-11-28","issuedDate":"2026-01-18","startDate":"2026-03-12","completedDate":null,"estCompletionDate":"2027-03-24"}},{"type":"Feature","geometry":{"type":"Point","coordinates":[-118.522734,34.051444]},"properties":{"id":385,"address":"381 Via de la Paz","neighborhood":"Alphabet Streets","status":"construction","statusLabel":"Under Construction","permitType":"Bldg-New","submittedDate":"2025-11-25","issuedDate":"2026-02-22","startDate":"2026-03-23","completedDate":null,"estCompletionDate":"2027-04-29"}},{"type":"Feature","geometry":{"type":"Point","coordinates":[-118.522549,34.051336]},"properties":{"id":386,"address":"386 Via de la Paz","neighborhood":"Alphabet Streets","status":"submitted","statusLabel":"Permit Submitted","permitType":"Bldg-New","submittedDate":"2026-02-10","issuedDate":null,"startDate":null,"completedDate":null,"estCompletionDate":"2027-11-10"}},{"type":"Feature","geometry":{"type":"Point","coordinates":[-118.52248,34.051485]},"properties":{"id":387,"address":"389 Via de la Paz","neighborhood":"Alphabet Streets","status":"submitted","statusLabel":"Permit Submitted","permitType":"Bldg-New","submittedDate":"2026-04-23","issuedDate":null,"startDate":null,"completedDate":null,"estCompletionDate":"2028-05-20"}},{"type":"Feature","geometry":{"type":"Point","coordinates":[-118.522289,34.051392]},"properties":{"id":388,"address":"394 Via de la Paz","neighborhood":"Alphabet Streets","status":"construction","statusLabel":"Under Construction","permitType":"Bldg-New","submittedDate":"2025-06-16","issuedDate":"2025-10-04","startDate":"2025-11-29","completedDate":null,"estCompletionDate":"2027-02-17"}},{"type":"Feature","geometry":{"type":"Point","coordinates":[-118.522202,34.05163]},"properties":{"id":389,"address":"397 Via de la Paz","neighborhood":"Alphabet Streets","status":"construction","statusLabel":"Under Construction","permitType":"Bldg-New","submittedDate":"2025-11-13","issuedDate":"2026-03-03","startDate":"2026-04-15","completedDate":null,"estCompletionDate":"2027-03-23"}},{"type":"Feature","geometry":{"type":"Point","coordinates":[-118.521943,34.051339]},"properties":{"id":390,"address":"402 Via de la Paz","neighborhood":"Alphabet Streets","status":"issued","statusLabel":"Permit Issued","permitType":"Bldg-New","submittedDate":"2025-10-23","issuedDate":"2025-12-11","startDate":null,"completedDate":null,"estCompletionDate":"2027-06-23"}},{"type":"Feature","geometry":{"type":"Point","coordinates":[-118.521929,34.051597]},"properties":{"id":391,"address":"405 Via de la Paz","neighborhood":"Alphabet Streets","status":"construction","statusLabel":"Under Construction","permitType":"Bldg-New","submittedDate":"2026-01-02","issuedDate":"2026-02-20","startDate":"2026-04-30","completedDate":null,"estCompletionDate":"2027-07-25"}},{"type":"Feature","geometry":{"type":"Point","coordinates":[-118.52361,34.038001]},"properties":{"id":392,"address":"1701 Ocampo Dr","neighborhood":"Huntington Palisades","status":"construction","statusLabel":"Under Construction","permitType":"Bldg-New","submittedDate":"2025-06-23","issuedDate":"2025-08-29","startDate":"2025-11-03","completedDate":null,"estCompletionDate":"2026-11-23"}},{"type":"Feature","geometry":{"type":"Point","coordinates":[-118.523352,34.037581]},"properties":{"id":393,"address":"1706 Ocampo Dr","neighborhood":"Huntington Palisades","status":"construction","statusLabel":"Under Construction","permitType":"Bldg-New","submittedDate":"2025-06-04","issuedDate":"2025-10-02","startDate":"2025-10-26","completedDate":null,"estCompletionDate":"2027-02-06"}},{"type":"Feature","geometry":{"type":"Point","coordinates":[-118.523292,34.03798]},"properties":{"id":394,"address":"1709 Ocampo Dr","neighborhood":"Huntington Palisades","status":"construction","statusLabel":"Under Construction","permitType":"Bldg-New","submittedDate":"2025-09-21","issuedDate":"2026-01-09","startDate":"2026-02-20","completedDate":null,"estCompletionDate":"2027-05-29"}},{"type":"Feature","geometry":{"type":"Point","coordinates":[-118.523154,34.037667]},"properties":{"id":395,"address":"1714 Ocampo Dr","neighborhood":"Huntington Palisades","status":"construction","statusLabel":"Under Construction","permitType":"Bldg-New","submittedDate":"2025-06-20","issuedDate":"2025-08-20","startDate":"2025-10-04","completedDate":null,"estCompletionDate":"2026-11-27"}},{"type":"Feature","geometry":{"type":"Point","coordinates":[-118.523044,34.037935]},"properties":{"id":396,"address":"1717 Ocampo Dr","neighborhood":"Huntington Palisades","status":"construction","statusLabel":"Under Construction","permitType":"Bldg-New","submittedDate":"2025-04-06","issuedDate":"2025-08-01","startDate":"2025-10-26","completedDate":null,"estCompletionDate":"2027-01-12"}},{"type":"Feature","geometry":{"type":"Point","coordinates":[-118.522943,34.037746]},"properties":{"id":397,"address":"1722 Ocampo Dr","neighborhood":"Huntington Palisades","status":"construction","statusLabel":"Under Construction","permitType":"Bldg-New","submittedDate":"2025-10-18","issuedDate":"2026-02-18","startDate":"2026-04-03","completedDate":null,"estCompletionDate":"2027-04-28"}},{"type":"Feature","geometry":{"type":"Point","coordinates":[-118.522764,34.037862]},"properties":{"id":398,"address":"1725 Ocampo Dr","neighborhood":"Huntington Palisades","status":"construction","statusLabel":"Under Construction","permitType":"Bldg-New","submittedDate":"2025-10-28","issuedDate":"2025-12-24","startDate":"2026-02-02","completedDate":null,"estCompletionDate":"2027-06-07"}},{"type":"Feature","geometry":{"type":"Point","coordinates":[-118.522603,34.037625]},"properties":{"id":399,"address":"1730 Ocampo Dr","neighborhood":"Huntington Palisades","status":"issued","statusLabel":"Permit Issued","permitType":"Bldg-New","submittedDate":"2025-11-06","issuedDate":"2026-02-28","startDate":null,"completedDate":null,"estCompletionDate":"2027-07-13"}},{"type":"Feature","geometry":{"type":"Point","coordinates":[-118.52253,34.037896]},"properties":{"id":400,"address":"1733 Ocampo Dr","neighborhood":"Huntington Palisades","status":"construction","statusLabel":"Under Construction","permitType":"Bldg-New","submittedDate":"2025-12-11","issuedDate":"2026-02-02","startDate":"2026-03-30","completedDate":null,"estCompletionDate":"2027-07-12"}},{"type":"Feature","geometry":{"type":"Point","coordinates":[-118.522542,34.037549]},"properties":{"id":401,"address":"1738 Ocampo Dr","neighborhood":"Huntington Palisades","status":"construction","statusLabel":"Under Construction","permitType":"Bldg-New","submittedDate":"2025-03-13","issuedDate":"2025-06-30","startDate":"2025-09-23","completedDate":null,"estCompletionDate":"2026-10-31"}},{"type":"Feature","geometry":{"type":"Point","coordinates":[-118.52239,34.037819]},"properties":{"id":402,"address":"1741 Ocampo Dr","neighborhood":"Huntington Palisades","status":"construction","statusLabel":"Under Construction","permitType":"Bldg-New","submittedDate":"2025-08-01","issuedDate":"2025-11-25","startDate":"2025-12-25","completedDate":null,"estCompletionDate":"2027-04-07"}},{"type":"Feature","geometry":{"type":"Point","coordinates":[-118.522237,34.037567]},"properties":{"id":403,"address":"1746 Ocampo Dr","neighborhood":"Huntington Palisades","status":"construction","statusLabel":"Under Construction","permitType":"Bldg-New","submittedDate":"2025-03-10","issuedDate":"2025-07-18","startDate":"2025-08-09","completedDate":null,"estCompletionDate":"2026-08-03"}},{"type":"Feature","geometry":{"type":"Point","coordinates":[-118.522041,34.037854]},"properties":{"id":404,"address":"1749 Ocampo Dr","neighborhood":"Huntington Palisades","status":"issued","statusLabel":"Permit Issued","permitType":"Bldg-New","submittedDate":"2026-01-07","issuedDate":"2026-04-30","startDate":null,"completedDate":null,"estCompletionDate":"2027-08-07"}},{"type":"Feature","geometry":{"type":"Point","coordinates":[-118.522021,34.037676]},"properties":{"id":405,"address":"1754 Ocampo Dr","neighborhood":"Huntington Palisades","status":"submitted","statusLabel":"Permit Submitted","permitType":"Bldg-New","submittedDate":"2025-12-23","issuedDate":null,"startDate":null,"completedDate":null,"estCompletionDate":"2027-11-28"}},{"type":"Feature","geometry":{"type":"Point","coordinates":[-118.521728,34.037681]},"properties":{"id":406,"address":"1757 Ocampo Dr","neighborhood":"Huntington Palisades","status":"issued","statusLabel":"Permit Issued","permitType":"Bldg-New","submittedDate":"2025-09-12","issuedDate":"2026-01-13","startDate":null,"completedDate":null,"estCompletionDate":"2027-04-18"}},{"type":"Feature","geometry":{"type":"Point","coordinates":[-118.521806,34.0375]},"properties":{"id":407,"address":"1762 Ocampo Dr","neighborhood":"Huntington Palisades","status":"construction","statusLabel":"Under Construction","permitType":"Bldg-New","submittedDate":"2025-10-26","issuedDate":"2026-01-02","startDate":"2026-01-25","completedDate":null,"estCompletionDate":"2027-03-19"}},{"type":"Feature","geometry":{"type":"Point","coordinates":[-118.521597,34.03782]},"properties":{"id":408,"address":"1765 Ocampo Dr","neighborhood":"Huntington Palisades","status":"construction","statusLabel":"Under Construction","permitType":"Bldg-New","submittedDate":"2025-03-21","issuedDate":"2025-06-13","startDate":"2025-07-30","completedDate":null,"estCompletionDate":"2026-11-03"}},{"type":"Feature","geometry":{"type":"Point","coordinates":[-118.521481,34.0375]},"properties":{"id":409,"address":"1770 Ocampo Dr","neighborhood":"Huntington Palisades","status":"construction","statusLabel":"Under Construction","permitType":"Bldg-New","submittedDate":"2025-10-07","issuedDate":"2026-02-08","startDate":"2026-04-28","completedDate":null,"estCompletionDate":"2027-05-13"}},{"type":"Feature","geometry":{"type":"Point","coordinates":[-118.521463,34.037577]},"properties":{"id":410,"address":"1773 Ocampo Dr","neighborhood":"Huntington Palisades","status":"construction","statusLabel":"Under Construction","permitType":"Bldg-New","submittedDate":"2025-07-02","issuedDate":"2025-10-31","startDate":"2025-11-22","completedDate":null,"estCompletionDate":"2027-01-26"}},{"type":"Feature","geometry":{"type":"Point","coordinates":[-118.521352,34.0375]},"properties":{"id":411,"address":"1778 Ocampo Dr","neighborhood":"Huntington Palisades","status":"submitted","statusLabel":"Permit Submitted","permitType":"Bldg-New","submittedDate":"2026-05-08","issuedDate":null,"startDate":null,"completedDate":null,"estCompletionDate":"2028-04-03"}},{"type":"Feature","geometry":{"type":"Point","coordinates":[-118.521046,34.037644]},"properties":{"id":412,"address":"1781 Ocampo Dr","neighborhood":"Huntington Palisades","status":"issued","statusLabel":"Permit Issued","permitType":"Bldg-New","submittedDate":"2026-01-26","issuedDate":"2026-06-15","startDate":null,"completedDate":null,"estCompletionDate":"2027-12-31"}},{"type":"Feature","geometry":{"type":"Point","coordinates":[-118.521054,34.0375]},"properties":{"id":413,"address":"1786 Ocampo Dr","neighborhood":"Huntington Palisades","status":"submitted","statusLabel":"Permit Submitted","permitType":"Bldg-New","submittedDate":"2026-05-29","issuedDate":null,"startDate":null,"completedDate":null,"estCompletionDate":"2027-12-22"}},{"type":"Feature","geometry":{"type":"Point","coordinates":[-118.520954,34.037723]},"properties":{"id":414,"address":"1789 Ocampo Dr","neighborhood":"Huntington Palisades","status":"construction","statusLabel":"Under Construction","permitType":"Bldg-New","submittedDate":"2025-09-20","issuedDate":"2026-01-24","startDate":"2026-04-21","completedDate":null,"estCompletionDate":"2027-05-27"}},{"type":"Feature","geometry":{"type":"Point","coordinates":[-118.520765,34.0375]},"properties":{"id":415,"address":"1794 Ocampo Dr","neighborhood":"Huntington Palisades","status":"submitted","statusLabel":"Permit Submitted","permitType":"Bldg-New","submittedDate":"2026-06-18","issuedDate":null,"startDate":null,"completedDate":null,"estCompletionDate":"2028-03-07"}},{"type":"Feature","geometry":{"type":"Point","coordinates":[-118.520636,34.037711]},"properties":{"id":416,"address":"1797 Ocampo Dr","neighborhood":"Huntington Palisades","status":"construction","statusLabel":"Under Construction","permitType":"Bldg-New","submittedDate":"2025-08-23","issuedDate":"2025-12-14","startDate":"2026-03-10","completedDate":null,"estCompletionDate":"2027-03-07"}},{"type":"Feature","geometry":{"type":"Point","coordinates":[-118.520607,34.0375]},"properties":{"id":417,"address":"1802 Ocampo Dr","neighborhood":"Huntington Palisades","status":"construction","statusLabel":"Under Construction","permitType":"Bldg-New","submittedDate":"2025-10-22","issuedDate":"2025-12-21","startDate":"2026-03-04","completedDate":null,"estCompletionDate":"2027-07-13"}},{"type":"Feature","geometry":{"type":"Point","coordinates":[-118.520508,34.037666]},"properties":{"id":418,"address":"1805 Ocampo Dr","neighborhood":"Huntington Palisades","status":"construction","statusLabel":"Under Construction","permitType":"Bldg-New","submittedDate":"2025-03-14","issuedDate":"2025-07-09","startDate":"2025-09-07","completedDate":null,"estCompletionDate":"2026-08-23"}},{"type":"Feature","geometry":{"type":"Point","coordinates":[-118.520225,34.0375]},"properties":{"id":419,"address":"1810 Ocampo Dr","neighborhood":"Huntington Palisades","status":"submitted","statusLabel":"Permit Submitted","permitType":"Bldg-New","submittedDate":"2025-10-19","issuedDate":null,"startDate":null,"completedDate":null,"estCompletionDate":"2027-06-16"}},{"type":"Feature","geometry":{"type":"Point","coordinates":[-118.520173,34.037553]},"properties":{"id":420,"address":"1813 Ocampo Dr","neighborhood":"Huntington Palisades","status":"submitted","statusLabel":"Permit Submitted","permitType":"Bldg-New","submittedDate":"2026-07-06","issuedDate":null,"startDate":null,"completedDate":null,"estCompletionDate":"2028-02-27"}},{"type":"Feature","geometry":{"type":"Point","coordinates":[-118.520053,34.0375]},"properties":{"id":421,"address":"1818 Ocampo Dr","neighborhood":"Huntington Palisades","status":"construction","statusLabel":"Under Construction","permitType":"Bldg-New","submittedDate":"2025-12-17","issuedDate":"2026-02-24","startDate":"2026-05-12","completedDate":null,"estCompletionDate":"2027-08-15"}},{"type":"Feature","geometry":{"type":"Point","coordinates":[-118.520796,34.037978]},"properties":{"id":422,"address":"1601 Pampas Ricas Blvd","neighborhood":"Huntington Palisades","status":"construction","statusLabel":"Under Construction","permitType":"Bldg-New","submittedDate":"2025-06-02","issuedDate":"2025-07-21","startDate":"2025-08-10","completedDate":null,"estCompletionDate":"2026-09-25"}},{"type":"Feature","geometry":{"type":"Point","coordinates":[-118.520642,34.037723]},"properties":{"id":423,"address":"1606 Pampas Ricas Blvd","neighborhood":"Huntington Palisades","status":"construction","statusLabel":"Under Construction","permitType":"Bldg-New","submittedDate":"2025-06-10","issuedDate":"2025-10-11","startDate":"2025-12-07","completedDate":null,"estCompletionDate":"2027-02-04"}},{"type":"Feature","geometry":{"type":"Point","coordinates":[-118.520749,34.037952]},"properties":{"id":424,"address":"1609 Pampas Ricas Blvd","neighborhood":"Huntington Palisades","status":"submitted","statusLabel":"Permit Submitted","permitType":"Bldg-New","submittedDate":"2026-01-03","issuedDate":null,"startDate":null,"completedDate":null,"estCompletionDate":"2028-01-05"}},{"type":"Feature","geometry":{"type":"Point","coordinates":[-118.52044,34.03782]},"properties":{"id":425,"address":"1614 Pampas Ricas Blvd","neighborhood":"Huntington Palisades","status":"submitted","statusLabel":"Permit Submitted","permitType":"Bldg-New","submittedDate":"2026-05-27","issuedDate":null,"startDate":null,"completedDate":null,"estCompletionDate":"2028-05-19"}},{"type":"Feature","geometry":{"type":"Point","coordinates":[-118.520519,34.038167]},"properties":{"id":426,"address":"1617 Pampas Ricas Blvd","neighborhood":"Huntington Palisades","status":"submitted","statusLabel":"Permit Submitted","permitType":"Bldg-New","submittedDate":"2025-12-04","issuedDate":null,"startDate":null,"completedDate":null,"estCompletionDate":"2027-06-26"}},{"type":"Feature","geometry":{"type":"Point","coordinates":[-118.52041,34.03774]},"properties":{"id":427,"address":"1622 Pampas Ricas Blvd","neighborhood":"Huntington Palisades","status":"construction","statusLabel":"Under Construction","permitType":"Bldg-New","submittedDate":"2025-12-05","issuedDate":"2026-04-01","startDate":"2026-04-18","completedDate":null,"estCompletionDate":"2027-04-19"}},{"type":"Feature","geometry":{"type":"Point","coordinates":[-118.520078,34.038075]},"properties":{"id":428,"address":"1625 Pampas Ricas Blvd","neighborhood":"Huntington Palisades","status":"issued","statusLabel":"Permit Issued","permitType":"Bldg-New","submittedDate":"2026-04-19","issuedDate":"2026-06-29","startDate":null,"completedDate":null,"estCompletionDate":"2027-09-20"}},{"type":"Feature","geometry":{"type":"Point","coordinates":[-118.520022,34.037814]},"properties":{"id":429,"address":"1630 Pampas Ricas Blvd","neighborhood":"Huntington Palisades","status":"construction","statusLabel":"Under Construction","permitType":"Bldg-New","submittedDate":"2025-08-11","issuedDate":"2025-11-09","startDate":"2025-12-17","completedDate":null,"estCompletionDate":"2027-03-30"}},{"type":"Feature","geometry":{"type":"Point","coordinates":[-118.520031,34.038025]},"properties":{"id":430,"address":"1633 Pampas Ricas Blvd","neighborhood":"Huntington Palisades","status":"construction","statusLabel":"Under Construction","permitType":"Bldg-New","submittedDate":"2025-06-07","issuedDate":"2025-09-22","startDate":"2025-12-04","completedDate":null,"estCompletionDate":"2026-12-14"}},{"type":"Feature","geometry":{"type":"Point","coordinates":[-118.519898,34.037964]},"properties":{"id":431,"address":"1638 Pampas Ricas Blvd","neighborhood":"Huntington Palisades","status":"construction","statusLabel":"Under Construction","permitType":"Bldg-New","submittedDate":"2025-08-18","issuedDate":"2025-10-14","startDate":"2026-01-04","completedDate":null,"estCompletionDate":"2027-02-04"}},{"type":"Feature","geometry":{"type":"Point","coordinates":[-118.51966,34.03801]},"properties":{"id":432,"address":"1641 Pampas Ricas Blvd","neighborhood":"Huntington Palisades","status":"construction","statusLabel":"Under Construction","permitType":"Bldg-New","submittedDate":"2025-12-21","issuedDate":"2026-02-13","startDate":"2026-03-03","completedDate":null,"estCompletionDate":"2027-03-13"}},{"type":"Feature","geometry":{"type":"Point","coordinates":[-118.519548,34.037763]},"properties":{"id":433,"address":"1646 Pampas Ricas Blvd","neighborhood":"Huntington Palisades","status":"submitted","statusLabel":"Permit Submitted","permitType":"Bldg-New","submittedDate":"2026-06-18","issuedDate":null,"startDate":null,"completedDate":null,"estCompletionDate":"2028-05-01"}},{"type":"Feature","geometry":{"type":"Point","coordinates":[-118.51956,34.038187]},"properties":{"id":434,"address":"1649 Pampas Ricas Blvd","neighborhood":"Huntington Palisades","status":"construction","statusLabel":"Under Construction","permitType":"Bldg-New","submittedDate":"2025-08-02","issuedDate":"2025-11-02","startDate":"2026-01-07","completedDate":null,"estCompletionDate":"2027-03-23"}},{"type":"Feature","geometry":{"type":"Point","coordinates":[-118.519474,34.037871]},"properties":{"id":435,"address":"1654 Pampas Ricas Blvd","neighborhood":"Huntington Palisades","status":"submitted","statusLabel":"Permit Submitted","permitType":"Bldg-New","submittedDate":"2026-03-22","issuedDate":null,"startDate":null,"completedDate":null,"estCompletionDate":"2028-02-15"}},{"type":"Feature","geometry":{"type":"Point","coordinates":[-118.519318,34.038103]},"properties":{"id":436,"address":"1657 Pampas Ricas Blvd","neighborhood":"Huntington Palisades","status":"submitted","statusLabel":"Permit Submitted","permitType":"Bldg-New","submittedDate":"2025-11-19","issuedDate":null,"startDate":null,"completedDate":null,"estCompletionDate":"2027-06-08"}},{"type":"Feature","geometry":{"type":"Point","coordinates":[-118.519119,34.038017]},"properties":{"id":437,"address":"1662 Pampas Ricas Blvd","neighborhood":"Huntington Palisades","status":"construction","statusLabel":"Under Construction","permitType":"Bldg-New","submittedDate":"2025-10-31","issuedDate":"2026-02-08","startDate":"2026-03-28","completedDate":null,"estCompletionDate":"2027-07-01"}},{"type":"Feature","geometry":{"type":"Point","coordinates":[-118.519047,34.038224]},"properties":{"id":438,"address":"1665 Pampas Ricas Blvd","neighborhood":"Huntington Palisades","status":"construction","statusLabel":"Under Construction","permitType":"Bldg-New","submittedDate":"2025-11-16","issuedDate":"2026-03-08","startDate":"2026-04-04","completedDate":null,"estCompletionDate":"2027-05-23"}},{"type":"Feature","geometry":{"type":"Point","coordinates":[-118.519032,34.038046]},"properties":{"id":439,"address":"1670 Pampas Ricas Blvd","neighborhood":"Huntington Palisades","status":"construction","statusLabel":"Under Construction","permitType":"Bldg-New","submittedDate":"2025-09-16","issuedDate":"2025-12-08","startDate":"2026-01-14","completedDate":null,"estCompletionDate":"2027-03-22"}},{"type":"Feature","geometry":{"type":"Point","coordinates":[-118.518912,34.038309]},"properties":{"id":440,"address":"1673 Pampas Ricas Blvd","neighborhood":"Huntington Palisades","status":"construction","statusLabel":"Under Construction","permitType":"Bldg-New","submittedDate":"2025-06-29","issuedDate":"2025-10-28","startDate":"2025-12-14","completedDate":null,"estCompletionDate":"2027-04-13"}},{"type":"Feature","geometry":{"type":"Point","coordinates":[-118.518618,34.03804]},"properties":{"id":441,"address":"1678 Pampas Ricas Blvd","neighborhood":"Huntington Palisades","status":"construction","statusLabel":"Under Construction","permitType":"Bldg-New","submittedDate":"2025-04-02","issuedDate":"2025-06-23","startDate":"2025-08-26","completedDate":null,"estCompletionDate":"2026-11-28"}},{"type":"Feature","geometry":{"type":"Point","coordinates":[-118.518564,34.038208]},"properties":{"id":442,"address":"1681 Pampas Ricas Blvd","neighborhood":"Huntington Palisades","status":"construction","statusLabel":"Under Construction","permitType":"Bldg-New","submittedDate":"2025-06-06","issuedDate":"2025-08-03","startDate":"2025-09-02","completedDate":null,"estCompletionDate":"2026-09-18"}},{"type":"Feature","geometry":{"type":"Point","coordinates":[-118.518485,34.03791]},"properties":{"id":443,"address":"1686 Pampas Ricas Blvd","neighborhood":"Huntington Palisades","status":"construction","statusLabel":"Under Construction","permitType":"Bldg-New","submittedDate":"2025-05-13","issuedDate":"2025-09-08","startDate":"2025-12-07","completedDate":null,"estCompletionDate":"2026-12-17"}},{"type":"Feature","geometry":{"type":"Point","coordinates":[-118.518436,34.038148]},"properties":{"id":444,"address":"1689 Pampas Ricas Blvd","neighborhood":"Huntington Palisades","status":"submitted","statusLabel":"Permit Submitted","permitType":"Bldg-New","submittedDate":"2026-06-02","issuedDate":null,"startDate":null,"completedDate":null,"estCompletionDate":"2028-06-30"}},{"type":"Feature","geometry":{"type":"Point","coordinates":[-118.51828,34.038057]},"properties":{"id":445,"address":"1694 Pampas Ricas Blvd","neighborhood":"Huntington Palisades","status":"construction","statusLabel":"Under Construction","permitType":"Bldg-New","submittedDate":"2025-12-16","issuedDate":"2026-02-01","startDate":"2026-03-14","completedDate":null,"estCompletionDate":"2027-05-10"}},{"type":"Feature","geometry":{"type":"Point","coordinates":[-118.518022,34.038331]},"properties":{"id":446,"address":"1697 Pampas Ricas Blvd","neighborhood":"Huntington Palisades","status":"construction","statusLabel":"Under Construction","permitType":"Bldg-New","submittedDate":"2025-03-23","issuedDate":"2025-05-27","startDate":"2025-08-08","completedDate":null,"estCompletionDate":"2026-09-20"}},{"type":"Feature","geometry":{"type":"Point","coordinates":[-118.518072,34.038172]},"properties":{"id":447,"address":"1702 Pampas Ricas Blvd","neighborhood":"Huntington Palisades","status":"construction","statusLabel":"Under Construction","permitType":"Bldg-New","submittedDate":"2025-06-14","issuedDate":"2025-08-29","startDate":"2025-09-16","completedDate":null,"estCompletionDate":"2026-09-08"}},{"type":"Feature","geometry":{"type":"Point","coordinates":[-118.517885,34.038214]},"properties":{"id":448,"address":"1705 Pampas Ricas Blvd","neighborhood":"Huntington Palisades","status":"construction","statusLabel":"Under Construction","permitType":"Bldg-New","submittedDate":"2025-03-28","issuedDate":"2025-07-03","startDate":"2025-09-04","completedDate":null,"estCompletionDate":"2026-08-27"}},{"type":"Feature","geometry":{"type":"Point","coordinates":[-118.517875,34.03799]},"properties":{"id":449,"address":"1710 Pampas Ricas Blvd","neighborhood":"Huntington Palisades","status":"construction","statusLabel":"Under Construction","permitType":"Bldg-New","submittedDate":"2025-05-26","issuedDate":"2025-08-30","startDate":"2025-10-20","completedDate":null,"estCompletionDate":"2026-10-10"}},{"type":"Feature","geometry":{"type":"Point","coordinates":[-118.517704,34.03832]},"properties":{"id":450,"address":"1713 Pampas Ricas Blvd","neighborhood":"Huntington Palisades","status":"construction","statusLabel":"Under Construction","permitType":"Bldg-New","submittedDate":"2025-09-06","issuedDate":"2026-01-06","startDate":"2026-03-18","completedDate":null,"estCompletionDate":"2027-06-20"}},{"type":"Feature","geometry":{"type":"Point","coordinates":[-118.517437,34.038187]},"properties":{"id":451,"address":"1718 Pampas Ricas Blvd","neighborhood":"Huntington Palisades","status":"construction","statusLabel":"Under Construction","permitType":"Bldg-New","submittedDate":"2025-10-13","issuedDate":"2026-01-30","startDate":"2026-03-13","completedDate":null,"estCompletionDate":"2027-04-11"}},{"type":"Feature","geometry":{"type":"Point","coordinates":[-118.51781,34.038113]},"properties":{"id":452,"address":"301 Frontera Dr","neighborhood":"Huntington Palisades","status":"submitted","statusLabel":"Permit Submitted","permitType":"Bldg-New","submittedDate":"2026-03-25","issuedDate":null,"startDate":null,"completedDate":null,"estCompletionDate":"2027-12-29"}},{"type":"Feature","geometry":{"type":"Point","coordinates":[-118.517593,34.037853]},"properties":{"id":453,"address":"306 Frontera Dr","neighborhood":"Huntington Palisades","status":"construction","statusLabel":"Under Construction","permitType":"Bldg-New","submittedDate":"2025-12-26","issuedDate":"2026-03-23","startDate":"2026-05-29","completedDate":null,"estCompletionDate":"2027-07-09"}},{"type":"Feature","geometry":{"type":"Point","coordinates":[-118.517533,34.038016]},"properties":{"id":454,"address":"309 Frontera Dr","neighborhood":"Huntington Palisades","status":"construction","statusLabel":"Under Construction","permitType":"Bldg-New","submittedDate":"2025-10-16","issuedDate":"2025-12-07","startDate":"2026-01-13","completedDate":null,"estCompletionDate":"2027-01-26"}},{"type":"Feature","geometry":{"type":"Point","coordinates":[-118.517579,34.037844]},"properties":{"id":455,"address":"314 Frontera Dr","neighborhood":"Huntington Palisades","status":"submitted","statusLabel":"Permit Submitted","permitType":"Bldg-New","submittedDate":"2026-06-12","issuedDate":null,"startDate":null,"completedDate":null,"estCompletionDate":"2028-02-07"}},{"type":"Feature","geometry":{"type":"Point","coordinates":[-118.517472,34.037979]},"properties":{"id":456,"address":"317 Frontera Dr","neighborhood":"Huntington Palisades","status":"submitted","statusLabel":"Permit Submitted","permitType":"Bldg-New","submittedDate":"2026-07-11","issuedDate":null,"startDate":null,"completedDate":null,"estCompletionDate":"2028-02-12"}},{"type":"Feature","geometry":{"type":"Point","coordinates":[-118.517308,34.037762]},"properties":{"id":457,"address":"322 Frontera Dr","neighborhood":"Huntington Palisades","status":"submitted","statusLabel":"Permit Submitted","permitType":"Bldg-New","submittedDate":"2025-12-01","issuedDate":null,"startDate":null,"completedDate":null,"estCompletionDate":"2027-11-16"}},{"type":"Feature","geometry":{"type":"Point","coordinates":[-118.517211,34.03798]},"properties":{"id":458,"address":"325 Frontera Dr","neighborhood":"Huntington Palisades","status":"construction","statusLabel":"Under Construction","permitType":"Bldg-New","submittedDate":"2025-12-28","issuedDate":"2026-04-28","startDate":"2026-05-21","completedDate":null,"estCompletionDate":"2027-04-25"}},{"type":"Feature","geometry":{"type":"Point","coordinates":[-118.517332,34.037718]},"properties":{"id":459,"address":"330 Frontera Dr","neighborhood":"Huntington Palisades","status":"construction","statusLabel":"Under Construction","permitType":"Bldg-New","submittedDate":"2025-05-14","issuedDate":"2025-08-03","startDate":"2025-10-27","completedDate":null,"estCompletionDate":"2026-11-29"}},{"type":"Feature","geometry":{"type":"Point","coordinates":[-118.517256,34.037946]},"properties":{"id":460,"address":"333 Frontera Dr","neighborhood":"Huntington Palisades","status":"submitted","statusLabel":"Permit Submitted","permitType":"Bldg-New","submittedDate":"2025-10-21","issuedDate":null,"startDate":null,"completedDate":null,"estCompletionDate":"2027-09-12"}},{"type":"Feature","geometry":{"type":"Point","coordinates":[-118.517035,34.037881]},"properties":{"id":461,"address":"338 Frontera Dr","neighborhood":"Huntington Palisades","status":"issued","statusLabel":"Permit Issued","permitType":"Bldg-New","submittedDate":"2026-01-27","issuedDate":"2026-05-21","startDate":null,"completedDate":null,"estCompletionDate":"2028-01-10"}},{"type":"Feature","geometry":{"type":"Point","coordinates":[-118.516986,34.038074]},"properties":{"id":462,"address":"341 Frontera Dr","neighborhood":"Huntington Palisades","status":"submitted","statusLabel":"Permit Submitted","permitType":"Bldg-New","submittedDate":"2026-03-31","issuedDate":null,"startDate":null,"completedDate":null,"estCompletionDate":"2028-02-20"}},{"type":"Feature","geometry":{"type":"Point","coordinates":[-118.516856,34.037884]},"properties":{"id":463,"address":"346 Frontera Dr","neighborhood":"Huntington Palisades","status":"construction","statusLabel":"Under Construction","permitType":"Bldg-New","submittedDate":"2025-07-03","issuedDate":"2025-08-23","startDate":"2025-10-10","completedDate":null,"estCompletionDate":"2026-09-12"}},{"type":"Feature","geometry":{"type":"Point","coordinates":[-118.516975,34.037906]},"properties":{"id":464,"address":"349 Frontera Dr","neighborhood":"Huntington Palisades","status":"construction","statusLabel":"Under Construction","permitType":"Bldg-New","submittedDate":"2025-07-04","issuedDate":"2025-11-05","startDate":"2025-12-21","completedDate":null,"estCompletionDate":"2027-04-27"}},{"type":"Feature","geometry":{"type":"Point","coordinates":[-118.516776,34.037683]},"properties":{"id":465,"address":"354 Frontera Dr","neighborhood":"Huntington Palisades","status":"submitted","statusLabel":"Permit Submitted","permitType":"Bldg-New","submittedDate":"2026-01-28","issuedDate":null,"startDate":null,"completedDate":null,"estCompletionDate":"2027-10-17"}},{"type":"Feature","geometry":{"type":"Point","coordinates":[-118.516629,34.037931]},"properties":{"id":466,"address":"357 Frontera Dr","neighborhood":"Huntington Palisades","status":"construction","statusLabel":"Under Construction","permitType":"Bldg-New","submittedDate":"2025-06-19","issuedDate":"2025-09-15","startDate":"2025-11-13","completedDate":null,"estCompletionDate":"2026-12-10"}},{"type":"Feature","geometry":{"type":"Point","coordinates":[-118.516739,34.037846]},"properties":{"id":467,"address":"362 Frontera Dr","neighborhood":"Huntington Palisades","status":"construction","statusLabel":"Under Construction","permitType":"Bldg-New","submittedDate":"2025-12-03","issuedDate":"2026-02-24","startDate":"2026-05-04","completedDate":null,"estCompletionDate":"2027-06-10"}},{"type":"Feature","geometry":{"type":"Point","coordinates":[-118.516564,34.038082]},"properties":{"id":468,"address":"365 Frontera Dr","neighborhood":"Huntington Palisades","status":"submitted","statusLabel":"Permit Submitted","permitType":"Bldg-New","submittedDate":"2025-10-11","issuedDate":null,"startDate":null,"completedDate":null,"estCompletionDate":"2027-08-05"}},{"type":"Feature","geometry":{"type":"Point","coordinates":[-118.516512,34.037874]},"properties":{"id":469,"address":"370 Frontera Dr","neighborhood":"Huntington Palisades","status":"construction","statusLabel":"Under Construction","permitType":"Bldg-New","submittedDate":"2025-07-28","issuedDate":"2025-10-10","startDate":"2026-01-05","completedDate":null,"estCompletionDate":"2026-12-13"}},{"type":"Feature","geometry":{"type":"Point","coordinates":[-118.516467,34.038021]},"properties":{"id":470,"address":"373 Frontera Dr","neighborhood":"Huntington Palisades","status":"submitted","statusLabel":"Permit Submitted","permitType":"Bldg-New","submittedDate":"2025-10-21","issuedDate":null,"startDate":null,"completedDate":null,"estCompletionDate":"2027-06-02"}},{"type":"Feature","geometry":{"type":"Point","coordinates":[-118.516411,34.037655]},"properties":{"id":471,"address":"378 Frontera Dr","neighborhood":"Huntington Palisades","status":"submitted","statusLabel":"Permit Submitted","permitType":"Bldg-New","submittedDate":"2026-05-05","issuedDate":null,"startDate":null,"completedDate":null,"estCompletionDate":"2028-02-14"}},{"type":"Feature","geometry":{"type":"Point","coordinates":[-118.516327,34.037871]},"properties":{"id":472,"address":"381 Frontera Dr","neighborhood":"Huntington Palisades","status":"construction","statusLabel":"Under Construction","permitType":"Bldg-New","submittedDate":"2025-07-05","issuedDate":"2025-10-29","startDate":"2025-12-12","completedDate":null,"estCompletionDate":"2026-11-08"}},{"type":"Feature","geometry":{"type":"Point","coordinates":[-118.516169,34.037736]},"properties":{"id":473,"address":"386 Frontera Dr","neighborhood":"Huntington Palisades","status":"construction","statusLabel":"Under Construction","permitType":"Bldg-New","submittedDate":"2025-04-11","issuedDate":"2025-06-10","startDate":"2025-07-04","completedDate":null,"estCompletionDate":"2026-07-18"}},{"type":"Feature","geometry":{"type":"Point","coordinates":[-118.516136,34.038007]},"properties":{"id":474,"address":"389 Frontera Dr","neighborhood":"Huntington Palisades","status":"construction","statusLabel":"Under Construction","permitType":"Bldg-New","submittedDate":"2025-12-08","issuedDate":"2026-04-08","startDate":"2026-06-07","completedDate":null,"estCompletionDate":"2027-08-01"}},{"type":"Feature","geometry":{"type":"Point","coordinates":[-118.516035,34.037573]},"properties":{"id":475,"address":"394 Frontera Dr","neighborhood":"Huntington Palisades","status":"construction","statusLabel":"Under Construction","permitType":"Bldg-New","submittedDate":"2025-12-30","issuedDate":"2026-03-05","startDate":"2026-05-09","completedDate":null,"estCompletionDate":"2027-04-09"}},{"type":"Feature","geometry":{"type":"Point","coordinates":[-118.516107,34.037938]},"properties":{"id":476,"address":"397 Frontera Dr","neighborhood":"Huntington Palisades","status":"construction","statusLabel":"Under Construction","permitType":"Bldg-New","submittedDate":"2025-09-04","issuedDate":"2026-01-03","startDate":"2026-02-04","completedDate":null,"estCompletionDate":"2027-05-05"}},{"type":"Feature","geometry":{"type":"Point","coordinates":[-118.515964,34.037753]},"properties":{"id":477,"address":"402 Frontera Dr","neighborhood":"Huntington Palisades","status":"submitted","statusLabel":"Permit Submitted","permitType":"Bldg-New","submittedDate":"2026-01-31","issuedDate":null,"startDate":null,"completedDate":null,"estCompletionDate":"2027-11-08"}},{"type":"Feature","geometry":{"type":"Point","coordinates":[-118.515859,34.037882]},"properties":{"id":478,"address":"405 Frontera Dr","neighborhood":"Huntington Palisades","status":"construction","statusLabel":"Under Construction","permitType":"Bldg-New","submittedDate":"2025-11-03","issuedDate":"2025-12-30","startDate":"2026-02-17","completedDate":null,"estCompletionDate":"2027-04-03"}},{"type":"Feature","geometry":{"type":"Point","coordinates":[-118.515708,34.037777]},"properties":{"id":479,"address":"410 Frontera Dr","neighborhood":"Huntington Palisades","status":"construction","statusLabel":"Under Construction","permitType":"Bldg-New","submittedDate":"2025-03-19","issuedDate":"2025-06-07","startDate":"2025-06-26","completedDate":null,"estCompletionDate":"2026-08-16"}},{"type":"Feature","geometry":{"type":"Point","coordinates":[-118.515775,34.038009]},"properties":{"id":480,"address":"413 Frontera Dr","neighborhood":"Huntington Palisades","status":"submitted","statusLabel":"Permit Submitted","permitType":"Bldg-New","submittedDate":"2026-03-24","issuedDate":null,"startDate":null,"completedDate":null,"estCompletionDate":"2027-11-23"}},{"type":"Feature","geometry":{"type":"Point","coordinates":[-118.515696,34.037666]},"properties":{"id":481,"address":"418 Frontera Dr","neighborhood":"Huntington Palisades","status":"completed","statusLabel":"Completed (C of O)","permitType":"Bldg-New","submittedDate":"2025-02-25","issuedDate":"2025-04-30","startDate":"2025-05-27","completedDate":"2026-06-13","estCompletionDate":"2026-06-13"}},{"type":"Feature","geometry":{"type":"Point","coordinates":[-118.523479,34.03937]},"properties":{"id":482,"address":"1201 Alma Real Dr","neighborhood":"Huntington Palisades","status":"construction","statusLabel":"Under Construction","permitType":"Bldg-New","submittedDate":"2025-09-01","issuedDate":"2025-12-30","startDate":"2026-03-04","completedDate":null,"estCompletionDate":"2027-03-01"}},{"type":"Feature","geometry":{"type":"Point","coordinates":[-118.52344,34.03922]},"properties":{"id":483,"address":"1206 Alma Real Dr","neighborhood":"Huntington Palisades","status":"construction","statusLabel":"Under Construction","permitType":"Bldg-New","submittedDate":"2025-11-29","issuedDate":"2026-04-06","startDate":"2026-07-04","completedDate":null,"estCompletionDate":"2027-08-06"}},{"type":"Feature","geometry":{"type":"Point","coordinates":[-118.523434,34.039415]},"properties":{"id":484,"address":"1209 Alma Real Dr","neighborhood":"Huntington Palisades","status":"construction","statusLabel":"Under Construction","permitType":"Bldg-New","submittedDate":"2025-06-24","issuedDate":"2025-09-12","startDate":"2025-11-10","completedDate":null,"estCompletionDate":"2027-03-21"}},{"type":"Feature","geometry":{"type":"Point","coordinates":[-118.523359,34.039202]},"properties":{"id":485,"address":"1214 Alma Real Dr","neighborhood":"Huntington Palisades","status":"construction","statusLabel":"Under Construction","permitType":"Bldg-New","submittedDate":"2025-04-18","issuedDate":"2025-07-07","startDate":"2025-08-15","completedDate":null,"estCompletionDate":"2026-12-25"}},{"type":"Feature","geometry":{"type":"Point","coordinates":[-118.523287,34.039383]},"properties":{"id":486,"address":"1217 Alma Real Dr","neighborhood":"Huntington Palisades","status":"submitted","statusLabel":"Permit Submitted","permitType":"Bldg-New","submittedDate":"2026-07-03","issuedDate":null,"startDate":null,"completedDate":null,"estCompletionDate":"2028-05-30"}},{"type":"Feature","geometry":{"type":"Point","coordinates":[-118.522997,34.039216]},"properties":{"id":487,"address":"1222 Alma Real Dr","neighborhood":"Huntington Palisades","status":"submitted","statusLabel":"Permit Submitted","permitType":"Bldg-New","submittedDate":"2025-12-11","issuedDate":null,"startDate":null,"completedDate":null,"estCompletionDate":"2027-12-10"}},{"type":"Feature","geometry":{"type":"Point","coordinates":[-118.523057,34.039348]},"properties":{"id":488,"address":"1225 Alma Real Dr","neighborhood":"Huntington Palisades","status":"construction","statusLabel":"Under Construction","permitType":"Bldg-New","submittedDate":"2026-01-13","issuedDate":"2026-04-18","startDate":"2026-05-10","completedDate":null,"estCompletionDate":"2027-07-12"}},{"type":"Feature","geometry":{"type":"Point","coordinates":[-118.52303,34.039249]},"properties":{"id":489,"address":"1230 Alma Real Dr","neighborhood":"Huntington Palisades","status":"construction","statusLabel":"Under Construction","permitType":"Bldg-New","submittedDate":"2025-09-05","issuedDate":"2025-12-07","startDate":"2026-01-11","completedDate":null,"estCompletionDate":"2027-03-27"}},{"type":"Feature","geometry":{"type":"Point","coordinates":[-118.522984,34.03949]},"properties":{"id":490,"address":"1233 Alma Real Dr","neighborhood":"Huntington Palisades","status":"issued","statusLabel":"Permit Issued","permitType":"Bldg-New","submittedDate":"2026-04-06","issuedDate":"2026-05-24","startDate":null,"completedDate":null,"estCompletionDate":"2027-11-23"}},{"type":"Feature","geometry":{"type":"Point","coordinates":[-118.522814,34.039251]},"properties":{"id":491,"address":"1238 Alma Real Dr","neighborhood":"Huntington Palisades","status":"submitted","statusLabel":"Permit Submitted","permitType":"Bldg-New","submittedDate":"2026-04-29","issuedDate":null,"startDate":null,"completedDate":null,"estCompletionDate":"2028-02-11"}},{"type":"Feature","geometry":{"type":"Point","coordinates":[-118.5227,34.039412]},"properties":{"id":492,"address":"1241 Alma Real Dr","neighborhood":"Huntington Palisades","status":"construction","statusLabel":"Under Construction","permitType":"Bldg-New","submittedDate":"2025-07-17","issuedDate":"2025-09-11","startDate":"2025-10-10","completedDate":null,"estCompletionDate":"2026-10-08"}},{"type":"Feature","geometry":{"type":"Point","coordinates":[-118.522613,34.039168]},"properties":{"id":493,"address":"1246 Alma Real Dr","neighborhood":"Huntington Palisades","status":"submitted","statusLabel":"Permit Submitted","permitType":"Bldg-New","submittedDate":"2026-05-26","issuedDate":null,"startDate":null,"completedDate":null,"estCompletionDate":"2028-04-19"}},{"type":"Feature","geometry":{"type":"Point","coordinates":[-118.522462,34.039455]},"properties":{"id":494,"address":"1249 Alma Real Dr","neighborhood":"Huntington Palisades","status":"construction","statusLabel":"Under Construction","permitType":"Bldg-New","submittedDate":"2025-12-17","issuedDate":"2026-02-25","startDate":"2026-04-15","completedDate":null,"estCompletionDate":"2027-07-02"}},{"type":"Feature","geometry":{"type":"Point","coordinates":[-118.522551,34.039283]},"properties":{"id":495,"address":"1254 Alma Real Dr","neighborhood":"Huntington Palisades","status":"construction","statusLabel":"Under Construction","permitType":"Bldg-New","submittedDate":"2025-12-01","issuedDate":"2026-04-08","startDate":"2026-06-18","completedDate":null,"estCompletionDate":"2027-06-19"}},{"type":"Feature","geometry":{"type":"Point","coordinates":[-118.522516,34.039364]},"properties":{"id":496,"address":"1257 Alma Real Dr","neighborhood":"Huntington Palisades","status":"issued","statusLabel":"Permit Issued","permitType":"Bldg-New","submittedDate":"2025-08-24","issuedDate":"2025-11-20","startDate":null,"completedDate":null,"estCompletionDate":"2027-04-30"}},{"type":"Feature","geometry":{"type":"Point","coordinates":[-118.522319,34.03922]},"properties":{"id":497,"address":"1262 Alma Real Dr","neighborhood":"Huntington Palisades","status":"issued","statusLabel":"Permit Issued","permitType":"Bldg-New","submittedDate":"2025-10-30","issuedDate":"2026-03-11","startDate":null,"completedDate":null,"estCompletionDate":"2027-10-12"}},{"type":"Feature","geometry":{"type":"Point","coordinates":[-118.52233,34.039463]},"properties":{"id":498,"address":"1265 Alma Real Dr","neighborhood":"Huntington Palisades","status":"construction","statusLabel":"Under Construction","permitType":"Bldg-New","submittedDate":"2025-08-22","issuedDate":"2025-11-15","startDate":"2026-01-29","completedDate":null,"estCompletionDate":"2027-02-12"}},{"type":"Feature","geometry":{"type":"Point","coordinates":[-118.522109,34.039231]},"properties":{"id":499,"address":"1270 Alma Real Dr","neighborhood":"Huntington Palisades","status":"submitted","statusLabel":"Permit Submitted","permitType":"Bldg-New","submittedDate":"2026-03-21","issuedDate":null,"startDate":null,"completedDate":null,"estCompletionDate":"2028-01-08"}},{"type":"Feature","geometry":{"type":"Point","coordinates":[-118.522078,34.039396]},"properties":{"id":500,"address":"1273 Alma Real Dr","neighborhood":"Huntington Palisades","status":"issued","statusLabel":"Permit Issued","permitType":"Bldg-New","submittedDate":"2026-02-04","issuedDate":"2026-05-03","startDate":null,"completedDate":null,"estCompletionDate":"2027-09-09"}},{"type":"Feature","geometry":{"type":"Point","coordinates":[-118.522067,34.039332]},"properties":{"id":501,"address":"1278 Alma Real Dr","neighborhood":"Huntington Palisades","status":"submitted","statusLabel":"Permit Submitted","permitType":"Bldg-New","submittedDate":"2026-06-05","issuedDate":null,"startDate":null,"completedDate":null,"estCompletionDate":"2028-06-30"}},{"type":"Feature","geometry":{"type":"Point","coordinates":[-118.521881,34.03957]},"properties":{"id":502,"address":"1281 Alma Real Dr","neighborhood":"Huntington Palisades","status":"submitted","statusLabel":"Permit Submitted","permitType":"Bldg-New","submittedDate":"2026-01-26","issuedDate":null,"startDate":null,"completedDate":null,"estCompletionDate":"2028-02-13"}},{"type":"Feature","geometry":{"type":"Point","coordinates":[-118.521877,34.03919]},"properties":{"id":503,"address":"1286 Alma Real Dr","neighborhood":"Huntington Palisades","status":"issued","statusLabel":"Permit Issued","permitType":"Bldg-New","submittedDate":"2025-07-06","issuedDate":"2025-09-23","startDate":null,"completedDate":null,"estCompletionDate":"2027-02-25"}},{"type":"Feature","geometry":{"type":"Point","coordinates":[-118.521745,34.039575]},"properties":{"id":504,"address":"1289 Alma Real Dr","neighborhood":"Huntington Palisades","status":"construction","statusLabel":"Under Construction","permitType":"Bldg-New","submittedDate":"2025-05-15","issuedDate":"2025-08-15","startDate":"2025-09-02","completedDate":null,"estCompletionDate":"2026-12-25"}},{"type":"Feature","geometry":{"type":"Point","coordinates":[-118.521771,34.039191]},"properties":{"id":505,"address":"1294 Alma Real Dr","neighborhood":"Huntington Palisades","status":"construction","statusLabel":"Under Construction","permitType":"Bldg-New","submittedDate":"2025-05-27","issuedDate":"2025-07-15","startDate":"2025-08-28","completedDate":null,"estCompletionDate":"2026-09-05"}},{"type":"Feature","geometry":{"type":"Point","coordinates":[-118.521591,34.039491]},"properties":{"id":506,"address":"1297 Alma Real Dr","neighborhood":"Huntington Palisades","status":"submitted","statusLabel":"Permit Submitted","permitType":"Bldg-New","submittedDate":"2026-01-19","issuedDate":null,"startDate":null,"completedDate":null,"estCompletionDate":"2027-08-21"}},{"type":"Feature","geometry":{"type":"Point","coordinates":[-118.521575,34.039269]},"properties":{"id":507,"address":"1302 Alma Real Dr","neighborhood":"Huntington Palisades","status":"submitted","statusLabel":"Permit Submitted","permitType":"Bldg-New","submittedDate":"2026-03-20","issuedDate":null,"startDate":null,"completedDate":null,"estCompletionDate":"2027-10-22"}},{"type":"Feature","geometry":{"type":"Point","coordinates":[-118.521533,34.039441]},"properties":{"id":508,"address":"1305 Alma Real Dr","neighborhood":"Huntington Palisades","status":"submitted","statusLabel":"Permit Submitted","permitType":"Bldg-New","submittedDate":"2026-05-04","issuedDate":null,"startDate":null,"completedDate":null,"estCompletionDate":"2028-01-23"}},{"type":"Feature","geometry":{"type":"Point","coordinates":[-118.521294,34.039232]},"properties":{"id":509,"address":"1310 Alma Real Dr","neighborhood":"Huntington Palisades","status":"construction","statusLabel":"Under Construction","permitType":"Bldg-New","submittedDate":"2025-03-12","issuedDate":"2025-06-14","startDate":"2025-08-23","completedDate":null,"estCompletionDate":"2026-08-22"}},{"type":"Feature","geometry":{"type":"Point","coordinates":[-118.521314,34.039566]},"properties":{"id":510,"address":"1313 Alma Real Dr","neighborhood":"Huntington Palisades","status":"construction","statusLabel":"Under Construction","permitType":"Bldg-New","submittedDate":"2025-10-17","issuedDate":"2026-02-24","startDate":"2026-04-02","completedDate":null,"estCompletionDate":"2027-05-30"}},{"type":"Feature","geometry":{"type":"Point","coordinates":[-118.521234,34.039192]},"properties":{"id":511,"address":"1318 Alma Real Dr","neighborhood":"Huntington Palisades","status":"construction","statusLabel":"Under Construction","permitType":"Bldg-New","submittedDate":"2025-09-06","issuedDate":"2025-11-21","startDate":"2026-01-11","completedDate":null,"estCompletionDate":"2026-12-28"}},{"type":"Feature","geometry":{"type":"Point","coordinates":[-118.520935,34.039808]},"properties":{"id":512,"address":"1501 Toyopa Dr","neighborhood":"Huntington Palisades","status":"construction","statusLabel":"Under Construction","permitType":"Bldg-New","submittedDate":"2025-06-22","issuedDate":"2025-09-25","startDate":"2025-12-18","completedDate":null,"estCompletionDate":"2027-04-15"}},{"type":"Feature","geometry":{"type":"Point","coordinates":[-118.520779,34.039698]},"properties":{"id":513,"address":"1506 Toyopa Dr","neighborhood":"Huntington Palisades","status":"submitted","statusLabel":"Permit Submitted","permitType":"Bldg-New","submittedDate":"2025-10-04","issuedDate":null,"startDate":null,"completedDate":null,"estCompletionDate":"2027-10-29"}},{"type":"Feature","geometry":{"type":"Point","coordinates":[-118.520695,34.039911]},"properties":{"id":514,"address":"1509 Toyopa Dr","neighborhood":"Huntington Palisades","status":"issued","statusLabel":"Permit Issued","permitType":"Bldg-New","submittedDate":"2025-11-18","issuedDate":"2026-01-21","startDate":null,"completedDate":null,"estCompletionDate":"2027-09-26"}},{"type":"Feature","geometry":{"type":"Point","coordinates":[-118.520515,34.039558]},"properties":{"id":515,"address":"1514 Toyopa Dr","neighborhood":"Huntington Palisades","status":"construction","statusLabel":"Under Construction","permitType":"Bldg-New","submittedDate":"2025-05-29","issuedDate":"2025-07-17","startDate":"2025-08-17","completedDate":null,"estCompletionDate":"2026-11-30"}},{"type":"Feature","geometry":{"type":"Point","coordinates":[-118.520481,34.039739]},"properties":{"id":516,"address":"1517 Toyopa Dr","neighborhood":"Huntington Palisades","status":"construction","statusLabel":"Under Construction","permitType":"Bldg-New","submittedDate":"2025-05-09","issuedDate":"2025-07-14","startDate":"2025-09-15","completedDate":null,"estCompletionDate":"2026-09-24"}},{"type":"Feature","geometry":{"type":"Point","coordinates":[-118.520414,34.039616]},"properties":{"id":517,"address":"1522 Toyopa Dr","neighborhood":"Huntington Palisades","status":"submitted","statusLabel":"Permit Submitted","permitType":"Bldg-New","submittedDate":"2025-09-11","issuedDate":null,"startDate":null,"completedDate":null,"estCompletionDate":"2027-03-28"}},{"type":"Feature","geometry":{"type":"Point","coordinates":[-118.520297,34.039713]},"properties":{"id":518,"address":"1525 Toyopa Dr","neighborhood":"Huntington Palisades","status":"construction","statusLabel":"Under Construction","permitType":"Bldg-New","submittedDate":"2025-05-28","issuedDate":"2025-09-01","startDate":"2025-09-20","completedDate":null,"estCompletionDate":"2026-10-15"}},{"type":"Feature","geometry":{"type":"Point","coordinates":[-118.519987,34.039687]},"properties":{"id":519,"address":"1530 Toyopa Dr","neighborhood":"Huntington Palisades","status":"issued","statusLabel":"Permit Issued","permitType":"Bldg-New","submittedDate":"2025-10-30","issuedDate":"2026-02-06","startDate":null,"completedDate":null,"estCompletionDate":"2027-08-21"}},{"type":"Feature","geometry":{"type":"Point","coordinates":[-118.519966,34.039777]},"properties":{"id":520,"address":"1533 Toyopa Dr","neighborhood":"Huntington Palisades","status":"submitted","statusLabel":"Permit Submitted","permitType":"Bldg-New","submittedDate":"2026-01-20","issuedDate":null,"startDate":null,"completedDate":null,"estCompletionDate":"2027-11-04"}},{"type":"Feature","geometry":{"type":"Point","coordinates":[-118.519828,34.039449]},"properties":{"id":521,"address":"1538 Toyopa Dr","neighborhood":"Huntington Palisades","status":"construction","statusLabel":"Under Construction","permitType":"Bldg-New","submittedDate":"2025-05-31","issuedDate":"2025-09-27","startDate":"2025-10-24","completedDate":null,"estCompletionDate":"2026-09-24"}},{"type":"Feature","geometry":{"type":"Point","coordinates":[-118.519755,34.039734]},"properties":{"id":522,"address":"1541 Toyopa Dr","neighborhood":"Huntington Palisades","status":"construction","statusLabel":"Under Construction","permitType":"Bldg-New","submittedDate":"2025-10-31","issuedDate":"2025-12-19","startDate":"2026-01-20","completedDate":null,"estCompletionDate":"2027-01-21"}},{"type":"Feature","geometry":{"type":"Point","coordinates":[-118.519627,34.039609]},"properties":{"id":523,"address":"1546 Toyopa Dr","neighborhood":"Huntington Palisades","status":"construction","statusLabel":"Under Construction","permitType":"Bldg-New","submittedDate":"2025-05-13","issuedDate":"2025-07-02","startDate":"2025-07-23","completedDate":null,"estCompletionDate":"2026-08-29"}},{"type":"Feature","geometry":{"type":"Point","coordinates":[-118.519511,34.03972]},"properties":{"id":524,"address":"1549 Toyopa Dr","neighborhood":"Huntington Palisades","status":"completed","statusLabel":"Completed (C of O)","permitType":"Bldg-New","submittedDate":"2025-05-07","issuedDate":"2025-07-21","startDate":"2025-08-22","completedDate":"2026-07-06","estCompletionDate":"2026-07-06"}},{"type":"Feature","geometry":{"type":"Point","coordinates":[-118.519432,34.039558]},"properties":{"id":525,"address":"1554 Toyopa Dr","neighborhood":"Huntington Palisades","status":"issued","statusLabel":"Permit Issued","permitType":"Bldg-New","submittedDate":"2025-06-19","issuedDate":"2025-09-02","startDate":null,"completedDate":null,"estCompletionDate":"2027-02-16"}},{"type":"Feature","geometry":{"type":"Point","coordinates":[-118.519371,34.039835]},"properties":{"id":526,"address":"1557 Toyopa Dr","neighborhood":"Huntington Palisades","status":"submitted","statusLabel":"Permit Submitted","permitType":"Bldg-New","submittedDate":"2026-05-06","issuedDate":null,"startDate":null,"completedDate":null,"estCompletionDate":"2027-11-21"}},{"type":"Feature","geometry":{"type":"Point","coordinates":[-118.519224,34.039517]},"properties":{"id":527,"address":"1562 Toyopa Dr","neighborhood":"Huntington Palisades","status":"submitted","statusLabel":"Permit Submitted","permitType":"Bldg-New","submittedDate":"2026-02-07","issuedDate":null,"startDate":null,"completedDate":null,"estCompletionDate":"2027-10-27"}},{"type":"Feature","geometry":{"type":"Point","coordinates":[-118.519022,34.039661]},"properties":{"id":528,"address":"1565 Toyopa Dr","neighborhood":"Huntington Palisades","status":"construction","statusLabel":"Under Construction","permitType":"Bldg-New","submittedDate":"2026-01-03","issuedDate":"2026-03-14","startDate":"2026-05-19","completedDate":null,"estCompletionDate":"2027-05-15"}},{"type":"Feature","geometry":{"type":"Point","coordinates":[-118.518929,34.039379]},"properties":{"id":529,"address":"1570 Toyopa Dr","neighborhood":"Huntington Palisades","status":"submitted","statusLabel":"Permit Submitted","permitType":"Bldg-New","submittedDate":"2026-05-18","issuedDate":null,"startDate":null,"completedDate":null,"estCompletionDate":"2028-03-12"}},{"type":"Feature","geometry":{"type":"Point","coordinates":[-118.518732,34.039657]},"properties":{"id":530,"address":"1573 Toyopa Dr","neighborhood":"Huntington Palisades","status":"submitted","statusLabel":"Permit Submitted","permitType":"Bldg-New","submittedDate":"2026-05-14","issuedDate":null,"startDate":null,"completedDate":null,"estCompletionDate":"2028-02-29"}},{"type":"Feature","geometry":{"type":"Point","coordinates":[-118.518756,34.039377]},"properties":{"id":531,"address":"1578 Toyopa Dr","neighborhood":"Huntington Palisades","status":"submitted","statusLabel":"Permit Submitted","permitType":"Bldg-New","submittedDate":"2026-06-14","issuedDate":null,"startDate":null,"completedDate":null,"estCompletionDate":"2028-05-03"}},{"type":"Feature","geometry":{"type":"Point","coordinates":[-118.518499,34.039578]},"properties":{"id":532,"address":"1581 Toyopa Dr","neighborhood":"Huntington Palisades","status":"submitted","statusLabel":"Permit Submitted","permitType":"Bldg-New","submittedDate":"2026-06-24","issuedDate":null,"startDate":null,"completedDate":null,"estCompletionDate":"2028-06-19"}},{"type":"Feature","geometry":{"type":"Point","coordinates":[-118.518386,34.039487]},"properties":{"id":533,"address":"1586 Toyopa Dr","neighborhood":"Huntington Palisades","status":"submitted","statusLabel":"Permit Submitted","permitType":"Bldg-New","submittedDate":"2026-05-29","issuedDate":null,"startDate":null,"completedDate":null,"estCompletionDate":"2027-12-13"}},{"type":"Feature","geometry":{"type":"Point","coordinates":[-118.518281,34.039587]},"properties":{"id":534,"address":"1589 Toyopa Dr","neighborhood":"Huntington Palisades","status":"issued","statusLabel":"Permit Issued","permitType":"Bldg-New","submittedDate":"2026-04-07","issuedDate":"2026-06-13","startDate":null,"completedDate":null,"estCompletionDate":"2027-12-30"}},{"type":"Feature","geometry":{"type":"Point","coordinates":[-118.518255,34.039485]},"properties":{"id":535,"address":"1594 Toyopa Dr","neighborhood":"Huntington Palisades","status":"construction","statusLabel":"Under Construction","permitType":"Bldg-New","submittedDate":"2025-05-16","issuedDate":"2025-08-25","startDate":"2025-11-13","completedDate":null,"estCompletionDate":"2027-03-28"}},{"type":"Feature","geometry":{"type":"Point","coordinates":[-118.518063,34.039498]},"properties":{"id":536,"address":"1597 Toyopa Dr","neighborhood":"Huntington Palisades","status":"submitted","statusLabel":"Permit Submitted","permitType":"Bldg-New","submittedDate":"2026-03-02","issuedDate":null,"startDate":null,"completedDate":null,"estCompletionDate":"2028-01-01"}},{"type":"Feature","geometry":{"type":"Point","coordinates":[-118.518061,34.039293]},"properties":{"id":537,"address":"1602 Toyopa Dr","neighborhood":"Huntington Palisades","status":"construction","statusLabel":"Under Construction","permitType":"Bldg-New","submittedDate":"2025-11-07","issuedDate":"2026-01-07","startDate":"2026-03-12","completedDate":null,"estCompletionDate":"2027-04-27"}},{"type":"Feature","geometry":{"type":"Point","coordinates":[-118.517819,34.039697]},"properties":{"id":538,"address":"1605 Toyopa Dr","neighborhood":"Huntington Palisades","status":"submitted","statusLabel":"Permit Submitted","permitType":"Bldg-New","submittedDate":"2026-02-10","issuedDate":null,"startDate":null,"completedDate":null,"estCompletionDate":"2027-09-10"}},{"type":"Feature","geometry":{"type":"Point","coordinates":[-118.517815,34.03945]},"properties":{"id":539,"address":"1610 Toyopa Dr","neighborhood":"Huntington Palisades","status":"submitted","statusLabel":"Permit Submitted","permitType":"Bldg-New","submittedDate":"2026-05-13","issuedDate":null,"startDate":null,"completedDate":null,"estCompletionDate":"2028-04-25"}},{"type":"Feature","geometry":{"type":"Point","coordinates":[-118.517514,34.039561]},"properties":{"id":540,"address":"1613 Toyopa Dr","neighborhood":"Huntington Palisades","status":"submitted","statusLabel":"Permit Submitted","permitType":"Bldg-New","submittedDate":"2025-11-23","issuedDate":null,"startDate":null,"completedDate":null,"estCompletionDate":"2027-09-09"}},{"type":"Feature","geometry":{"type":"Point","coordinates":[-118.517529,34.039392]},"properties":{"id":541,"address":"1618 Toyopa Dr","neighborhood":"Huntington Palisades","status":"submitted","statusLabel":"Permit Submitted","permitType":"Bldg-New","submittedDate":"2026-05-29","issuedDate":null,"startDate":null,"completedDate":null,"estCompletionDate":"2028-02-07"}},{"type":"Feature","geometry":{"type":"Point","coordinates":[-118.517548,34.039426]},"properties":{"id":542,"address":"1701 La Cruz Dr","neighborhood":"Huntington Palisades","status":"construction","statusLabel":"Under Construction","permitType":"Bldg-New","submittedDate":"2025-03-19","issuedDate":"2025-07-19","startDate":"2025-08-24","completedDate":null,"estCompletionDate":"2026-10-28"}},{"type":"Feature","geometry":{"type":"Point","coordinates":[-118.517612,34.039211]},"properties":{"id":543,"address":"1706 La Cruz Dr","neighborhood":"Huntington Palisades","status":"submitted","statusLabel":"Permit Submitted","permitType":"Bldg-New","submittedDate":"2026-02-18","issuedDate":null,"startDate":null,"completedDate":null,"estCompletionDate":"2028-02-21"}},{"type":"Feature","geometry":{"type":"Point","coordinates":[-118.517545,34.039683]},"properties":{"id":544,"address":"1709 La Cruz Dr","neighborhood":"Huntington Palisades","status":"construction","statusLabel":"Under Construction","permitType":"Bldg-New","submittedDate":"2025-05-05","issuedDate":"2025-08-02","startDate":"2025-08-21","completedDate":null,"estCompletionDate":"2026-08-15"}},{"type":"Feature","geometry":{"type":"Point","coordinates":[-118.517362,34.039395]},"properties":{"id":545,"address":"1714 La Cruz Dr","neighborhood":"Huntington Palisades","status":"construction","statusLabel":"Under Construction","permitType":"Bldg-New","submittedDate":"2026-01-15","issuedDate":"2026-05-16","startDate":"2026-07-16","completedDate":null,"estCompletionDate":"2027-11-26"}},{"type":"Feature","geometry":{"type":"Point","coordinates":[-118.517292,34.039479]},"properties":{"id":546,"address":"1717 La Cruz Dr","neighborhood":"Huntington Palisades","status":"issued","statusLabel":"Permit Issued","permitType":"Bldg-New","submittedDate":"2026-03-18","issuedDate":"2026-07-16","startDate":null,"completedDate":null,"estCompletionDate":"2028-01-21"}},{"type":"Feature","geometry":{"type":"Point","coordinates":[-118.517306,34.039353]},"properties":{"id":547,"address":"1722 La Cruz Dr","neighborhood":"Huntington Palisades","status":"construction","statusLabel":"Under Construction","permitType":"Bldg-New","submittedDate":"2025-10-05","issuedDate":"2025-11-23","startDate":"2026-02-21","completedDate":null,"estCompletionDate":"2027-07-01"}},{"type":"Feature","geometry":{"type":"Point","coordinates":[-118.517172,34.039651]},"properties":{"id":548,"address":"1725 La Cruz Dr","neighborhood":"Huntington Palisades","status":"submitted","statusLabel":"Permit Submitted","permitType":"Bldg-New","submittedDate":"2026-05-05","issuedDate":null,"startDate":null,"completedDate":null,"estCompletionDate":"2028-04-16"}},{"type":"Feature","geometry":{"type":"Point","coordinates":[-118.517104,34.039453]},"properties":{"id":549,"address":"1730 La Cruz Dr","neighborhood":"Huntington Palisades","status":"construction","statusLabel":"Under Construction","permitType":"Bldg-New","submittedDate":"2025-04-21","issuedDate":"2025-07-09","startDate":"2025-08-03","completedDate":null,"estCompletionDate":"2026-08-12"}},{"type":"Feature","geometry":{"type":"Point","coordinates":[-118.517123,34.039686]},"properties":{"id":550,"address":"1733 La Cruz Dr","neighborhood":"Huntington Palisades","status":"submitted","statusLabel":"Permit Submitted","permitType":"Bldg-New","submittedDate":"2026-03-17","issuedDate":null,"startDate":null,"completedDate":null,"estCompletionDate":"2027-12-28"}},{"type":"Feature","geometry":{"type":"Point","coordinates":[-118.516961,34.039392]},"properties":{"id":551,"address":"1738 La Cruz Dr","neighborhood":"Huntington Palisades","status":"construction","statusLabel":"Under Construction","permitType":"Bldg-New","submittedDate":"2025-12-30","issuedDate":"2026-03-31","startDate":"2026-05-22","completedDate":null,"estCompletionDate":"2027-08-15"}},{"type":"Feature","geometry":{"type":"Point","coordinates":[-118.51685,34.039601]},"properties":{"id":552,"address":"1741 La Cruz Dr","neighborhood":"Huntington Palisades","status":"construction","statusLabel":"Under Construction","permitType":"Bldg-New","submittedDate":"2025-11-20","issuedDate":"2026-02-09","startDate":"2026-04-26","completedDate":null,"estCompletionDate":"2027-05-04"}},{"type":"Feature","geometry":{"type":"Point","coordinates":[-118.516891,34.039261]},"properties":{"id":553,"address":"1746 La Cruz Dr","neighborhood":"Huntington Palisades","status":"construction","statusLabel":"Under Construction","permitType":"Bldg-New","submittedDate":"2025-09-13","issuedDate":"2025-12-27","startDate":"2026-03-08","completedDate":null,"estCompletionDate":"2027-07-19"}},{"type":"Feature","geometry":{"type":"Point","coordinates":[-118.51674,34.039647]},"properties":{"id":554,"address":"1749 La Cruz Dr","neighborhood":"Huntington Palisades","status":"construction","statusLabel":"Under Construction","permitType":"Bldg-New","submittedDate":"2025-12-20","issuedDate":"2026-04-28","startDate":"2026-06-27","completedDate":null,"estCompletionDate":"2027-10-12"}},{"type":"Feature","geometry":{"type":"Point","coordinates":[-118.516623,34.039389]},"properties":{"id":555,"address":"1754 La Cruz Dr","neighborhood":"Huntington Palisades","status":"construction","statusLabel":"Under Construction","permitType":"Bldg-New","submittedDate":"2025-10-21","issuedDate":"2026-01-06","startDate":"2026-04-06","completedDate":null,"estCompletionDate":"2027-04-08"}},{"type":"Feature","geometry":{"type":"Point","coordinates":[-118.51659,34.039608]},"properties":{"id":556,"address":"1757 La Cruz Dr","neighborhood":"Huntington Palisades","status":"construction","statusLabel":"Under Construction","permitType":"Bldg-New","submittedDate":"2025-11-03","issuedDate":"2026-02-24","startDate":"2026-04-12","completedDate":null,"estCompletionDate":"2027-04-21"}},{"type":"Feature","geometry":{"type":"Point","coordinates":[-118.516656,34.039324]},"properties":{"id":557,"address":"1762 La Cruz Dr","neighborhood":"Huntington Palisades","status":"issued","statusLabel":"Permit Issued","permitType":"Bldg-New","submittedDate":"2025-06-12","issuedDate":"2025-09-25","startDate":null,"completedDate":null,"estCompletionDate":"2027-05-12"}},{"type":"Feature","geometry":{"type":"Point","coordinates":[-118.51653,34.039657]},"properties":{"id":558,"address":"1765 La Cruz Dr","neighborhood":"Huntington Palisades","status":"construction","statusLabel":"Under Construction","permitType":"Bldg-New","submittedDate":"2025-10-08","issuedDate":"2026-01-05","startDate":"2026-03-09","completedDate":null,"estCompletionDate":"2027-07-07"}},{"type":"Feature","geometry":{"type":"Point","coordinates":[-118.516413,34.039444]},"properties":{"id":559,"address":"1770 La Cruz Dr","neighborhood":"Huntington Palisades","status":"construction","statusLabel":"Under Construction","permitType":"Bldg-New","submittedDate":"2025-05-15","issuedDate":"2025-09-10","startDate":"2025-10-02","completedDate":null,"estCompletionDate":"2026-12-25"}},{"type":"Feature","geometry":{"type":"Point","coordinates":[-118.516235,34.039559]},"properties":{"id":560,"address":"1773 La Cruz Dr","neighborhood":"Huntington Palisades","status":"submitted","statusLabel":"Permit Submitted","permitType":"Bldg-New","submittedDate":"2026-06-27","issuedDate":null,"startDate":null,"completedDate":null,"estCompletionDate":"2028-03-16"}},{"type":"Feature","geometry":{"type":"Point","coordinates":[-118.516255,34.039506]},"properties":{"id":561,"address":"1778 La Cruz Dr","neighborhood":"Huntington Palisades","status":"construction","statusLabel":"Under Construction","permitType":"Bldg-New","submittedDate":"2025-06-09","issuedDate":"2025-10-13","startDate":"2025-12-23","completedDate":null,"estCompletionDate":"2027-01-06"}},{"type":"Feature","geometry":{"type":"Point","coordinates":[-118.516267,34.039478]},"properties":{"id":562,"address":"1781 La Cruz Dr","neighborhood":"Huntington Palisades","status":"submitted","statusLabel":"Permit Submitted","permitType":"Bldg-New","submittedDate":"2026-06-14","issuedDate":null,"startDate":null,"completedDate":null,"estCompletionDate":"2028-03-07"}},{"type":"Feature","geometry":{"type":"Point","coordinates":[-118.516121,34.039338]},"properties":{"id":563,"address":"1786 La Cruz Dr","neighborhood":"Huntington Palisades","status":"construction","statusLabel":"Under Construction","permitType":"Bldg-New","submittedDate":"2026-01-08","issuedDate":"2026-02-23","startDate":"2026-03-27","completedDate":null,"estCompletionDate":"2027-02-20"}},{"type":"Feature","geometry":{"type":"Point","coordinates":[-118.516035,34.039643]},"properties":{"id":564,"address":"1789 La Cruz Dr","neighborhood":"Huntington Palisades","status":"submitted","statusLabel":"Permit Submitted","permitType":"Bldg-New","submittedDate":"2026-02-11","issuedDate":null,"startDate":null,"completedDate":null,"estCompletionDate":"2028-01-02"}},{"type":"Feature","geometry":{"type":"Point","coordinates":[-118.516018,34.039293]},"properties":{"id":565,"address":"1794 La Cruz Dr","neighborhood":"Huntington Palisades","status":"issued","statusLabel":"Permit Issued","permitType":"Bldg-New","submittedDate":"2025-10-20","issuedDate":"2025-12-31","startDate":null,"completedDate":null,"estCompletionDate":"2027-09-10"}},{"type":"Feature","geometry":{"type":"Point","coordinates":[-118.516041,34.039639]},"properties":{"id":566,"address":"1797 La Cruz Dr","neighborhood":"Huntington Palisades","status":"completed","statusLabel":"Completed (C of O)","permitType":"Bldg-New","submittedDate":"2025-04-05","issuedDate":"2025-06-09","startDate":"2025-07-03","completedDate":"2026-05-22","estCompletionDate":"2026-05-22"}},{"type":"Feature","geometry":{"type":"Point","coordinates":[-118.515782,34.039337]},"properties":{"id":567,"address":"1802 La Cruz Dr","neighborhood":"Huntington Palisades","status":"submitted","statusLabel":"Permit Submitted","permitType":"Bldg-New","submittedDate":"2026-05-03","issuedDate":null,"startDate":null,"completedDate":null,"estCompletionDate":"2028-05-16"}},{"type":"Feature","geometry":{"type":"Point","coordinates":[-118.515745,34.039568]},"properties":{"id":568,"address":"1805 La Cruz Dr","neighborhood":"Huntington Palisades","status":"issued","statusLabel":"Permit Issued","permitType":"Bldg-New","submittedDate":"2026-01-13","issuedDate":"2026-04-24","startDate":null,"completedDate":null,"estCompletionDate":"2027-11-01"}},{"type":"Feature","geometry":{"type":"Point","coordinates":[-118.515761,34.039512]},"properties":{"id":569,"address":"1810 La Cruz Dr","neighborhood":"Huntington Palisades","status":"construction","statusLabel":"Under Construction","permitType":"Bldg-New","submittedDate":"2025-04-09","issuedDate":"2025-07-24","startDate":"2025-09-15","completedDate":null,"estCompletionDate":"2026-12-16"}},{"type":"Feature","geometry":{"type":"Point","coordinates":[-118.515752,34.039689]},"properties":{"id":570,"address":"1813 La Cruz Dr","neighborhood":"Huntington Palisades","status":"construction","statusLabel":"Under Construction","permitType":"Bldg-New","submittedDate":"2025-12-03","issuedDate":"2026-02-14","startDate":"2026-05-06","completedDate":null,"estCompletionDate":"2027-06-08"}},{"type":"Feature","geometry":{"type":"Point","coordinates":[-118.515557,34.03952]},"properties":{"id":571,"address":"1818 La Cruz Dr","neighborhood":"Huntington Palisades","status":"construction","statusLabel":"Under Construction","permitType":"Bldg-New","submittedDate":"2025-08-30","issuedDate":"2025-12-20","startDate":"2026-01-13","completedDate":null,"estCompletionDate":"2027-01-21"}},{"type":"Feature","geometry":{"type":"Point","coordinates":[-118.523755,34.041277]},"properties":{"id":572,"address":"401 El Cerco","neighborhood":"Huntington Palisades","status":"submitted","statusLabel":"Permit Submitted","permitType":"Bldg-New","submittedDate":"2025-12-25","issuedDate":null,"startDate":null,"completedDate":null,"estCompletionDate":"2027-08-08"}},{"type":"Feature","geometry":{"type":"Point","coordinates":[-118.523632,34.040965]},"properties":{"id":573,"address":"406 El Cerco","neighborhood":"Huntington Palisades","status":"completed","statusLabel":"Completed (C of O)","permitType":"Bldg-New","submittedDate":"2025-04-15","issuedDate":"2025-07-01","startDate":"2025-07-14","completedDate":"2026-07-08","estCompletionDate":"2026-07-08"}},{"type":"Feature","geometry":{"type":"Point","coordinates":[-118.523444,34.041298]},"properties":{"id":574,"address":"409 El Cerco","neighborhood":"Huntington Palisades","status":"construction","statusLabel":"Under Construction","permitType":"Bldg-New","submittedDate":"2025-06-09","issuedDate":"2025-10-01","startDate":"2025-12-09","completedDate":null,"estCompletionDate":"2027-04-14"}},{"type":"Feature","geometry":{"type":"Point","coordinates":[-118.523581,34.041032]},"properties":{"id":575,"address":"414 El Cerco","neighborhood":"Huntington Palisades","status":"construction","statusLabel":"Under Construction","permitType":"Bldg-New","submittedDate":"2025-06-11","issuedDate":"2025-09-07","startDate":"2025-11-01","completedDate":null,"estCompletionDate":"2027-01-18"}},{"type":"Feature","geometry":{"type":"Point","coordinates":[-118.523496,34.041238]},"properties":{"id":576,"address":"417 El Cerco","neighborhood":"Huntington Palisades","status":"construction","statusLabel":"Under Construction","permitType":"Bldg-New","submittedDate":"2025-04-23","issuedDate":"2025-06-11","startDate":"2025-08-14","completedDate":null,"estCompletionDate":"2026-08-26"}},{"type":"Feature","geometry":{"type":"Point","coordinates":[-118.523369,34.040917]},"properties":{"id":577,"address":"422 El Cerco","neighborhood":"Huntington Palisades","status":"issued","statusLabel":"Permit Issued","permitType":"Bldg-New","submittedDate":"2025-11-20","issuedDate":"2026-02-16","startDate":null,"completedDate":null,"estCompletionDate":"2027-06-09"}},{"type":"Feature","geometry":{"type":"Point","coordinates":[-118.523097,34.041116]},"properties":{"id":578,"address":"425 El Cerco","neighborhood":"Huntington Palisades","status":"issued","statusLabel":"Permit Issued","permitType":"Bldg-New","submittedDate":"2026-03-04","issuedDate":"2026-07-01","startDate":null,"completedDate":null,"estCompletionDate":"2027-12-18"}},{"type":"Feature","geometry":{"type":"Point","coordinates":[-118.523054,34.040932]},"properties":{"id":579,"address":"430 El Cerco","neighborhood":"Huntington Palisades","status":"construction","statusLabel":"Under Construction","permitType":"Bldg-New","submittedDate":"2025-11-07","issuedDate":"2025-12-30","startDate":"2026-02-15","completedDate":null,"estCompletionDate":"2027-06-11"}},{"type":"Feature","geometry":{"type":"Point","coordinates":[-118.52306,34.041047]},"properties":{"id":580,"address":"433 El Cerco","neighborhood":"Huntington Palisades","status":"construction","statusLabel":"Under Construction","permitType":"Bldg-New","submittedDate":"2025-04-23","issuedDate":"2025-08-19","startDate":"2025-10-17","completedDate":null,"estCompletionDate":"2027-02-10"}},{"type":"Feature","geometry":{"type":"Point","coordinates":[-118.522968,34.040842]},"properties":{"id":581,"address":"438 El Cerco","neighborhood":"Huntington Palisades","status":"construction","statusLabel":"Under Construction","permitType":"Bldg-New","submittedDate":"2025-05-26","issuedDate":"2025-08-05","startDate":"2025-10-07","completedDate":null,"estCompletionDate":"2026-11-22"}},{"type":"Feature","geometry":{"type":"Point","coordinates":[-118.522933,34.041152]},"properties":{"id":582,"address":"441 El Cerco","neighborhood":"Huntington Palisades","status":"construction","statusLabel":"Under Construction","permitType":"Bldg-New","submittedDate":"2025-08-01","issuedDate":"2025-12-07","startDate":"2026-02-28","completedDate":null,"estCompletionDate":"2027-05-04"}},{"type":"Feature","geometry":{"type":"Point","coordinates":[-118.522742,34.040899]},"properties":{"id":583,"address":"446 El Cerco","neighborhood":"Huntington Palisades","status":"submitted","statusLabel":"Permit Submitted","permitType":"Bldg-New","submittedDate":"2026-01-15","issuedDate":null,"startDate":null,"completedDate":null,"estCompletionDate":"2028-02-12"}},{"type":"Feature","geometry":{"type":"Point","coordinates":[-118.522684,34.041073]},"properties":{"id":584,"address":"449 El Cerco","neighborhood":"Huntington Palisades","status":"construction","statusLabel":"Under Construction","permitType":"Bldg-New","submittedDate":"2025-08-21","issuedDate":"2025-10-29","startDate":"2025-11-16","completedDate":null,"estCompletionDate":"2027-02-12"}},{"type":"Feature","geometry":{"type":"Point","coordinates":[-118.522635,34.040801]},"properties":{"id":585,"address":"454 El Cerco","neighborhood":"Huntington Palisades","status":"construction","statusLabel":"Under Construction","permitType":"Bldg-New","submittedDate":"2025-11-15","issuedDate":"2026-01-23","startDate":"2026-04-21","completedDate":null,"estCompletionDate":"2027-05-29"}},{"type":"Feature","geometry":{"type":"Point","coordinates":[-118.522614,34.041005]},"properties":{"id":586,"address":"457 El Cerco","neighborhood":"Huntington Palisades","status":"submitted","statusLabel":"Permit Submitted","permitType":"Bldg-New","submittedDate":"2026-01-23","issuedDate":null,"startDate":null,"completedDate":null,"estCompletionDate":"2028-01-21"}},{"type":"Feature","geometry":{"type":"Point","coordinates":[-118.522529,34.040933]},"properties":{"id":587,"address":"462 El Cerco","neighborhood":"Huntington Palisades","status":"submitted","statusLabel":"Permit Submitted","permitType":"Bldg-New","submittedDate":"2026-07-06","issuedDate":null,"startDate":null,"completedDate":null,"estCompletionDate":"2028-02-25"}},{"type":"Feature","geometry":{"type":"Point","coordinates":[-118.522399,34.041025]},"properties":{"id":588,"address":"465 El Cerco","neighborhood":"Huntington Palisades","status":"construction","statusLabel":"Under Construction","permitType":"Bldg-New","submittedDate":"2026-01-22","issuedDate":"2026-05-14","startDate":"2026-07-15","completedDate":null,"estCompletionDate":"2027-10-19"}},{"type":"Feature","geometry":{"type":"Point","coordinates":[-118.522303,34.040807]},"properties":{"id":589,"address":"470 El Cerco","neighborhood":"Huntington Palisades","status":"construction","statusLabel":"Under Construction","permitType":"Bldg-New","submittedDate":"2025-04-01","issuedDate":"2025-05-26","startDate":"2025-08-14","completedDate":null,"estCompletionDate":"2026-08-28"}},{"type":"Feature","geometry":{"type":"Point","coordinates":[-118.522154,34.041148]},"properties":{"id":590,"address":"473 El Cerco","neighborhood":"Huntington Palisades","status":"submitted","statusLabel":"Permit Submitted","permitType":"Bldg-New","submittedDate":"2026-07-09","issuedDate":null,"startDate":null,"completedDate":null,"estCompletionDate":"2028-01-21"}},{"type":"Feature","geometry":{"type":"Point","coordinates":[-118.522037,34.040948]},"properties":{"id":591,"address":"478 El Cerco","neighborhood":"Huntington Palisades","status":"submitted","statusLabel":"Permit Submitted","permitType":"Bldg-New","submittedDate":"2026-06-18","issuedDate":null,"startDate":null,"completedDate":null,"estCompletionDate":"2028-04-19"}},{"type":"Feature","geometry":{"type":"Point","coordinates":[-118.521969,34.041087]},"properties":{"id":592,"address":"481 El Cerco","neighborhood":"Huntington Palisades","status":"submitted","statusLabel":"Permit Submitted","permitType":"Bldg-New","submittedDate":"2025-12-31","issuedDate":null,"startDate":null,"completedDate":null,"estCompletionDate":"2027-10-12"}},{"type":"Feature","geometry":{"type":"Point","coordinates":[-118.521886,34.040876]},"properties":{"id":593,"address":"486 El Cerco","neighborhood":"Huntington Palisades","status":"construction","statusLabel":"Under Construction","permitType":"Bldg-New","submittedDate":"2025-11-29","issuedDate":"2026-02-05","startDate":"2026-03-17","completedDate":null,"estCompletionDate":"2027-05-14"}},{"type":"Feature","geometry":{"type":"Point","coordinates":[-118.521754,34.040981]},"properties":{"id":594,"address":"489 El Cerco","neighborhood":"Huntington Palisades","status":"submitted","statusLabel":"Permit Submitted","permitType":"Bldg-New","submittedDate":"2026-03-25","issuedDate":null,"startDate":null,"completedDate":null,"estCompletionDate":"2028-02-02"}},{"type":"Feature","geometry":{"type":"Point","coordinates":[-118.521736,34.040867]},"properties":{"id":595,"address":"494 El Cerco","neighborhood":"Huntington Palisades","status":"submitted","statusLabel":"Permit Submitted","permitType":"Bldg-New","submittedDate":"2025-12-17","issuedDate":null,"startDate":null,"completedDate":null,"estCompletionDate":"2027-08-29"}},{"type":"Feature","geometry":{"type":"Point","coordinates":[-118.521524,34.04106]},"properties":{"id":596,"address":"497 El Cerco","neighborhood":"Huntington Palisades","status":"construction","statusLabel":"Under Construction","permitType":"Bldg-New","submittedDate":"2025-11-27","issuedDate":"2026-03-04","startDate":"2026-04-29","completedDate":null,"estCompletionDate":"2027-06-18"}},{"type":"Feature","geometry":{"type":"Point","coordinates":[-118.521551,34.04087]},"properties":{"id":597,"address":"502 El Cerco","neighborhood":"Huntington Palisades","status":"construction","statusLabel":"Under Construction","permitType":"Bldg-New","submittedDate":"2025-07-15","issuedDate":"2025-09-24","startDate":"2025-10-11","completedDate":null,"estCompletionDate":"2027-01-12"}},{"type":"Feature","geometry":{"type":"Point","coordinates":[-118.521394,34.041147]},"properties":{"id":598,"address":"505 El Cerco","neighborhood":"Huntington Palisades","status":"submitted","statusLabel":"Permit Submitted","permitType":"Bldg-New","submittedDate":"2026-01-13","issuedDate":null,"startDate":null,"completedDate":null,"estCompletionDate":"2027-09-03"}},{"type":"Feature","geometry":{"type":"Point","coordinates":[-118.521443,34.040689]},"properties":{"id":599,"address":"510 El Cerco","neighborhood":"Huntington Palisades","status":"submitted","statusLabel":"Permit Submitted","permitType":"Bldg-New","submittedDate":"2025-09-26","issuedDate":null,"startDate":null,"completedDate":null,"estCompletionDate":"2027-09-07"}},{"type":"Feature","geometry":{"type":"Point","coordinates":[-118.521208,34.040923]},"properties":{"id":600,"address":"513 El Cerco","neighborhood":"Huntington Palisades","status":"submitted","statusLabel":"Permit Submitted","permitType":"Bldg-New","submittedDate":"2026-04-16","issuedDate":null,"startDate":null,"completedDate":null,"estCompletionDate":"2028-02-02"}},{"type":"Feature","geometry":{"type":"Point","coordinates":[-118.52127,34.04071]},"properties":{"id":601,"address":"518 El Cerco","neighborhood":"Huntington Palisades","status":"construction","statusLabel":"Under Construction","permitType":"Bldg-New","submittedDate":"2025-06-18","issuedDate":"2025-08-21","startDate":"2025-11-04","completedDate":null,"estCompletionDate":"2027-01-14"}},{"type":"Feature","geometry":{"type":"Point","coordinates":[-118.520265,34.041215]},"properties":{"id":602,"address":"1601 Corona del Mar","neighborhood":"Huntington Palisades","status":"submitted","statusLabel":"Permit Submitted","permitType":"Bldg-New","submittedDate":"2026-06-23","issuedDate":null,"startDate":null,"completedDate":null,"estCompletionDate":"2028-01-15"}},{"type":"Feature","geometry":{"type":"Point","coordinates":[-118.520203,34.041097]},"properties":{"id":603,"address":"1606 Corona del Mar","neighborhood":"Huntington Palisades","status":"submitted","statusLabel":"Permit Submitted","permitType":"Bldg-New","submittedDate":"2026-03-02","issuedDate":null,"startDate":null,"completedDate":null,"estCompletionDate":"2028-03-17"}},{"type":"Feature","geometry":{"type":"Point","coordinates":[-118.520035,34.041322]},"properties":{"id":604,"address":"1609 Corona del Mar","neighborhood":"Huntington Palisades","status":"construction","statusLabel":"Under Construction","permitType":"Bldg-New","submittedDate":"2026-01-12","issuedDate":"2026-03-20","startDate":"2026-05-22","completedDate":null,"estCompletionDate":"2027-09-12"}},{"type":"Feature","geometry":{"type":"Point","coordinates":[-118.519809,34.040977]},"properties":{"id":605,"address":"1614 Corona del Mar","neighborhood":"Huntington Palisades","status":"submitted","statusLabel":"Permit Submitted","permitType":"Bldg-New","submittedDate":"2026-05-24","issuedDate":null,"startDate":null,"completedDate":null,"estCompletionDate":"2028-02-29"}},{"type":"Feature","geometry":{"type":"Point","coordinates":[-118.519919,34.041224]},"properties":{"id":606,"address":"1617 Corona del Mar","neighborhood":"Huntington Palisades","status":"submitted","statusLabel":"Permit Submitted","permitType":"Bldg-New","submittedDate":"2025-11-24","issuedDate":null,"startDate":null,"completedDate":null,"estCompletionDate":"2027-11-23"}},{"type":"Feature","geometry":{"type":"Point","coordinates":[-118.519702,34.040958]},"properties":{"id":607,"address":"1622 Corona del Mar","neighborhood":"Huntington Palisades","status":"construction","statusLabel":"Under Construction","permitType":"Bldg-New","submittedDate":"2025-04-26","issuedDate":"2025-06-20","startDate":"2025-08-07","completedDate":null,"estCompletionDate":"2026-08-04"}},{"type":"Feature","geometry":{"type":"Point","coordinates":[-118.519679,34.041276]},"properties":{"id":608,"address":"1625 Corona del Mar","neighborhood":"Huntington Palisades","status":"construction","statusLabel":"Under Construction","permitType":"Bldg-New","submittedDate":"2025-10-06","issuedDate":"2025-12-01","startDate":"2026-02-02","completedDate":null,"estCompletionDate":"2027-06-06"}},{"type":"Feature","geometry":{"type":"Point","coordinates":[-118.519497,34.040997]},"properties":{"id":609,"address":"1630 Corona del Mar","neighborhood":"Huntington Palisades","status":"submitted","statusLabel":"Permit Submitted","permitType":"Bldg-New","submittedDate":"2026-01-26","issuedDate":null,"startDate":null,"completedDate":null,"estCompletionDate":"2027-08-10"}},{"type":"Feature","geometry":{"type":"Point","coordinates":[-118.519335,34.041123]},"properties":{"id":610,"address":"1633 Corona del Mar","neighborhood":"Huntington Palisades","status":"construction","statusLabel":"Under Construction","permitType":"Bldg-New","submittedDate":"2025-06-11","issuedDate":"2025-09-13","startDate":"2025-11-26","completedDate":null,"estCompletionDate":"2027-02-14"}},{"type":"Feature","geometry":{"type":"Point","coordinates":[-118.519153,34.040904]},"properties":{"id":611,"address":"1638 Corona del Mar","neighborhood":"Huntington Palisades","status":"submitted","statusLabel":"Permit Submitted","permitType":"Bldg-New","submittedDate":"2026-01-04","issuedDate":null,"startDate":null,"completedDate":null,"estCompletionDate":"2027-10-02"}},{"type":"Feature","geometry":{"type":"Point","coordinates":[-118.519083,34.041247]},"properties":{"id":612,"address":"1641 Corona del Mar","neighborhood":"Huntington Palisades","status":"construction","statusLabel":"Under Construction","permitType":"Bldg-New","submittedDate":"2025-12-02","issuedDate":"2026-03-15","startDate":"2026-04-27","completedDate":null,"estCompletionDate":"2027-05-15"}},{"type":"Feature","geometry":{"type":"Point","coordinates":[-118.518912,34.04089]},"properties":{"id":613,"address":"1646 Corona del Mar","neighborhood":"Huntington Palisades","status":"construction","statusLabel":"Under Construction","permitType":"Bldg-New","submittedDate":"2025-06-29","issuedDate":"2025-09-02","startDate":"2025-10-23","completedDate":null,"estCompletionDate":"2026-12-19"}},{"type":"Feature","geometry":{"type":"Point","coordinates":[-118.518865,34.041145]},"properties":{"id":614,"address":"1649 Corona del Mar","neighborhood":"Huntington Palisades","status":"submitted","statusLabel":"Permit Submitted","permitType":"Bldg-New","submittedDate":"2025-11-27","issuedDate":null,"startDate":null,"completedDate":null,"estCompletionDate":"2027-07-23"}},{"type":"Feature","geometry":{"type":"Point","coordinates":[-118.518737,34.040881]},"properties":{"id":615,"address":"1654 Corona del Mar","neighborhood":"Huntington Palisades","status":"construction","statusLabel":"Under Construction","permitType":"Bldg-New","submittedDate":"2025-10-06","issuedDate":"2026-01-17","startDate":"2026-03-31","completedDate":null,"estCompletionDate":"2027-03-02"}},{"type":"Feature","geometry":{"type":"Point","coordinates":[-118.518534,34.041217]},"properties":{"id":616,"address":"1657 Corona del Mar","neighborhood":"Huntington Palisades","status":"construction","statusLabel":"Under Construction","permitType":"Bldg-New","submittedDate":"2026-01-14","issuedDate":"2026-04-28","startDate":"2026-06-04","completedDate":null,"estCompletionDate":"2027-09-22"}},{"type":"Feature","geometry":{"type":"Point","coordinates":[-118.518511,34.04084]},"properties":{"id":617,"address":"1662 Corona del Mar","neighborhood":"Huntington Palisades","status":"construction","statusLabel":"Under Construction","permitType":"Bldg-New","submittedDate":"2025-11-10","issuedDate":"2026-03-05","startDate":"2026-04-06","completedDate":null,"estCompletionDate":"2027-04-07"}},{"type":"Feature","geometry":{"type":"Point","coordinates":[-118.518291,34.041182]},"properties":{"id":618,"address":"1665 Corona del Mar","neighborhood":"Huntington Palisades","status":"construction","statusLabel":"Under Construction","permitType":"Bldg-New","submittedDate":"2025-09-23","issuedDate":"2025-12-04","startDate":"2026-02-18","completedDate":null,"estCompletionDate":"2027-05-09"}},{"type":"Feature","geometry":{"type":"Point","coordinates":[-118.518216,34.040786]},"properties":{"id":619,"address":"1670 Corona del Mar","neighborhood":"Huntington Palisades","status":"construction","statusLabel":"Under Construction","permitType":"Bldg-New","submittedDate":"2025-11-25","issuedDate":"2026-02-21","startDate":"2026-04-04","completedDate":null,"estCompletionDate":"2027-05-13"}},{"type":"Feature","geometry":{"type":"Point","coordinates":[-118.518201,34.04113]},"properties":{"id":620,"address":"1673 Corona del Mar","neighborhood":"Huntington Palisades","status":"submitted","statusLabel":"Permit Submitted","permitType":"Bldg-New","submittedDate":"2025-09-20","issuedDate":null,"startDate":null,"completedDate":null,"estCompletionDate":"2027-06-27"}},{"type":"Feature","geometry":{"type":"Point","coordinates":[-118.517952,34.040903]},"properties":{"id":621,"address":"1678 Corona del Mar","neighborhood":"Huntington Palisades","status":"submitted","statusLabel":"Permit Submitted","permitType":"Bldg-New","submittedDate":"2026-02-28","issuedDate":null,"startDate":null,"completedDate":null,"estCompletionDate":"2027-11-23"}},{"type":"Feature","geometry":{"type":"Point","coordinates":[-118.517849,34.041011]},"properties":{"id":622,"address":"1681 Corona del Mar","neighborhood":"Huntington Palisades","status":"construction","statusLabel":"Under Construction","permitType":"Bldg-New","submittedDate":"2025-12-31","issuedDate":"2026-03-26","startDate":"2026-05-17","completedDate":null,"estCompletionDate":"2027-08-04"}},{"type":"Feature","geometry":{"type":"Point","coordinates":[-118.51771,34.040839]},"properties":{"id":623,"address":"1686 Corona del Mar","neighborhood":"Huntington Palisades","status":"construction","statusLabel":"Under Construction","permitType":"Bldg-New","submittedDate":"2025-03-17","issuedDate":"2025-07-15","startDate":"2025-08-14","completedDate":null,"estCompletionDate":"2026-08-21"}},{"type":"Feature","geometry":{"type":"Point","coordinates":[-118.517755,34.041201]},"properties":{"id":624,"address":"1689 Corona del Mar","neighborhood":"Huntington Palisades","status":"completed","statusLabel":"Completed (C of O)","permitType":"Bldg-New","submittedDate":"2025-03-05","issuedDate":"2025-04-24","startDate":"2025-05-29","completedDate":"2026-03-26","estCompletionDate":"2026-03-26"}},{"type":"Feature","geometry":{"type":"Point","coordinates":[-118.517545,34.040779]},"properties":{"id":625,"address":"1694 Corona del Mar","neighborhood":"Huntington Palisades","status":"issued","statusLabel":"Permit Issued","permitType":"Bldg-New","submittedDate":"2025-06-18","issuedDate":"2025-08-15","startDate":null,"completedDate":null,"estCompletionDate":"2027-03-07"}},{"type":"Feature","geometry":{"type":"Point","coordinates":[-118.51745,34.040978]},"properties":{"id":626,"address":"1697 Corona del Mar","neighborhood":"Huntington Palisades","status":"issued","statusLabel":"Permit Issued","permitType":"Bldg-New","submittedDate":"2026-01-29","issuedDate":"2026-05-10","startDate":null,"completedDate":null,"estCompletionDate":"2027-09-08"}},{"type":"Feature","geometry":{"type":"Point","coordinates":[-118.517383,34.040911]},"properties":{"id":627,"address":"1702 Corona del Mar","neighborhood":"Huntington Palisades","status":"issued","statusLabel":"Permit Issued","permitType":"Bldg-New","submittedDate":"2025-08-12","issuedDate":"2025-10-06","startDate":null,"completedDate":null,"estCompletionDate":"2027-05-07"}},{"type":"Feature","geometry":{"type":"Point","coordinates":[-118.517163,34.041132]},"properties":{"id":628,"address":"1705 Corona del Mar","neighborhood":"Huntington Palisades","status":"submitted","statusLabel":"Permit Submitted","permitType":"Bldg-New","submittedDate":"2026-03-30","issuedDate":null,"startDate":null,"completedDate":null,"estCompletionDate":"2028-01-03"}},{"type":"Feature","geometry":{"type":"Point","coordinates":[-118.51712,34.040845]},"properties":{"id":629,"address":"1710 Corona del Mar","neighborhood":"Huntington Palisades","status":"completed","statusLabel":"Completed (C of O)","permitType":"Bldg-New","submittedDate":"2025-03-14","issuedDate":"2025-05-15","startDate":"2025-06-22","completedDate":"2026-07-16","estCompletionDate":"2026-07-16"}},{"type":"Feature","geometry":{"type":"Point","coordinates":[-118.517006,34.040922]},"properties":{"id":630,"address":"1713 Corona del Mar","neighborhood":"Huntington Palisades","status":"submitted","statusLabel":"Permit Submitted","permitType":"Bldg-New","submittedDate":"2025-09-14","issuedDate":null,"startDate":null,"completedDate":null,"estCompletionDate":"2027-06-08"}},{"type":"Feature","geometry":{"type":"Point","coordinates":[-118.516779,34.040742]},"properties":{"id":631,"address":"1718 Corona del Mar","neighborhood":"Huntington Palisades","status":"construction","statusLabel":"Under Construction","permitType":"Bldg-New","submittedDate":"2025-06-04","issuedDate":"2025-09-15","startDate":"2025-11-03","completedDate":null,"estCompletionDate":"2027-03-13"}},{"type":"Feature","geometry":{"type":"Point","coordinates":[-118.517571,34.04147]},"properties":{"id":632,"address":"401 Chautauqua Blvd","neighborhood":"Huntington Palisades","status":"submitted","statusLabel":"Permit Submitted","permitType":"Bldg-New","submittedDate":"2025-12-17","issuedDate":null,"startDate":null,"completedDate":null,"estCompletionDate":"2027-11-02"}},{"type":"Feature","geometry":{"type":"Point","coordinates":[-118.517507,34.041126]},"properties":{"id":633,"address":"406 Chautauqua Blvd","neighborhood":"Huntington Palisades","status":"submitted","statusLabel":"Permit Submitted","permitType":"Bldg-New","submittedDate":"2026-01-17","issuedDate":null,"startDate":null,"completedDate":null,"estCompletionDate":"2028-01-10"}},{"type":"Feature","geometry":{"type":"Point","coordinates":[-118.517193,34.041371]},"properties":{"id":634,"address":"409 Chautauqua Blvd","neighborhood":"Huntington Palisades","status":"submitted","statusLabel":"Permit Submitted","permitType":"Bldg-New","submittedDate":"2026-02-23","issuedDate":null,"startDate":null,"completedDate":null,"estCompletionDate":"2028-01-15"}},{"type":"Feature","geometry":{"type":"Point","coordinates":[-118.517279,34.041298]},"properties":{"id":635,"address":"414 Chautauqua Blvd","neighborhood":"Huntington Palisades","status":"submitted","statusLabel":"Permit Submitted","permitType":"Bldg-New","submittedDate":"2025-12-11","issuedDate":null,"startDate":null,"completedDate":null,"estCompletionDate":"2027-08-24"}},{"type":"Feature","geometry":{"type":"Point","coordinates":[-118.517179,34.041371]},"properties":{"id":636,"address":"417 Chautauqua Blvd","neighborhood":"Huntington Palisades","status":"construction","statusLabel":"Under Construction","permitType":"Bldg-New","submittedDate":"2025-12-12","issuedDate":"2026-03-02","startDate":"2026-05-16","completedDate":null,"estCompletionDate":"2027-07-17"}},{"type":"Feature","geometry":{"type":"Point","coordinates":[-118.517043,34.041325]},"properties":{"id":637,"address":"422 Chautauqua Blvd","neighborhood":"Huntington Palisades","status":"construction","statusLabel":"Under Construction","permitType":"Bldg-New","submittedDate":"2025-07-21","issuedDate":"2025-09-28","startDate":"2025-11-18","completedDate":null,"estCompletionDate":"2026-10-17"}},{"type":"Feature","geometry":{"type":"Point","coordinates":[-118.51704,34.041473]},"properties":{"id":638,"address":"425 Chautauqua Blvd","neighborhood":"Huntington Palisades","status":"submitted","statusLabel":"Permit Submitted","permitType":"Bldg-New","submittedDate":"2026-04-10","issuedDate":null,"startDate":null,"completedDate":null,"estCompletionDate":"2027-11-24"}},{"type":"Feature","geometry":{"type":"Point","coordinates":[-118.516783,34.04118]},"properties":{"id":639,"address":"430 Chautauqua Blvd","neighborhood":"Huntington Palisades","status":"construction","statusLabel":"Under Construction","permitType":"Bldg-New","submittedDate":"2025-07-08","issuedDate":"2025-11-12","startDate":"2026-02-10","completedDate":null,"estCompletionDate":"2027-05-04"}},{"type":"Feature","geometry":{"type":"Point","coordinates":[-118.516676,34.041371]},"properties":{"id":640,"address":"433 Chautauqua Blvd","neighborhood":"Huntington Palisades","status":"submitted","statusLabel":"Permit Submitted","permitType":"Bldg-New","submittedDate":"2025-11-12","issuedDate":null,"startDate":null,"completedDate":null,"estCompletionDate":"2027-08-30"}},{"type":"Feature","geometry":{"type":"Point","coordinates":[-118.516572,34.041153]},"properties":{"id":641,"address":"438 Chautauqua Blvd","neighborhood":"Huntington Palisades","status":"issued","statusLabel":"Permit Issued","permitType":"Bldg-New","submittedDate":"2026-02-23","issuedDate":"2026-05-03","startDate":null,"completedDate":null,"estCompletionDate":"2027-11-25"}},{"type":"Feature","geometry":{"type":"Point","coordinates":[-118.51665,34.041391]},"properties":{"id":642,"address":"441 Chautauqua Blvd","neighborhood":"Huntington Palisades","status":"construction","statusLabel":"Under Construction","permitType":"Bldg-New","submittedDate":"2025-09-06","issuedDate":"2025-10-22","startDate":"2026-01-17","completedDate":null,"estCompletionDate":"2027-05-13"}},{"type":"Feature","geometry":{"type":"Point","coordinates":[-118.516458,34.041388]},"properties":{"id":643,"address":"446 Chautauqua Blvd","neighborhood":"Huntington Palisades","status":"construction","statusLabel":"Under Construction","permitType":"Bldg-New","submittedDate":"2025-06-13","issuedDate":"2025-09-10","startDate":"2025-11-24","completedDate":null,"estCompletionDate":"2026-10-22"}},{"type":"Feature","geometry":{"type":"Point","coordinates":[-118.516415,34.041414]},"properties":{"id":644,"address":"449 Chautauqua Blvd","neighborhood":"Huntington Palisades","status":"construction","statusLabel":"Under Construction","permitType":"Bldg-New","submittedDate":"2025-07-20","issuedDate":"2025-09-16","startDate":"2025-12-09","completedDate":null,"estCompletionDate":"2027-04-14"}},{"type":"Feature","geometry":{"type":"Point","coordinates":[-118.516271,34.041233]},"properties":{"id":645,"address":"454 Chautauqua Blvd","neighborhood":"Huntington Palisades","status":"construction","statusLabel":"Under Construction","permitType":"Bldg-New","submittedDate":"2025-03-23","issuedDate":"2025-06-29","startDate":"2025-07-14","completedDate":null,"estCompletionDate":"2026-08-11"}},{"type":"Feature","geometry":{"type":"Point","coordinates":[-118.516102,34.041549]},"properties":{"id":646,"address":"457 Chautauqua Blvd","neighborhood":"Huntington Palisades","status":"issued","statusLabel":"Permit Issued","permitType":"Bldg-New","submittedDate":"2025-12-14","issuedDate":"2026-01-31","startDate":null,"completedDate":null,"estCompletionDate":"2027-10-04"}},{"type":"Feature","geometry":{"type":"Point","coordinates":[-118.515981,34.041375]},"properties":{"id":647,"address":"462 Chautauqua Blvd","neighborhood":"Huntington Palisades","status":"construction","statusLabel":"Under Construction","permitType":"Bldg-New","submittedDate":"2025-12-11","issuedDate":"2026-03-08","startDate":"2026-04-19","completedDate":null,"estCompletionDate":"2027-07-21"}},{"type":"Feature","geometry":{"type":"Point","coordinates":[-118.515898,34.041556]},"properties":{"id":648,"address":"465 Chautauqua Blvd","neighborhood":"Huntington Palisades","status":"construction","statusLabel":"Under Construction","permitType":"Bldg-New","submittedDate":"2025-10-18","issuedDate":"2026-02-20","startDate":"2026-05-14","completedDate":null,"estCompletionDate":"2027-05-26"}},{"type":"Feature","geometry":{"type":"Point","coordinates":[-118.515832,34.041453]},"properties":{"id":649,"address":"470 Chautauqua Blvd","neighborhood":"Huntington Palisades","status":"submitted","statusLabel":"Permit Submitted","permitType":"Bldg-New","submittedDate":"2026-04-15","issuedDate":null,"startDate":null,"completedDate":null,"estCompletionDate":"2028-02-08"}},{"type":"Feature","geometry":{"type":"Point","coordinates":[-118.515681,34.041578]},"properties":{"id":650,"address":"473 Chautauqua Blvd","neighborhood":"Huntington Palisades","status":"construction","statusLabel":"Under Construction","permitType":"Bldg-New","submittedDate":"2025-06-20","issuedDate":"2025-09-05","startDate":"2025-09-28","completedDate":null,"estCompletionDate":"2026-12-24"}},{"type":"Feature","geometry":{"type":"Point","coordinates":[-118.515639,34.041334]},"properties":{"id":651,"address":"478 Chautauqua Blvd","neighborhood":"Huntington Palisades","status":"construction","statusLabel":"Under Construction","permitType":"Bldg-New","submittedDate":"2025-08-04","issuedDate":"2025-12-04","startDate":"2025-12-23","completedDate":null,"estCompletionDate":"2026-11-21"}},{"type":"Feature","geometry":{"type":"Point","coordinates":[-118.515607,34.041579]},"properties":{"id":652,"address":"481 Chautauqua Blvd","neighborhood":"Huntington Palisades","status":"submitted","statusLabel":"Permit Submitted","permitType":"Bldg-New","submittedDate":"2026-01-16","issuedDate":null,"startDate":null,"completedDate":null,"estCompletionDate":"2027-11-22"}},{"type":"Feature","geometry":{"type":"Point","coordinates":[-118.515441,34.041346]},"properties":{"id":653,"address":"486 Chautauqua Blvd","neighborhood":"Huntington Palisades","status":"construction","statusLabel":"Under Construction","permitType":"Bldg-New","submittedDate":"2025-12-10","issuedDate":"2026-03-10","startDate":"2026-05-01","completedDate":null,"estCompletionDate":"2027-05-25"}},{"type":"Feature","geometry":{"type":"Point","coordinates":[-118.515421,34.041515]},"properties":{"id":654,"address":"489 Chautauqua Blvd","neighborhood":"Huntington Palisades","status":"construction","statusLabel":"Under Construction","permitType":"Bldg-New","submittedDate":"2025-06-27","issuedDate":"2025-09-17","startDate":"2025-11-25","completedDate":null,"estCompletionDate":"2026-10-22"}},{"type":"Feature","geometry":{"type":"Point","coordinates":[-118.515193,34.041386]},"properties":{"id":655,"address":"494 Chautauqua Blvd","neighborhood":"Huntington Palisades","status":"submitted","statusLabel":"Permit Submitted","permitType":"Bldg-New","submittedDate":"2026-06-01","issuedDate":null,"startDate":null,"completedDate":null,"estCompletionDate":"2028-05-12"}},{"type":"Feature","geometry":{"type":"Point","coordinates":[-118.515214,34.041467]},"properties":{"id":656,"address":"497 Chautauqua Blvd","neighborhood":"Huntington Palisades","status":"submitted","statusLabel":"Permit Submitted","permitType":"Bldg-New","submittedDate":"2026-04-23","issuedDate":null,"startDate":null,"completedDate":null,"estCompletionDate":"2028-03-22"}},{"type":"Feature","geometry":{"type":"Point","coordinates":[-118.515002,34.041417]},"properties":{"id":657,"address":"502 Chautauqua Blvd","neighborhood":"Huntington Palisades","status":"construction","statusLabel":"Under Construction","permitType":"Bldg-New","submittedDate":"2025-10-18","issuedDate":"2026-02-20","startDate":"2026-03-10","completedDate":null,"estCompletionDate":"2027-07-03"}},{"type":"Feature","geometry":{"type":"Point","coordinates":[-118.515,34.041492]},"properties":{"id":658,"address":"505 Chautauqua Blvd","neighborhood":"Huntington Palisades","status":"construction","statusLabel":"Under Construction","permitType":"Bldg-New","submittedDate":"2025-10-01","issuedDate":"2025-11-25","startDate":"2026-01-16","completedDate":null,"estCompletionDate":"2027-01-08"}},{"type":"Feature","geometry":{"type":"Point","coordinates":[-118.515,34.041311]},"properties":{"id":659,"address":"510 Chautauqua Blvd","neighborhood":"Huntington Palisades","status":"issued","statusLabel":"Permit Issued","permitType":"Bldg-New","submittedDate":"2025-12-11","issuedDate":"2026-02-17","startDate":null,"completedDate":null,"estCompletionDate":"2027-07-06"}},{"type":"Feature","geometry":{"type":"Point","coordinates":[-118.515,34.041701]},"properties":{"id":660,"address":"513 Chautauqua Blvd","neighborhood":"Huntington Palisades","status":"submitted","statusLabel":"Permit Submitted","permitType":"Bldg-New","submittedDate":"2026-01-24","issuedDate":null,"startDate":null,"completedDate":null,"estCompletionDate":"2027-08-20"}},{"type":"Feature","geometry":{"type":"Point","coordinates":[-118.515,34.041444]},"properties":{"id":661,"address":"518 Chautauqua Blvd","neighborhood":"Huntington Palisades","status":"submitted","statusLabel":"Permit Submitted","permitType":"Bldg-New","submittedDate":"2026-06-26","issuedDate":null,"startDate":null,"completedDate":null,"estCompletionDate":"2028-05-30"}},{"type":"Feature","geometry":{"type":"Point","coordinates":[-118.523498,34.042936]},"properties":{"id":662,"address":"1701 Ithaca Dr","neighborhood":"Huntington Palisades","status":"construction","statusLabel":"Under Construction","permitType":"Bldg-New","submittedDate":"2025-10-30","issuedDate":"2026-03-06","startDate":"2026-05-28","completedDate":null,"estCompletionDate":"2027-08-27"}},{"type":"Feature","geometry":{"type":"Point","coordinates":[-118.523391,34.042853]},"properties":{"id":663,"address":"1706 Ithaca Dr","neighborhood":"Huntington Palisades","status":"construction","statusLabel":"Under Construction","permitType":"Bldg-New","submittedDate":"2025-06-28","issuedDate":"2025-08-25","startDate":"2025-11-01","completedDate":null,"estCompletionDate":"2026-11-02"}},{"type":"Feature","geometry":{"type":"Point","coordinates":[-118.523245,34.042832]},"properties":{"id":664,"address":"1709 Ithaca Dr","neighborhood":"Huntington Palisades","status":"submitted","statusLabel":"Permit Submitted","permitType":"Bldg-New","submittedDate":"2025-12-26","issuedDate":null,"startDate":null,"completedDate":null,"estCompletionDate":"2027-08-24"}},{"type":"Feature","geometry":{"type":"Point","coordinates":[-118.523231,34.042815]},"properties":{"id":665,"address":"1714 Ithaca Dr","neighborhood":"Huntington Palisades","status":"construction","statusLabel":"Under Construction","permitType":"Bldg-New","submittedDate":"2026-01-04","issuedDate":"2026-02-24","startDate":"2026-03-15","completedDate":null,"estCompletionDate":"2027-02-09"}},{"type":"Feature","geometry":{"type":"Point","coordinates":[-118.52306,34.042954]},"properties":{"id":666,"address":"1717 Ithaca Dr","neighborhood":"Huntington Palisades","status":"submitted","statusLabel":"Permit Submitted","permitType":"Bldg-New","submittedDate":"2025-12-30","issuedDate":null,"startDate":null,"completedDate":null,"estCompletionDate":"2027-10-01"}},{"type":"Feature","geometry":{"type":"Point","coordinates":[-118.523164,34.042772]},"properties":{"id":667,"address":"1722 Ithaca Dr","neighborhood":"Huntington Palisades","status":"construction","statusLabel":"Under Construction","permitType":"Bldg-New","submittedDate":"2025-12-12","issuedDate":"2026-03-25","startDate":"2026-05-29","completedDate":null,"estCompletionDate":"2027-08-26"}},{"type":"Feature","geometry":{"type":"Point","coordinates":[-118.523111,34.042907]},"properties":{"id":668,"address":"1725 Ithaca Dr","neighborhood":"Huntington Palisades","status":"issued","statusLabel":"Permit Issued","permitType":"Bldg-New","submittedDate":"2026-01-03","issuedDate":"2026-05-18","startDate":null,"completedDate":null,"estCompletionDate":"2027-12-20"}},{"type":"Feature","geometry":{"type":"Point","coordinates":[-118.522927,34.042832]},"properties":{"id":669,"address":"1730 Ithaca Dr","neighborhood":"Huntington Palisades","status":"construction","statusLabel":"Under Construction","permitType":"Bldg-New","submittedDate":"2025-03-19","issuedDate":"2025-05-16","startDate":"2025-06-04","completedDate":null,"estCompletionDate":"2026-10-03"}},{"type":"Feature","geometry":{"type":"Point","coordinates":[-118.52272,34.042814]},"properties":{"id":670,"address":"1733 Ithaca Dr","neighborhood":"Huntington Palisades","status":"issued","statusLabel":"Permit Issued","permitType":"Bldg-New","submittedDate":"2025-09-22","issuedDate":"2025-12-16","startDate":null,"completedDate":null,"estCompletionDate":"2027-08-22"}},{"type":"Feature","geometry":{"type":"Point","coordinates":[-118.522734,34.042852]},"properties":{"id":671,"address":"1738 Ithaca Dr","neighborhood":"Huntington Palisades","status":"issued","statusLabel":"Permit Issued","permitType":"Bldg-New","submittedDate":"2026-01-15","issuedDate":"2026-06-04","startDate":null,"completedDate":null,"estCompletionDate":"2027-11-24"}},{"type":"Feature","geometry":{"type":"Point","coordinates":[-118.522602,34.043074]},"properties":{"id":672,"address":"1741 Ithaca Dr","neighborhood":"Huntington Palisades","status":"construction","statusLabel":"Under Construction","permitType":"Bldg-New","submittedDate":"2025-06-06","issuedDate":"2025-09-20","startDate":"2025-11-15","completedDate":null,"estCompletionDate":"2026-12-04"}},{"type":"Feature","geometry":{"type":"Point","coordinates":[-118.522619,34.04269]},"properties":{"id":673,"address":"1746 Ithaca Dr","neighborhood":"Huntington Palisades","status":"construction","statusLabel":"Under Construction","permitType":"Bldg-New","submittedDate":"2025-04-12","issuedDate":"2025-07-11","startDate":"2025-09-15","completedDate":null,"estCompletionDate":"2027-01-11"}},{"type":"Feature","geometry":{"type":"Point","coordinates":[-118.522436,34.043034]},"properties":{"id":674,"address":"1749 Ithaca Dr","neighborhood":"Huntington Palisades","status":"submitted","statusLabel":"Permit Submitted","permitType":"Bldg-New","submittedDate":"2026-05-14","issuedDate":null,"startDate":null,"completedDate":null,"estCompletionDate":"2028-04-11"}},{"type":"Feature","geometry":{"type":"Point","coordinates":[-118.522411,34.042848]},"properties":{"id":675,"address":"1754 Ithaca Dr","neighborhood":"Huntington Palisades","status":"issued","statusLabel":"Permit Issued","permitType":"Bldg-New","submittedDate":"2026-02-10","issuedDate":"2026-04-02","startDate":null,"completedDate":null,"estCompletionDate":"2027-08-24"}},{"type":"Feature","geometry":{"type":"Point","coordinates":[-118.522259,34.043093]},"properties":{"id":676,"address":"1757 Ithaca Dr","neighborhood":"Huntington Palisades","status":"issued","statusLabel":"Permit Issued","permitType":"Bldg-New","submittedDate":"2026-04-01","issuedDate":"2026-07-16","startDate":null,"completedDate":null,"estCompletionDate":"2028-02-02"}},{"type":"Feature","geometry":{"type":"Point","coordinates":[-118.522308,34.042743]},"properties":{"id":677,"address":"1762 Ithaca Dr","neighborhood":"Huntington Palisades","status":"construction","statusLabel":"Under Construction","permitType":"Bldg-New","submittedDate":"2025-08-08","issuedDate":"2025-09-24","startDate":"2025-10-25","completedDate":null,"estCompletionDate":"2027-02-15"}},{"type":"Feature","geometry":{"type":"Point","coordinates":[-118.522189,34.043052]},"properties":{"id":678,"address":"1765 Ithaca Dr","neighborhood":"Huntington Palisades","status":"construction","statusLabel":"Under Construction","permitType":"Bldg-New","submittedDate":"2025-03-08","issuedDate":"2025-04-26","startDate":"2025-05-25","completedDate":null,"estCompletionDate":"2026-08-18"}},{"type":"Feature","geometry":{"type":"Point","coordinates":[-118.522125,34.042857]},"properties":{"id":679,"address":"1770 Ithaca Dr","neighborhood":"Huntington Palisades","status":"submitted","statusLabel":"Permit Submitted","permitType":"Bldg-New","submittedDate":"2026-05-31","issuedDate":null,"startDate":null,"completedDate":null,"estCompletionDate":"2028-01-20"}},{"type":"Feature","geometry":{"type":"Point","coordinates":[-118.522042,34.042975]},"properties":{"id":680,"address":"1773 Ithaca Dr","neighborhood":"Huntington Palisades","status":"construction","statusLabel":"Under Construction","permitType":"Bldg-New","submittedDate":"2025-07-27","issuedDate":"2025-11-23","startDate":"2025-12-26","completedDate":null,"estCompletionDate":"2027-04-19"}},{"type":"Feature","geometry":{"type":"Point","coordinates":[-118.522005,34.042836]},"properties":{"id":681,"address":"1778 Ithaca Dr","neighborhood":"Huntington Palisades","status":"construction","statusLabel":"Under Construction","permitType":"Bldg-New","submittedDate":"2025-12-29","issuedDate":"2026-03-27","startDate":"2026-06-04","completedDate":null,"estCompletionDate":"2027-07-14"}},{"type":"Feature","geometry":{"type":"Point","coordinates":[-118.521881,34.042966]},"properties":{"id":682,"address":"1781 Ithaca Dr","neighborhood":"Huntington Palisades","status":"submitted","statusLabel":"Permit Submitted","permitType":"Bldg-New","submittedDate":"2025-09-23","issuedDate":null,"startDate":null,"completedDate":null,"estCompletionDate":"2027-06-02"}},{"type":"Feature","geometry":{"type":"Point","coordinates":[-118.521771,34.042902]},"properties":{"id":683,"address":"1786 Ithaca Dr","neighborhood":"Huntington Palisades","status":"construction","statusLabel":"Under Construction","permitType":"Bldg-New","submittedDate":"2025-03-19","issuedDate":"2025-06-11","startDate":"2025-08-05","completedDate":null,"estCompletionDate":"2026-10-16"}},{"type":"Feature","geometry":{"type":"Point","coordinates":[-118.521672,34.043105]},"properties":{"id":684,"address":"1789 Ithaca Dr","neighborhood":"Huntington Palisades","status":"submitted","statusLabel":"Permit Submitted","permitType":"Bldg-New","submittedDate":"2025-12-02","issuedDate":null,"startDate":null,"completedDate":null,"estCompletionDate":"2027-07-30"}},{"type":"Feature","geometry":{"type":"Point","coordinates":[-118.521795,34.042841]},"properties":{"id":685,"address":"1794 Ithaca Dr","neighborhood":"Huntington Palisades","status":"submitted","statusLabel":"Permit Submitted","permitType":"Bldg-New","submittedDate":"2026-07-04","issuedDate":null,"startDate":null,"completedDate":null,"estCompletionDate":"2028-04-12"}},{"type":"Feature","geometry":{"type":"Point","coordinates":[-118.521579,34.042945]},"properties":{"id":686,"address":"1797 Ithaca Dr","neighborhood":"Huntington Palisades","status":"issued","statusLabel":"Permit Issued","permitType":"Bldg-New","submittedDate":"2025-12-13","issuedDate":"2026-03-05","startDate":null,"completedDate":null,"estCompletionDate":"2027-09-17"}},{"type":"Feature","geometry":{"type":"Point","coordinates":[-118.521626,34.042801]},"properties":{"id":687,"address":"1802 Ithaca Dr","neighborhood":"Huntington Palisades","status":"issued","statusLabel":"Permit Issued","permitType":"Bldg-New","submittedDate":"2025-09-01","issuedDate":"2025-10-20","startDate":null,"completedDate":null,"estCompletionDate":"2027-03-30"}},{"type":"Feature","geometry":{"type":"Point","coordinates":[-118.521524,34.043056]},"properties":{"id":688,"address":"1805 Ithaca Dr","neighborhood":"Huntington Palisades","status":"construction","statusLabel":"Under Construction","permitType":"Bldg-New","submittedDate":"2025-03-27","issuedDate":"2025-06-05","startDate":"2025-08-13","completedDate":null,"estCompletionDate":"2026-12-23"}},{"type":"Feature","geometry":{"type":"Point","coordinates":[-118.521297,34.042819]},"properties":{"id":689,"address":"1810 Ithaca Dr","neighborhood":"Huntington Palisades","status":"construction","statusLabel":"Under Construction","permitType":"Bldg-New","submittedDate":"2025-09-20","issuedDate":"2026-01-20","startDate":"2026-03-25","completedDate":null,"estCompletionDate":"2027-06-25"}},{"type":"Feature","geometry":{"type":"Point","coordinates":[-118.52126,34.042948]},"properties":{"id":690,"address":"1813 Ithaca Dr","neighborhood":"Huntington Palisades","status":"submitted","statusLabel":"Permit Submitted","permitType":"Bldg-New","submittedDate":"2026-02-22","issuedDate":null,"startDate":null,"completedDate":null,"estCompletionDate":"2028-03-17"}},{"type":"Feature","geometry":{"type":"Point","coordinates":[-118.521258,34.042824]},"properties":{"id":691,"address":"1818 Ithaca Dr","neighborhood":"Huntington Palisades","status":"submitted","statusLabel":"Permit Submitted","permitType":"Bldg-New","submittedDate":"2026-06-01","issuedDate":null,"startDate":null,"completedDate":null,"estCompletionDate":"2028-04-04"}},{"type":"Feature","geometry":{"type":"Point","coordinates":[-118.520336,34.042552]},"properties":{"id":692,"address":"901 Embury St","neighborhood":"Huntington Palisades","status":"submitted","statusLabel":"Permit Submitted","permitType":"Bldg-New","submittedDate":"2026-06-17","issuedDate":null,"startDate":null,"completedDate":null,"estCompletionDate":"2028-02-24"}},{"type":"Feature","geometry":{"type":"Point","coordinates":[-118.520304,34.042459]},"properties":{"id":693,"address":"906 Embury St","neighborhood":"Huntington Palisades","status":"submitted","statusLabel":"Permit Submitted","permitType":"Bldg-New","submittedDate":"2026-03-19","issuedDate":null,"startDate":null,"completedDate":null,"estCompletionDate":"2027-10-14"}},{"type":"Feature","geometry":{"type":"Point","coordinates":[-118.520185,34.042648]},"properties":{"id":694,"address":"909 Embury St","neighborhood":"Huntington Palisades","status":"construction","statusLabel":"Under Construction","permitType":"Bldg-New","submittedDate":"2025-07-24","issuedDate":"2025-10-08","startDate":"2025-11-05","completedDate":null,"estCompletionDate":"2027-02-12"}},{"type":"Feature","geometry":{"type":"Point","coordinates":[-118.520193,34.042566]},"properties":{"id":695,"address":"914 Embury St","neighborhood":"Huntington Palisades","status":"construction","statusLabel":"Under Construction","permitType":"Bldg-New","submittedDate":"2025-09-12","issuedDate":"2025-12-15","startDate":"2026-03-04","completedDate":null,"estCompletionDate":"2027-06-26"}},{"type":"Feature","geometry":{"type":"Point","coordinates":[-118.52009,34.042673]},"properties":{"id":696,"address":"917 Embury St","neighborhood":"Huntington Palisades","status":"construction","statusLabel":"Under Construction","permitType":"Bldg-New","submittedDate":"2025-11-15","issuedDate":"2026-03-21","startDate":"2026-06-15","completedDate":null,"estCompletionDate":"2027-08-10"}},{"type":"Feature","geometry":{"type":"Point","coordinates":[-118.520089,34.042536]},"properties":{"id":697,"address":"922 Embury St","neighborhood":"Huntington Palisades","status":"submitted","statusLabel":"Permit Submitted","permitType":"Bldg-New","submittedDate":"2026-01-06","issuedDate":null,"startDate":null,"completedDate":null,"estCompletionDate":"2027-10-29"}},{"type":"Feature","geometry":{"type":"Point","coordinates":[-118.519997,34.042573]},"properties":{"id":698,"address":"925 Embury St","neighborhood":"Huntington Palisades","status":"submitted","statusLabel":"Permit Submitted","permitType":"Bldg-New","submittedDate":"2026-07-06","issuedDate":null,"startDate":null,"completedDate":null,"estCompletionDate":"2028-05-03"}},{"type":"Feature","geometry":{"type":"Point","coordinates":[-118.5198,34.04241]},"properties":{"id":699,"address":"930 Embury St","neighborhood":"Huntington Palisades","status":"issued","statusLabel":"Permit Issued","permitType":"Bldg-New","submittedDate":"2025-11-29","issuedDate":"2026-03-18","startDate":null,"completedDate":null,"estCompletionDate":"2027-09-08"}},{"type":"Feature","geometry":{"type":"Point","coordinates":[-118.519749,34.042698]},"properties":{"id":700,"address":"933 Embury St","neighborhood":"Huntington Palisades","status":"construction","statusLabel":"Under Construction","permitType":"Bldg-New","submittedDate":"2025-09-20","issuedDate":"2026-01-19","startDate":"2026-03-01","completedDate":null,"estCompletionDate":"2027-04-28"}},{"type":"Feature","geometry":{"type":"Point","coordinates":[-118.519654,34.042429]},"properties":{"id":701,"address":"938 Embury St","neighborhood":"Huntington Palisades","status":"construction","statusLabel":"Under Construction","permitType":"Bldg-New","submittedDate":"2025-11-16","issuedDate":"2026-03-25","startDate":"2026-06-14","completedDate":null,"estCompletionDate":"2027-05-10"}},{"type":"Feature","geometry":{"type":"Point","coordinates":[-118.519492,34.042709]},"properties":{"id":702,"address":"941 Embury St","neighborhood":"Huntington Palisades","status":"submitted","statusLabel":"Permit Submitted","permitType":"Bldg-New","submittedDate":"2026-06-06","issuedDate":null,"startDate":null,"completedDate":null,"estCompletionDate":"2028-02-23"}},{"type":"Feature","geometry":{"type":"Point","coordinates":[-118.519607,34.042439]},"properties":{"id":703,"address":"946 Embury St","neighborhood":"Huntington Palisades","status":"issued","statusLabel":"Permit Issued","permitType":"Bldg-New","submittedDate":"2025-06-14","issuedDate":"2025-08-16","startDate":null,"completedDate":null,"estCompletionDate":"2027-02-23"}},{"type":"Feature","geometry":{"type":"Point","coordinates":[-118.519434,34.042641]},"properties":{"id":704,"address":"949 Embury St","neighborhood":"Huntington Palisades","status":"submitted","statusLabel":"Permit Submitted","permitType":"Bldg-New","submittedDate":"2025-09-14","issuedDate":null,"startDate":null,"completedDate":null,"estCompletionDate":"2027-04-19"}},{"type":"Feature","geometry":{"type":"Point","coordinates":[-118.519213,34.042566]},"properties":{"id":705,"address":"954 Embury St","neighborhood":"Huntington Palisades","status":"construction","statusLabel":"Under Construction","permitType":"Bldg-New","submittedDate":"2025-03-17","issuedDate":"2025-07-19","startDate":"2025-08-07","completedDate":null,"estCompletionDate":"2026-08-24"}},{"type":"Feature","geometry":{"type":"Point","coordinates":[-118.51934,34.042771]},"properties":{"id":706,"address":"957 Embury St","neighborhood":"Huntington Palisades","status":"issued","statusLabel":"Permit Issued","permitType":"Bldg-New","submittedDate":"2025-09-04","issuedDate":"2025-11-04","startDate":null,"completedDate":null,"estCompletionDate":"2027-03-19"}},{"type":"Feature","geometry":{"type":"Point","coordinates":[-118.519276,34.042597]},"properties":{"id":707,"address":"962 Embury St","neighborhood":"Huntington Palisades","status":"construction","statusLabel":"Under Construction","permitType":"Bldg-New","submittedDate":"2026-01-13","issuedDate":"2026-04-17","startDate":"2026-05-13","completedDate":null,"estCompletionDate":"2027-05-08"}},{"type":"Feature","geometry":{"type":"Point","coordinates":[-118.518999,34.042717]},"properties":{"id":708,"address":"965 Embury St","neighborhood":"Huntington Palisades","status":"construction","statusLabel":"Under Construction","permitType":"Bldg-New","submittedDate":"2025-05-27","issuedDate":"2025-08-08","startDate":"2025-09-16","completedDate":null,"estCompletionDate":"2027-01-08"}},{"type":"Feature","geometry":{"type":"Point","coordinates":[-118.51893,34.04255]},"properties":{"id":709,"address":"970 Embury St","neighborhood":"Huntington Palisades","status":"submitted","statusLabel":"Permit Submitted","permitType":"Bldg-New","submittedDate":"2026-01-08","issuedDate":null,"startDate":null,"completedDate":null,"estCompletionDate":"2027-11-10"}},{"type":"Feature","geometry":{"type":"Point","coordinates":[-118.51883,34.042865]},"properties":{"id":710,"address":"973 Embury St","neighborhood":"Huntington Palisades","status":"construction","statusLabel":"Under Construction","permitType":"Bldg-New","submittedDate":"2025-12-25","issuedDate":"2026-04-22","startDate":"2026-06-16","completedDate":null,"estCompletionDate":"2027-08-22"}},{"type":"Feature","geometry":{"type":"Point","coordinates":[-118.518793,34.042657]},"properties":{"id":711,"address":"978 Embury St","neighborhood":"Huntington Palisades","status":"completed","statusLabel":"Completed (C of O)","permitType":"Bldg-New","submittedDate":"2025-03-19","issuedDate":"2025-05-15","startDate":"2025-06-05","completedDate":"2026-04-22","estCompletionDate":"2026-04-22"}},{"type":"Feature","geometry":{"type":"Point","coordinates":[-118.518709,34.042673]},"properties":{"id":712,"address":"981 Embury St","neighborhood":"Huntington Palisades","status":"construction","statusLabel":"Under Construction","permitType":"Bldg-New","submittedDate":"2025-06-21","issuedDate":"2025-08-05","startDate":"2025-10-28","completedDate":null,"estCompletionDate":"2027-02-21"}},{"type":"Feature","geometry":{"type":"Point","coordinates":[-118.518613,34.042497]},"properties":{"id":713,"address":"986 Embury St","neighborhood":"Huntington Palisades","status":"construction","statusLabel":"Under Construction","permitType":"Bldg-New","submittedDate":"2025-08-03","issuedDate":"2025-10-23","startDate":"2025-12-07","completedDate":null,"estCompletionDate":"2026-12-16"}},{"type":"Feature","geometry":{"type":"Point","coordinates":[-118.518554,34.0428]},"properties":{"id":714,"address":"989 Embury St","neighborhood":"Huntington Palisades","status":"issued","statusLabel":"Permit Issued","permitType":"Bldg-New","submittedDate":"2025-10-23","issuedDate":"2026-03-02","startDate":null,"completedDate":null,"estCompletionDate":"2027-09-16"}},{"type":"Feature","geometry":{"type":"Point","coordinates":[-118.518592,34.042654]},"properties":{"id":715,"address":"994 Embury St","neighborhood":"Huntington Palisades","status":"issued","statusLabel":"Permit Issued","permitType":"Bldg-New","submittedDate":"2025-06-25","issuedDate":"2025-09-13","startDate":null,"completedDate":null,"estCompletionDate":"2027-04-01"}},{"type":"Feature","geometry":{"type":"Point","coordinates":[-118.518406,34.042903]},"properties":{"id":716,"address":"997 Embury St","neighborhood":"Huntington Palisades","status":"submitted","statusLabel":"Permit Submitted","permitType":"Bldg-New","submittedDate":"2025-11-12","issuedDate":null,"startDate":null,"completedDate":null,"estCompletionDate":"2027-06-25"}},{"type":"Feature","geometry":{"type":"Point","coordinates":[-118.518274,34.042543]},"properties":{"id":717,"address":"1002 Embury St","neighborhood":"Huntington Palisades","status":"construction","statusLabel":"Under Construction","permitType":"Bldg-New","submittedDate":"2025-08-08","issuedDate":"2025-09-23","startDate":"2025-12-21","completedDate":null,"estCompletionDate":"2026-12-22"}},{"type":"Feature","geometry":{"type":"Point","coordinates":[-118.534229,34.040608]},"properties":{"id":718,"address":"1201 El Medio Ave","neighborhood":"El Medio Bluffs","status":"construction","statusLabel":"Under Construction","permitType":"Bldg-New","submittedDate":"2025-03-21","issuedDate":"2025-05-28","startDate":"2025-07-23","completedDate":null,"estCompletionDate":"2026-09-07"}},{"type":"Feature","geometry":{"type":"Point","coordinates":[-118.534015,34.040506]},"properties":{"id":719,"address":"1206 El Medio Ave","neighborhood":"El Medio Bluffs","status":"construction","statusLabel":"Under Construction","permitType":"Bldg-New","submittedDate":"2025-06-05","issuedDate":"2025-10-09","startDate":"2025-12-07","completedDate":null,"estCompletionDate":"2026-12-05"}},{"type":"Feature","geometry":{"type":"Point","coordinates":[-118.533851,34.040667]},"properties":{"id":720,"address":"1209 El Medio Ave","neighborhood":"El Medio Bluffs","status":"construction","statusLabel":"Under Construction","permitType":"Bldg-New","submittedDate":"2025-05-14","issuedDate":"2025-09-06","startDate":"2025-11-19","completedDate":null,"estCompletionDate":"2026-12-25"}},{"type":"Feature","geometry":{"type":"Point","coordinates":[-118.533589,34.040519]},"properties":{"id":721,"address":"1214 El Medio Ave","neighborhood":"El Medio Bluffs","status":"issued","statusLabel":"Permit Issued","permitType":"Bldg-New","submittedDate":"2025-07-06","issuedDate":"2025-08-28","startDate":null,"completedDate":null,"estCompletionDate":"2027-01-28"}},{"type":"Feature","geometry":{"type":"Point","coordinates":[-118.533687,34.040866]},"properties":{"id":722,"address":"1217 El Medio Ave","neighborhood":"El Medio Bluffs","status":"submitted","statusLabel":"Permit Submitted","permitType":"Bldg-New","submittedDate":"2026-03-06","issuedDate":null,"startDate":null,"completedDate":null,"estCompletionDate":"2027-12-26"}},{"type":"Feature","geometry":{"type":"Point","coordinates":[-118.533567,34.04067]},"properties":{"id":723,"address":"1222 El Medio Ave","neighborhood":"El Medio Bluffs","status":"construction","statusLabel":"Under Construction","permitType":"Bldg-New","submittedDate":"2025-12-15","issuedDate":"2026-04-20","startDate":"2026-06-06","completedDate":null,"estCompletionDate":"2027-06-08"}},{"type":"Feature","geometry":{"type":"Point","coordinates":[-118.533543,34.040734]},"properties":{"id":724,"address":"1225 El Medio Ave","neighborhood":"El Medio Bluffs","status":"construction","statusLabel":"Under Construction","permitType":"Bldg-New","submittedDate":"2025-12-08","issuedDate":"2026-03-29","startDate":"2026-05-06","completedDate":null,"estCompletionDate":"2027-08-04"}},{"type":"Feature","geometry":{"type":"Point","coordinates":[-118.533329,34.040561]},"properties":{"id":725,"address":"1230 El Medio Ave","neighborhood":"El Medio Bluffs","status":"construction","statusLabel":"Under Construction","permitType":"Bldg-New","submittedDate":"2026-01-16","issuedDate":"2026-04-04","startDate":"2026-05-09","completedDate":null,"estCompletionDate":"2027-05-05"}},{"type":"Feature","geometry":{"type":"Point","coordinates":[-118.533214,34.040867]},"properties":{"id":726,"address":"1233 El Medio Ave","neighborhood":"El Medio Bluffs","status":"construction","statusLabel":"Under Construction","permitType":"Bldg-New","submittedDate":"2025-04-06","issuedDate":"2025-07-12","startDate":"2025-09-06","completedDate":null,"estCompletionDate":"2026-12-05"}},{"type":"Feature","geometry":{"type":"Point","coordinates":[-118.533127,34.040531]},"properties":{"id":727,"address":"1238 El Medio Ave","neighborhood":"El Medio Bluffs","status":"issued","statusLabel":"Permit Issued","permitType":"Bldg-New","submittedDate":"2025-10-27","issuedDate":"2026-01-17","startDate":null,"completedDate":null,"estCompletionDate":"2027-04-26"}},{"type":"Feature","geometry":{"type":"Point","coordinates":[-118.53303,34.040948]},"properties":{"id":728,"address":"1241 El Medio Ave","neighborhood":"El Medio Bluffs","status":"construction","statusLabel":"Under Construction","permitType":"Bldg-New","submittedDate":"2025-12-07","issuedDate":"2026-02-03","startDate":"2026-02-28","completedDate":null,"estCompletionDate":"2027-01-25"}},{"type":"Feature","geometry":{"type":"Point","coordinates":[-118.53274,34.040727]},"properties":{"id":729,"address":"1246 El Medio Ave","neighborhood":"El Medio Bluffs","status":"construction","statusLabel":"Under Construction","permitType":"Bldg-New","submittedDate":"2025-11-03","issuedDate":"2026-02-05","startDate":"2026-02-27","completedDate":null,"estCompletionDate":"2027-05-09"}},{"type":"Feature","geometry":{"type":"Point","coordinates":[-118.5328,34.040933]},"properties":{"id":730,"address":"1249 El Medio Ave","neighborhood":"El Medio Bluffs","status":"construction","statusLabel":"Under Construction","permitType":"Bldg-New","submittedDate":"2025-07-08","issuedDate":"2025-10-29","startDate":"2025-12-25","completedDate":null,"estCompletionDate":"2027-04-02"}},{"type":"Feature","geometry":{"type":"Point","coordinates":[-118.53253,34.040735]},"properties":{"id":731,"address":"1254 El Medio Ave","neighborhood":"El Medio Bluffs","status":"construction","statusLabel":"Under Construction","permitType":"Bldg-New","submittedDate":"2025-04-14","issuedDate":"2025-06-04","startDate":"2025-07-07","completedDate":null,"estCompletionDate":"2026-10-22"}},{"type":"Feature","geometry":{"type":"Point","coordinates":[-118.532453,34.041008]},"properties":{"id":732,"address":"1257 El Medio Ave","neighborhood":"El Medio Bluffs","status":"submitted","statusLabel":"Permit Submitted","permitType":"Bldg-New","submittedDate":"2025-09-05","issuedDate":null,"startDate":null,"completedDate":null,"estCompletionDate":"2027-09-20"}},{"type":"Feature","geometry":{"type":"Point","coordinates":[-118.532281,34.04072]},"properties":{"id":733,"address":"1262 El Medio Ave","neighborhood":"El Medio Bluffs","status":"submitted","statusLabel":"Permit Submitted","permitType":"Bldg-New","submittedDate":"2026-01-05","issuedDate":null,"startDate":null,"completedDate":null,"estCompletionDate":"2027-10-11"}},{"type":"Feature","geometry":{"type":"Point","coordinates":[-118.532357,34.041087]},"properties":{"id":734,"address":"1265 El Medio Ave","neighborhood":"El Medio Bluffs","status":"submitted","statusLabel":"Permit Submitted","permitType":"Bldg-New","submittedDate":"2026-02-23","issuedDate":null,"startDate":null,"completedDate":null,"estCompletionDate":"2027-10-18"}},{"type":"Feature","geometry":{"type":"Point","coordinates":[-118.532075,34.040869]},"properties":{"id":735,"address":"1270 El Medio Ave","neighborhood":"El Medio Bluffs","status":"construction","statusLabel":"Under Construction","permitType":"Bldg-New","submittedDate":"2025-04-03","issuedDate":"2025-06-11","startDate":"2025-08-23","completedDate":null,"estCompletionDate":"2026-12-22"}},{"type":"Feature","geometry":{"type":"Point","coordinates":[-118.53202,34.04102]},"properties":{"id":736,"address":"1273 El Medio Ave","neighborhood":"El Medio Bluffs","status":"submitted","statusLabel":"Permit Submitted","permitType":"Bldg-New","submittedDate":"2025-09-05","issuedDate":null,"startDate":null,"completedDate":null,"estCompletionDate":"2027-04-11"}},{"type":"Feature","geometry":{"type":"Point","coordinates":[-118.531865,34.040984]},"properties":{"id":737,"address":"1278 El Medio Ave","neighborhood":"El Medio Bluffs","status":"submitted","statusLabel":"Permit Submitted","permitType":"Bldg-New","submittedDate":"2026-05-16","issuedDate":null,"startDate":null,"completedDate":null,"estCompletionDate":"2028-01-22"}},{"type":"Feature","geometry":{"type":"Point","coordinates":[-118.531861,34.041046]},"properties":{"id":738,"address":"1281 El Medio Ave","neighborhood":"El Medio Bluffs","status":"construction","statusLabel":"Under Construction","permitType":"Bldg-New","submittedDate":"2025-07-12","issuedDate":"2025-11-04","startDate":"2025-11-19","completedDate":null,"estCompletionDate":"2027-01-16"}},{"type":"Feature","geometry":{"type":"Point","coordinates":[-118.53159,34.040856]},"properties":{"id":739,"address":"1286 El Medio Ave","neighborhood":"El Medio Bluffs","status":"construction","statusLabel":"Under Construction","permitType":"Bldg-New","submittedDate":"2025-12-27","issuedDate":"2026-03-14","startDate":"2026-05-04","completedDate":null,"estCompletionDate":"2027-05-08"}},{"type":"Feature","geometry":{"type":"Point","coordinates":[-118.531683,34.041122]},"properties":{"id":740,"address":"1289 El Medio Ave","neighborhood":"El Medio Bluffs","status":"construction","statusLabel":"Under Construction","permitType":"Bldg-New","submittedDate":"2025-11-10","issuedDate":"2026-01-28","startDate":"2026-03-15","completedDate":null,"estCompletionDate":"2027-03-18"}},{"type":"Feature","geometry":{"type":"Point","coordinates":[-118.531397,34.040936]},"properties":{"id":741,"address":"1294 El Medio Ave","neighborhood":"El Medio Bluffs","status":"construction","statusLabel":"Under Construction","permitType":"Bldg-New","submittedDate":"2025-12-05","issuedDate":"2026-04-06","startDate":"2026-06-16","completedDate":null,"estCompletionDate":"2027-10-16"}},{"type":"Feature","geometry":{"type":"Point","coordinates":[-118.531311,34.041284]},"properties":{"id":742,"address":"1297 El Medio Ave","neighborhood":"El Medio Bluffs","status":"submitted","statusLabel":"Permit Submitted","permitType":"Bldg-New","submittedDate":"2026-01-19","issuedDate":null,"startDate":null,"completedDate":null,"estCompletionDate":"2028-01-19"}},{"type":"Feature","geometry":{"type":"Point","coordinates":[-118.531121,34.041034]},"properties":{"id":743,"address":"1302 El Medio Ave","neighborhood":"El Medio Bluffs","status":"construction","statusLabel":"Under Construction","permitType":"Bldg-New","submittedDate":"2025-04-23","issuedDate":"2025-08-09","startDate":"2025-09-17","completedDate":null,"estCompletionDate":"2026-09-30"}},{"type":"Feature","geometry":{"type":"Point","coordinates":[-118.531112,34.041388]},"properties":{"id":744,"address":"1305 El Medio Ave","neighborhood":"El Medio Bluffs","status":"submitted","statusLabel":"Permit Submitted","permitType":"Bldg-New","submittedDate":"2025-11-07","issuedDate":null,"startDate":null,"completedDate":null,"estCompletionDate":"2027-09-26"}},{"type":"Feature","geometry":{"type":"Point","coordinates":[-118.531072,34.041064]},"properties":{"id":745,"address":"1310 El Medio Ave","neighborhood":"El Medio Bluffs","status":"submitted","statusLabel":"Permit Submitted","permitType":"Bldg-New","submittedDate":"2026-07-01","issuedDate":null,"startDate":null,"completedDate":null,"estCompletionDate":"2028-05-11"}},{"type":"Feature","geometry":{"type":"Point","coordinates":[-118.531019,34.041203]},"properties":{"id":746,"address":"1313 El Medio Ave","neighborhood":"El Medio Bluffs","status":"construction","statusLabel":"Under Construction","permitType":"Bldg-New","submittedDate":"2025-03-13","issuedDate":"2025-05-18","startDate":"2025-07-20","completedDate":null,"estCompletionDate":"2026-09-26"}},{"type":"Feature","geometry":{"type":"Point","coordinates":[-118.530769,34.041197]},"properties":{"id":747,"address":"1318 El Medio Ave","neighborhood":"El Medio Bluffs","status":"construction","statusLabel":"Under Construction","permitType":"Bldg-New","submittedDate":"2025-10-24","issuedDate":"2025-12-12","startDate":"2026-02-07","completedDate":null,"estCompletionDate":"2027-04-16"}},{"type":"Feature","geometry":{"type":"Point","coordinates":[-118.530669,34.041484]},"properties":{"id":748,"address":"1321 El Medio Ave","neighborhood":"El Medio Bluffs","status":"submitted","statusLabel":"Permit Submitted","permitType":"Bldg-New","submittedDate":"2025-12-04","issuedDate":null,"startDate":null,"completedDate":null,"estCompletionDate":"2027-09-23"}},{"type":"Feature","geometry":{"type":"Point","coordinates":[-118.530451,34.041161]},"properties":{"id":749,"address":"1326 El Medio Ave","neighborhood":"El Medio Bluffs","status":"submitted","statusLabel":"Permit Submitted","permitType":"Bldg-New","submittedDate":"2026-02-07","issuedDate":null,"startDate":null,"completedDate":null,"estCompletionDate":"2027-09-16"}},{"type":"Feature","geometry":{"type":"Point","coordinates":[-118.530461,34.041376]},"properties":{"id":750,"address":"1329 El Medio Ave","neighborhood":"El Medio Bluffs","status":"construction","statusLabel":"Under Construction","permitType":"Bldg-New","submittedDate":"2025-06-06","issuedDate":"2025-10-12","startDate":"2025-11-19","completedDate":null,"estCompletionDate":"2026-12-21"}},{"type":"Feature","geometry":{"type":"Point","coordinates":[-118.53208,34.040632]},"properties":{"id":751,"address":"1601 Enchanted Way","neighborhood":"El Medio Bluffs","status":"submitted","statusLabel":"Permit Submitted","permitType":"Bldg-New","submittedDate":"2025-10-17","issuedDate":null,"startDate":null,"completedDate":null,"estCompletionDate":"2027-09-24"}},{"type":"Feature","geometry":{"type":"Point","coordinates":[-118.532081,34.040501]},"properties":{"id":752,"address":"1606 Enchanted Way","neighborhood":"El Medio Bluffs","status":"construction","statusLabel":"Under Construction","permitType":"Bldg-New","submittedDate":"2025-09-05","issuedDate":"2025-11-07","startDate":"2026-01-31","completedDate":null,"estCompletionDate":"2027-01-02"}},{"type":"Feature","geometry":{"type":"Point","coordinates":[-118.532082,34.040732]},"properties":{"id":753,"address":"1609 Enchanted Way","neighborhood":"El Medio Bluffs","status":"construction","statusLabel":"Under Construction","permitType":"Bldg-New","submittedDate":"2025-09-11","issuedDate":"2025-12-20","startDate":"2026-01-08","completedDate":null,"estCompletionDate":"2027-01-19"}},{"type":"Feature","geometry":{"type":"Point","coordinates":[-118.531894,34.040479]},"properties":{"id":754,"address":"1614 Enchanted Way","neighborhood":"El Medio Bluffs","status":"issued","statusLabel":"Permit Issued","permitType":"Bldg-New","submittedDate":"2025-09-15","issuedDate":"2026-01-28","startDate":null,"completedDate":null,"estCompletionDate":"2027-04-22"}},{"type":"Feature","geometry":{"type":"Point","coordinates":[-118.531838,34.040538]},"properties":{"id":755,"address":"1617 Enchanted Way","neighborhood":"El Medio Bluffs","status":"submitted","statusLabel":"Permit Submitted","permitType":"Bldg-New","submittedDate":"2026-04-22","issuedDate":null,"startDate":null,"completedDate":null,"estCompletionDate":"2028-04-17"}},{"type":"Feature","geometry":{"type":"Point","coordinates":[-118.531761,34.040441]},"properties":{"id":756,"address":"1622 Enchanted Way","neighborhood":"El Medio Bluffs","status":"construction","statusLabel":"Under Construction","permitType":"Bldg-New","submittedDate":"2025-11-23","issuedDate":"2026-02-20","startDate":"2026-05-12","completedDate":null,"estCompletionDate":"2027-04-24"}},{"type":"Feature","geometry":{"type":"Point","coordinates":[-118.531849,34.040746]},"properties":{"id":757,"address":"1625 Enchanted Way","neighborhood":"El Medio Bluffs","status":"construction","statusLabel":"Under Construction","permitType":"Bldg-New","submittedDate":"2025-08-18","issuedDate":"2025-11-28","startDate":"2026-01-31","completedDate":null,"estCompletionDate":"2027-04-08"}},{"type":"Feature","geometry":{"type":"Point","coordinates":[-118.531527,34.040442]},"properties":{"id":758,"address":"1630 Enchanted Way","neighborhood":"El Medio Bluffs","status":"submitted","statusLabel":"Permit Submitted","permitType":"Bldg-New","submittedDate":"2025-12-01","issuedDate":null,"startDate":null,"completedDate":null,"estCompletionDate":"2027-07-09"}},{"type":"Feature","geometry":{"type":"Point","coordinates":[-118.531641,34.040656]},"properties":{"id":759,"address":"1633 Enchanted Way","neighborhood":"El Medio Bluffs","status":"issued","statusLabel":"Permit Issued","permitType":"Bldg-New","submittedDate":"2026-04-10","issuedDate":"2026-07-16","startDate":null,"completedDate":null,"estCompletionDate":"2027-12-08"}},{"type":"Feature","geometry":{"type":"Point","coordinates":[-118.531589,34.040456]},"properties":{"id":760,"address":"1638 Enchanted Way","neighborhood":"El Medio Bluffs","status":"construction","statusLabel":"Under Construction","permitType":"Bldg-New","submittedDate":"2025-08-15","issuedDate":"2025-12-23","startDate":"2026-01-18","completedDate":null,"estCompletionDate":"2027-05-08"}},{"type":"Feature","geometry":{"type":"Point","coordinates":[-118.531473,34.040682]},"properties":{"id":761,"address":"1641 Enchanted Way","neighborhood":"El Medio Bluffs","status":"submitted","statusLabel":"Permit Submitted","permitType":"Bldg-New","submittedDate":"2026-04-03","issuedDate":null,"startDate":null,"completedDate":null,"estCompletionDate":"2028-02-26"}},{"type":"Feature","geometry":{"type":"Point","coordinates":[-118.53132,34.040482]},"properties":{"id":762,"address":"1646 Enchanted Way","neighborhood":"El Medio Bluffs","status":"construction","statusLabel":"Under Construction","permitType":"Bldg-New","submittedDate":"2025-08-06","issuedDate":"2025-10-15","startDate":"2025-12-10","completedDate":null,"estCompletionDate":"2027-01-15"}},{"type":"Feature","geometry":{"type":"Point","coordinates":[-118.531316,34.040777]},"properties":{"id":763,"address":"1649 Enchanted Way","neighborhood":"El Medio Bluffs","status":"construction","statusLabel":"Under Construction","permitType":"Bldg-New","submittedDate":"2025-12-11","issuedDate":"2026-02-22","startDate":"2026-04-04","completedDate":null,"estCompletionDate":"2027-06-23"}},{"type":"Feature","geometry":{"type":"Point","coordinates":[-118.531192,34.040491]},"properties":{"id":764,"address":"1654 Enchanted Way","neighborhood":"El Medio Bluffs","status":"construction","statusLabel":"Under Construction","permitType":"Bldg-New","submittedDate":"2025-07-14","issuedDate":"2025-10-03","startDate":"2025-12-07","completedDate":null,"estCompletionDate":"2027-01-24"}},{"type":"Feature","geometry":{"type":"Point","coordinates":[-118.531104,34.04082]},"properties":{"id":765,"address":"1657 Enchanted Way","neighborhood":"El Medio Bluffs","status":"construction","statusLabel":"Under Construction","permitType":"Bldg-New","submittedDate":"2025-06-13","issuedDate":"2025-08-03","startDate":"2025-08-18","completedDate":null,"estCompletionDate":"2026-07-16"}},{"type":"Feature","geometry":{"type":"Point","coordinates":[-118.530984,34.040661]},"properties":{"id":766,"address":"1662 Enchanted Way","neighborhood":"El Medio Bluffs","status":"construction","statusLabel":"Under Construction","permitType":"Bldg-New","submittedDate":"2025-11-14","issuedDate":"2026-03-10","startDate":"2026-05-30","completedDate":null,"estCompletionDate":"2027-08-30"}},{"type":"Feature","geometry":{"type":"Point","coordinates":[-118.531009,34.040675]},"properties":{"id":767,"address":"1665 Enchanted Way","neighborhood":"El Medio Bluffs","status":"construction","statusLabel":"Under Construction","permitType":"Bldg-New","submittedDate":"2025-09-24","issuedDate":"2026-01-16","startDate":"2026-04-03","completedDate":null,"estCompletionDate":"2027-04-11"}},{"type":"Feature","geometry":{"type":"Point","coordinates":[-118.531046,34.040654]},"properties":{"id":768,"address":"1670 Enchanted Way","neighborhood":"El Medio Bluffs","status":"construction","statusLabel":"Under Construction","permitType":"Bldg-New","submittedDate":"2025-03-14","issuedDate":"2025-07-09","startDate":"2025-09-10","completedDate":null,"estCompletionDate":"2026-11-20"}},{"type":"Feature","geometry":{"type":"Point","coordinates":[-118.530845,34.040929]},"properties":{"id":769,"address":"1673 Enchanted Way","neighborhood":"El Medio Bluffs","status":"issued","statusLabel":"Permit Issued","permitType":"Bldg-New","submittedDate":"2026-01-16","issuedDate":"2026-04-22","startDate":null,"completedDate":null,"estCompletionDate":"2027-09-13"}},{"type":"Feature","geometry":{"type":"Point","coordinates":[-118.530891,34.040665]},"properties":{"id":770,"address":"1678 Enchanted Way","neighborhood":"El Medio Bluffs","status":"submitted","statusLabel":"Permit Submitted","permitType":"Bldg-New","submittedDate":"2026-01-15","issuedDate":null,"startDate":null,"completedDate":null,"estCompletionDate":"2027-09-27"}},{"type":"Feature","geometry":{"type":"Point","coordinates":[-118.530734,34.040782]},"properties":{"id":771,"address":"1681 Enchanted Way","neighborhood":"El Medio Bluffs","status":"submitted","statusLabel":"Permit Submitted","permitType":"Bldg-New","submittedDate":"2026-03-13","issuedDate":null,"startDate":null,"completedDate":null,"estCompletionDate":"2027-09-25"}},{"type":"Feature","geometry":{"type":"Point","coordinates":[-118.530608,34.040705]},"properties":{"id":772,"address":"1686 Enchanted Way","neighborhood":"El Medio Bluffs","status":"issued","statusLabel":"Permit Issued","permitType":"Bldg-New","submittedDate":"2025-07-28","issuedDate":"2025-10-12","startDate":null,"completedDate":null,"estCompletionDate":"2027-05-19"}},{"type":"Feature","geometry":{"type":"Point","coordinates":[-118.530783,34.04086]},"properties":{"id":773,"address":"1689 Enchanted Way","neighborhood":"El Medio Bluffs","status":"submitted","statusLabel":"Permit Submitted","permitType":"Bldg-New","submittedDate":"2025-11-02","issuedDate":null,"startDate":null,"completedDate":null,"estCompletionDate":"2027-06-08"}},{"type":"Feature","geometry":{"type":"Point","coordinates":[-118.530586,34.040635]},"properties":{"id":774,"address":"1694 Enchanted Way","neighborhood":"El Medio Bluffs","status":"construction","statusLabel":"Under Construction","permitType":"Bldg-New","submittedDate":"2025-05-06","issuedDate":"2025-06-26","startDate":"2025-08-03","completedDate":null,"estCompletionDate":"2026-11-15"}},{"type":"Feature","geometry":{"type":"Point","coordinates":[-118.530615,34.040884]},"properties":{"id":775,"address":"1697 Enchanted Way","neighborhood":"El Medio Bluffs","status":"construction","statusLabel":"Under Construction","permitType":"Bldg-New","submittedDate":"2025-10-05","issuedDate":"2026-01-27","startDate":"2026-03-02","completedDate":null,"estCompletionDate":"2027-05-13"}},{"type":"Feature","geometry":{"type":"Point","coordinates":[-118.53039,34.040801]},"properties":{"id":776,"address":"1702 Enchanted Way","neighborhood":"El Medio Bluffs","status":"submitted","statusLabel":"Permit Submitted","permitType":"Bldg-New","submittedDate":"2026-03-22","issuedDate":null,"startDate":null,"completedDate":null,"estCompletionDate":"2028-02-01"}},{"type":"Feature","geometry":{"type":"Point","coordinates":[-118.530525,34.041003]},"properties":{"id":777,"address":"1705 Enchanted Way","neighborhood":"El Medio Bluffs","status":"issued","statusLabel":"Permit Issued","permitType":"Bldg-New","submittedDate":"2025-09-28","issuedDate":"2026-01-12","startDate":null,"completedDate":null,"estCompletionDate":"2027-06-05"}},{"type":"Feature","geometry":{"type":"Point","coordinates":[-118.530352,34.0408]},"properties":{"id":778,"address":"1710 Enchanted Way","neighborhood":"El Medio Bluffs","status":"construction","statusLabel":"Under Construction","permitType":"Bldg-New","submittedDate":"2026-01-08","issuedDate":"2026-05-04","startDate":"2026-06-15","completedDate":null,"estCompletionDate":"2027-08-05"}},{"type":"Feature","geometry":{"type":"Point","coordinates":[-118.530231,34.041102]},"properties":{"id":779,"address":"1713 Enchanted Way","neighborhood":"El Medio Bluffs","status":"submitted","statusLabel":"Permit Submitted","permitType":"Bldg-New","submittedDate":"2026-04-13","issuedDate":null,"startDate":null,"completedDate":null,"estCompletionDate":"2027-12-20"}},{"type":"Feature","geometry":{"type":"Point","coordinates":[-118.53023,34.040843]},"properties":{"id":780,"address":"1718 Enchanted Way","neighborhood":"El Medio Bluffs","status":"completed","statusLabel":"Completed (C of O)","permitType":"Bldg-New","submittedDate":"2025-02-22","issuedDate":"2025-04-25","startDate":"2025-06-09","completedDate":"2026-04-17","estCompletionDate":"2026-04-17"}},{"type":"Feature","geometry":{"type":"Point","coordinates":[-118.530177,34.040935]},"properties":{"id":781,"address":"1721 Enchanted Way","neighborhood":"El Medio Bluffs","status":"construction","statusLabel":"Under Construction","permitType":"Bldg-New","submittedDate":"2026-01-06","issuedDate":"2026-04-18","startDate":"2026-06-03","completedDate":null,"estCompletionDate":"2027-10-07"}},{"type":"Feature","geometry":{"type":"Point","coordinates":[-118.530107,34.040788]},"properties":{"id":782,"address":"1726 Enchanted Way","neighborhood":"El Medio Bluffs","status":"construction","statusLabel":"Under Construction","permitType":"Bldg-New","submittedDate":"2025-08-11","issuedDate":"2025-10-15","startDate":"2025-12-11","completedDate":null,"estCompletionDate":"2027-03-20"}},{"type":"Feature","geometry":{"type":"Point","coordinates":[-118.529967,34.041024]},"properties":{"id":783,"address":"1729 Enchanted Way","neighborhood":"El Medio Bluffs","status":"completed","statusLabel":"Completed (C of O)","permitType":"Bldg-New","submittedDate":"2025-03-11","issuedDate":"2025-05-20","startDate":"2025-07-01","completedDate":"2026-07-07","estCompletionDate":"2026-07-07"}},{"type":"Feature","geometry":{"type":"Point","coordinates":[-118.53014,34.040213]},"properties":{"id":784,"address":"301 Ocampo Dr","neighborhood":"El Medio Bluffs","status":"construction","statusLabel":"Under Construction","permitType":"Bldg-New","submittedDate":"2025-07-18","issuedDate":"2025-10-05","startDate":"2025-12-06","completedDate":null,"estCompletionDate":"2027-01-24"}},{"type":"Feature","geometry":{"type":"Point","coordinates":[-118.530103,34.040059]},"properties":{"id":785,"address":"306 Ocampo Dr","neighborhood":"El Medio Bluffs","status":"construction","statusLabel":"Under Construction","permitType":"Bldg-New","submittedDate":"2025-03-11","issuedDate":"2025-07-10","startDate":"2025-08-19","completedDate":null,"estCompletionDate":"2026-10-20"}},{"type":"Feature","geometry":{"type":"Point","coordinates":[-118.529893,34.040179]},"properties":{"id":786,"address":"309 Ocampo Dr","neighborhood":"El Medio Bluffs","status":"construction","statusLabel":"Under Construction","permitType":"Bldg-New","submittedDate":"2025-08-10","issuedDate":"2025-10-21","startDate":"2025-12-02","completedDate":null,"estCompletionDate":"2027-04-11"}},{"type":"Feature","geometry":{"type":"Point","coordinates":[-118.529811,34.040142]},"properties":{"id":787,"address":"314 Ocampo Dr","neighborhood":"El Medio Bluffs","status":"construction","statusLabel":"Under Construction","permitType":"Bldg-New","submittedDate":"2025-04-18","issuedDate":"2025-06-03","startDate":"2025-07-27","completedDate":null,"estCompletionDate":"2026-10-08"}},{"type":"Feature","geometry":{"type":"Point","coordinates":[-118.529936,34.040371]},"properties":{"id":788,"address":"317 Ocampo Dr","neighborhood":"El Medio Bluffs","status":"issued","statusLabel":"Permit Issued","permitType":"Bldg-New","submittedDate":"2026-03-14","issuedDate":"2026-04-29","startDate":null,"completedDate":null,"estCompletionDate":"2027-09-12"}},{"type":"Feature","geometry":{"type":"Point","coordinates":[-118.529804,34.040281]},"properties":{"id":789,"address":"322 Ocampo Dr","neighborhood":"El Medio Bluffs","status":"submitted","statusLabel":"Permit Submitted","permitType":"Bldg-New","submittedDate":"2026-05-13","issuedDate":null,"startDate":null,"completedDate":null,"estCompletionDate":"2028-04-05"}},{"type":"Feature","geometry":{"type":"Point","coordinates":[-118.529777,34.04027]},"properties":{"id":790,"address":"325 Ocampo Dr","neighborhood":"El Medio Bluffs","status":"submitted","statusLabel":"Permit Submitted","permitType":"Bldg-New","submittedDate":"2026-06-20","issuedDate":null,"startDate":null,"completedDate":null,"estCompletionDate":"2028-05-15"}},{"type":"Feature","geometry":{"type":"Point","coordinates":[-118.529673,34.040273]},"properties":{"id":791,"address":"330 Ocampo Dr","neighborhood":"El Medio Bluffs","status":"construction","statusLabel":"Under Construction","permitType":"Bldg-New","submittedDate":"2025-04-09","issuedDate":"2025-07-10","startDate":"2025-09-21","completedDate":null,"estCompletionDate":"2026-12-29"}},{"type":"Feature","geometry":{"type":"Point","coordinates":[-118.529489,34.040368]},"properties":{"id":792,"address":"333 Ocampo Dr","neighborhood":"El Medio Bluffs","status":"construction","statusLabel":"Under Construction","permitType":"Bldg-New","submittedDate":"2025-04-30","issuedDate":"2025-07-04","startDate":"2025-08-10","completedDate":null,"estCompletionDate":"2026-12-06"}},{"type":"Feature","geometry":{"type":"Point","coordinates":[-118.529441,34.040151]},"properties":{"id":793,"address":"338 Ocampo Dr","neighborhood":"El Medio Bluffs","status":"submitted","statusLabel":"Permit Submitted","permitType":"Bldg-New","submittedDate":"2025-11-29","issuedDate":null,"startDate":null,"completedDate":null,"estCompletionDate":"2027-07-04"}},{"type":"Feature","geometry":{"type":"Point","coordinates":[-118.529318,34.040532]},"properties":{"id":794,"address":"341 Ocampo Dr","neighborhood":"El Medio Bluffs","status":"construction","statusLabel":"Under Construction","permitType":"Bldg-New","submittedDate":"2025-10-25","issuedDate":"2026-01-29","startDate":"2026-04-19","completedDate":null,"estCompletionDate":"2027-05-11"}},{"type":"Feature","geometry":{"type":"Point","coordinates":[-118.529295,34.040291]},"properties":{"id":795,"address":"346 Ocampo Dr","neighborhood":"El Medio Bluffs","status":"construction","statusLabel":"Under Construction","permitType":"Bldg-New","submittedDate":"2025-07-07","issuedDate":"2025-08-26","startDate":"2025-11-09","completedDate":null,"estCompletionDate":"2027-02-19"}},{"type":"Feature","geometry":{"type":"Point","coordinates":[-118.529334,34.0405]},"properties":{"id":796,"address":"349 Ocampo Dr","neighborhood":"El Medio Bluffs","status":"construction","statusLabel":"Under Construction","permitType":"Bldg-New","submittedDate":"2025-09-13","issuedDate":"2025-11-21","startDate":"2025-12-11","completedDate":null,"estCompletionDate":"2027-03-16"}},{"type":"Feature","geometry":{"type":"Point","coordinates":[-118.52913,34.040316]},"properties":{"id":797,"address":"354 Ocampo Dr","neighborhood":"El Medio Bluffs","status":"issued","statusLabel":"Permit Issued","permitType":"Bldg-New","submittedDate":"2025-06-08","issuedDate":"2025-09-06","startDate":null,"completedDate":null,"estCompletionDate":"2027-01-01"}},{"type":"Feature","geometry":{"type":"Point","coordinates":[-118.528975,34.040612]},"properties":{"id":798,"address":"357 Ocampo Dr","neighborhood":"El Medio Bluffs","status":"construction","statusLabel":"Under Construction","permitType":"Bldg-New","submittedDate":"2025-09-11","issuedDate":"2025-12-07","startDate":"2026-02-13","completedDate":null,"estCompletionDate":"2027-04-23"}},{"type":"Feature","geometry":{"type":"Point","coordinates":[-118.528844,34.040379]},"properties":{"id":799,"address":"362 Ocampo Dr","neighborhood":"El Medio Bluffs","status":"construction","statusLabel":"Under Construction","permitType":"Bldg-New","submittedDate":"2025-05-30","issuedDate":"2025-09-30","startDate":"2025-11-25","completedDate":null,"estCompletionDate":"2027-01-17"}},{"type":"Feature","geometry":{"type":"Point","coordinates":[-118.528935,34.040532]},"properties":{"id":800,"address":"365 Ocampo Dr","neighborhood":"El Medio Bluffs","status":"construction","statusLabel":"Under Construction","permitType":"Bldg-New","submittedDate":"2026-01-10","issuedDate":"2026-03-31","startDate":"2026-06-08","completedDate":null,"estCompletionDate":"2027-07-23"}},{"type":"Feature","geometry":{"type":"Point","coordinates":[-118.528901,34.040455]},"properties":{"id":801,"address":"370 Ocampo Dr","neighborhood":"El Medio Bluffs","status":"construction","statusLabel":"Under Construction","permitType":"Bldg-New","submittedDate":"2025-09-03","issuedDate":"2025-12-05","startDate":"2026-01-22","completedDate":null,"estCompletionDate":"2027-02-25"}},{"type":"Feature","geometry":{"type":"Point","coordinates":[-118.528757,34.040689]},"properties":{"id":802,"address":"373 Ocampo Dr","neighborhood":"El Medio Bluffs","status":"construction","statusLabel":"Under Construction","permitType":"Bldg-New","submittedDate":"2025-06-21","issuedDate":"2025-08-16","startDate":"2025-11-08","completedDate":null,"estCompletionDate":"2026-12-10"}},{"type":"Feature","geometry":{"type":"Point","coordinates":[-118.528575,34.040554]},"properties":{"id":803,"address":"378 Ocampo Dr","neighborhood":"El Medio Bluffs","status":"submitted","statusLabel":"Permit Submitted","permitType":"Bldg-New","submittedDate":"2026-06-23","issuedDate":null,"startDate":null,"completedDate":null,"estCompletionDate":"2028-06-07"}},{"type":"Feature","geometry":{"type":"Point","coordinates":[-118.528661,34.040576]},"properties":{"id":804,"address":"381 Ocampo Dr","neighborhood":"El Medio Bluffs","status":"construction","statusLabel":"Under Construction","permitType":"Bldg-New","submittedDate":"2025-12-02","issuedDate":"2026-02-11","startDate":"2026-03-28","completedDate":null,"estCompletionDate":"2027-06-20"}},{"type":"Feature","geometry":{"type":"Point","coordinates":[-118.5285,34.040554]},"properties":{"id":805,"address":"386 Ocampo Dr","neighborhood":"El Medio Bluffs","status":"construction","statusLabel":"Under Construction","permitType":"Bldg-New","submittedDate":"2025-10-30","issuedDate":"2026-01-03","startDate":"2026-02-21","completedDate":null,"estCompletionDate":"2027-05-18"}},{"type":"Feature","geometry":{"type":"Point","coordinates":[-118.5285,34.040782]},"properties":{"id":806,"address":"389 Ocampo Dr","neighborhood":"El Medio Bluffs","status":"construction","statusLabel":"Under Construction","permitType":"Bldg-New","submittedDate":"2025-12-27","issuedDate":"2026-04-20","startDate":"2026-05-18","completedDate":null,"estCompletionDate":"2027-08-08"}},{"type":"Feature","geometry":{"type":"Point","coordinates":[-118.5285,34.040591]},"properties":{"id":807,"address":"394 Ocampo Dr","neighborhood":"El Medio Bluffs","status":"submitted","statusLabel":"Permit Submitted","permitType":"Bldg-New","submittedDate":"2025-10-21","issuedDate":null,"startDate":null,"completedDate":null,"estCompletionDate":"2027-05-30"}},{"type":"Feature","geometry":{"type":"Point","coordinates":[-118.5285,34.040781]},"properties":{"id":808,"address":"397 Ocampo Dr","neighborhood":"El Medio Bluffs","status":"construction","statusLabel":"Under Construction","permitType":"Bldg-New","submittedDate":"2025-05-13","issuedDate":"2025-08-03","startDate":"2025-10-19","completedDate":null,"estCompletionDate":"2026-09-23"}},{"type":"Feature","geometry":{"type":"Point","coordinates":[-118.5285,34.040581]},"properties":{"id":809,"address":"402 Ocampo Dr","neighborhood":"El Medio Bluffs","status":"construction","statusLabel":"Under Construction","permitType":"Bldg-New","submittedDate":"2025-11-26","issuedDate":"2026-02-22","startDate":"2026-05-03","completedDate":null,"estCompletionDate":"2027-04-04"}},{"type":"Feature","geometry":{"type":"Point","coordinates":[-118.5285,34.040817]},"properties":{"id":810,"address":"405 Ocampo Dr","neighborhood":"El Medio Bluffs","status":"construction","statusLabel":"Under Construction","permitType":"Bldg-New","submittedDate":"2025-08-23","issuedDate":"2025-11-04","startDate":"2026-01-28","completedDate":null,"estCompletionDate":"2026-12-31"}},{"type":"Feature","geometry":{"type":"Point","coordinates":[-118.5285,34.040615]},"properties":{"id":811,"address":"410 Ocampo Dr","neighborhood":"El Medio Bluffs","status":"construction","statusLabel":"Under Construction","permitType":"Bldg-New","submittedDate":"2025-07-06","issuedDate":"2025-09-29","startDate":"2025-11-29","completedDate":null,"estCompletionDate":"2027-04-11"}},{"type":"Feature","geometry":{"type":"Point","coordinates":[-118.5285,34.040875]},"properties":{"id":812,"address":"413 Ocampo Dr","neighborhood":"El Medio Bluffs","status":"construction","statusLabel":"Under Construction","permitType":"Bldg-New","submittedDate":"2025-10-26","issuedDate":"2026-02-27","startDate":"2026-04-19","completedDate":null,"estCompletionDate":"2027-04-15"}},{"type":"Feature","geometry":{"type":"Point","coordinates":[-118.5285,34.040611]},"properties":{"id":813,"address":"418 Ocampo Dr","neighborhood":"El Medio Bluffs","status":"issued","statusLabel":"Permit Issued","permitType":"Bldg-New","submittedDate":"2025-08-12","issuedDate":"2025-11-01","startDate":null,"completedDate":null,"estCompletionDate":"2027-03-22"}},{"type":"Feature","geometry":{"type":"Point","coordinates":[-118.5285,34.041037]},"properties":{"id":814,"address":"421 Ocampo Dr","neighborhood":"El Medio Bluffs","status":"construction","statusLabel":"Under Construction","permitType":"Bldg-New","submittedDate":"2025-09-07","issuedDate":"2025-10-22","startDate":"2025-12-10","completedDate":null,"estCompletionDate":"2027-03-25"}},{"type":"Feature","geometry":{"type":"Point","coordinates":[-118.5285,34.040758]},"properties":{"id":815,"address":"426 Ocampo Dr","neighborhood":"El Medio Bluffs","status":"construction","statusLabel":"Under Construction","permitType":"Bldg-New","submittedDate":"2025-11-08","issuedDate":"2026-01-15","startDate":"2026-03-20","completedDate":null,"estCompletionDate":"2027-05-01"}},{"type":"Feature","geometry":{"type":"Point","coordinates":[-118.5285,34.041073]},"properties":{"id":816,"address":"429 Ocampo Dr","neighborhood":"El Medio Bluffs","status":"submitted","statusLabel":"Permit Submitted","permitType":"Bldg-New","submittedDate":"2026-01-04","issuedDate":null,"startDate":null,"completedDate":null,"estCompletionDate":"2028-01-21"}},{"type":"Feature","geometry":{"type":"Point","coordinates":[-118.5345,34.043427]},"properties":{"id":817,"address":"601 Alma Real Dr","neighborhood":"El Medio Bluffs","status":"construction","statusLabel":"Under Construction","permitType":"Bldg-New","submittedDate":"2025-07-22","issuedDate":"2025-10-18","startDate":"2025-12-05","completedDate":null,"estCompletionDate":"2026-12-02"}},{"type":"Feature","geometry":{"type":"Point","coordinates":[-118.534256,34.043112]},"properties":{"id":818,"address":"606 Alma Real Dr","neighborhood":"El Medio Bluffs","status":"construction","statusLabel":"Under Construction","permitType":"Bldg-New","submittedDate":"2025-04-25","issuedDate":"2025-07-16","startDate":"2025-08-27","completedDate":null,"estCompletionDate":"2026-07-27"}},{"type":"Feature","geometry":{"type":"Point","coordinates":[-118.534177,34.043446]},"properties":{"id":819,"address":"609 Alma Real Dr","neighborhood":"El Medio Bluffs","status":"submitted","statusLabel":"Permit Submitted","permitType":"Bldg-New","submittedDate":"2025-12-22","issuedDate":null,"startDate":null,"completedDate":null,"estCompletionDate":"2027-11-10"}},{"type":"Feature","geometry":{"type":"Point","coordinates":[-118.534102,34.043272]},"properties":{"id":820,"address":"614 Alma Real Dr","neighborhood":"El Medio Bluffs","status":"submitted","statusLabel":"Permit Submitted","permitType":"Bldg-New","submittedDate":"2026-02-09","issuedDate":null,"startDate":null,"completedDate":null,"estCompletionDate":"2027-10-19"}},{"type":"Feature","geometry":{"type":"Point","coordinates":[-118.534085,34.043517]},"properties":{"id":821,"address":"617 Alma Real Dr","neighborhood":"El Medio Bluffs","status":"submitted","statusLabel":"Permit Submitted","permitType":"Bldg-New","submittedDate":"2026-04-27","issuedDate":null,"startDate":null,"completedDate":null,"estCompletionDate":"2028-05-13"}},{"type":"Feature","geometry":{"type":"Point","coordinates":[-118.533743,34.043384]},"properties":{"id":822,"address":"622 Alma Real Dr","neighborhood":"El Medio Bluffs","status":"construction","statusLabel":"Under Construction","permitType":"Bldg-New","submittedDate":"2025-03-15","issuedDate":"2025-05-20","startDate":"2025-08-17","completedDate":null,"estCompletionDate":"2026-07-30"}},{"type":"Feature","geometry":{"type":"Point","coordinates":[-118.533888,34.043679]},"properties":{"id":823,"address":"625 Alma Real Dr","neighborhood":"El Medio Bluffs","status":"submitted","statusLabel":"Permit Submitted","permitType":"Bldg-New","submittedDate":"2026-06-16","issuedDate":null,"startDate":null,"completedDate":null,"estCompletionDate":"2028-03-23"}},{"type":"Feature","geometry":{"type":"Point","coordinates":[-118.533673,34.043242]},"properties":{"id":824,"address":"630 Alma Real Dr","neighborhood":"El Medio Bluffs","status":"submitted","statusLabel":"Permit Submitted","permitType":"Bldg-New","submittedDate":"2025-10-15","issuedDate":null,"startDate":null,"completedDate":null,"estCompletionDate":"2027-05-07"}},{"type":"Feature","geometry":{"type":"Point","coordinates":[-118.533591,34.043624]},"properties":{"id":825,"address":"633 Alma Real Dr","neighborhood":"El Medio Bluffs","status":"construction","statusLabel":"Under Construction","permitType":"Bldg-New","submittedDate":"2025-05-14","issuedDate":"2025-07-11","startDate":"2025-07-31","completedDate":null,"estCompletionDate":"2026-11-27"}},{"type":"Feature","geometry":{"type":"Point","coordinates":[-118.533505,34.043377]},"properties":{"id":826,"address":"638 Alma Real Dr","neighborhood":"El Medio Bluffs","status":"construction","statusLabel":"Under Construction","permitType":"Bldg-New","submittedDate":"2025-09-17","issuedDate":"2025-12-10","startDate":"2026-03-07","completedDate":null,"estCompletionDate":"2027-03-16"}},{"type":"Feature","geometry":{"type":"Point","coordinates":[-118.533342,34.04375]},"properties":{"id":827,"address":"641 Alma Real Dr","neighborhood":"El Medio Bluffs","status":"submitted","statusLabel":"Permit Submitted","permitType":"Bldg-New","submittedDate":"2025-09-25","issuedDate":null,"startDate":null,"completedDate":null,"estCompletionDate":"2027-08-03"}},{"type":"Feature","geometry":{"type":"Point","coordinates":[-118.53338,34.043585]},"properties":{"id":828,"address":"646 Alma Real Dr","neighborhood":"El Medio Bluffs","status":"submitted","statusLabel":"Permit Submitted","permitType":"Bldg-New","submittedDate":"2026-03-04","issuedDate":null,"startDate":null,"completedDate":null,"estCompletionDate":"2027-11-10"}},{"type":"Feature","geometry":{"type":"Point","coordinates":[-118.533098,34.043832]},"properties":{"id":829,"address":"649 Alma Real Dr","neighborhood":"El Medio Bluffs","status":"construction","statusLabel":"Under Construction","permitType":"Bldg-New","submittedDate":"2025-12-07","issuedDate":"2026-02-13","startDate":"2026-04-02","completedDate":null,"estCompletionDate":"2027-03-20"}},{"type":"Feature","geometry":{"type":"Point","coordinates":[-118.533137,34.043551]},"properties":{"id":830,"address":"654 Alma Real Dr","neighborhood":"El Medio Bluffs","status":"submitted","statusLabel":"Permit Submitted","permitType":"Bldg-New","submittedDate":"2026-01-10","issuedDate":null,"startDate":null,"completedDate":null,"estCompletionDate":"2028-01-27"}},{"type":"Feature","geometry":{"type":"Point","coordinates":[-118.532961,34.04371]},"properties":{"id":831,"address":"657 Alma Real Dr","neighborhood":"El Medio Bluffs","status":"construction","statusLabel":"Under Construction","permitType":"Bldg-New","submittedDate":"2025-08-20","issuedDate":"2025-11-10","startDate":"2026-01-21","completedDate":null,"estCompletionDate":"2027-04-15"}},{"type":"Feature","geometry":{"type":"Point","coordinates":[-118.532759,34.043569]},"properties":{"id":832,"address":"662 Alma Real Dr","neighborhood":"El Medio Bluffs","status":"issued","statusLabel":"Permit Issued","permitType":"Bldg-New","submittedDate":"2025-07-05","issuedDate":"2025-11-08","startDate":null,"completedDate":null,"estCompletionDate":"2027-03-25"}},{"type":"Feature","geometry":{"type":"Point","coordinates":[-118.532847,34.043794]},"properties":{"id":833,"address":"665 Alma Real Dr","neighborhood":"El Medio Bluffs","status":"submitted","statusLabel":"Permit Submitted","permitType":"Bldg-New","submittedDate":"2026-04-22","issuedDate":null,"startDate":null,"completedDate":null,"estCompletionDate":"2027-12-14"}},{"type":"Feature","geometry":{"type":"Point","coordinates":[-118.532754,34.043719]},"properties":{"id":834,"address":"670 Alma Real Dr","neighborhood":"El Medio Bluffs","status":"construction","statusLabel":"Under Construction","permitType":"Bldg-New","submittedDate":"2025-04-21","issuedDate":"2025-08-08","startDate":"2025-09-10","completedDate":null,"estCompletionDate":"2027-01-15"}},{"type":"Feature","geometry":{"type":"Point","coordinates":[-118.532651,34.043784]},"properties":{"id":835,"address":"673 Alma Real Dr","neighborhood":"El Medio Bluffs","status":"submitted","statusLabel":"Permit Submitted","permitType":"Bldg-New","submittedDate":"2026-01-11","issuedDate":null,"startDate":null,"completedDate":null,"estCompletionDate":"2027-10-20"}},{"type":"Feature","geometry":{"type":"Point","coordinates":[-118.532532,34.043729]},"properties":{"id":836,"address":"678 Alma Real Dr","neighborhood":"El Medio Bluffs","status":"issued","statusLabel":"Permit Issued","permitType":"Bldg-New","submittedDate":"2025-12-24","issuedDate":"2026-04-02","startDate":null,"completedDate":null,"estCompletionDate":"2027-09-29"}},{"type":"Feature","geometry":{"type":"Point","coordinates":[-118.532555,34.043903]},"properties":{"id":837,"address":"681 Alma Real Dr","neighborhood":"El Medio Bluffs","status":"construction","statusLabel":"Under Construction","permitType":"Bldg-New","submittedDate":"2025-10-18","issuedDate":"2026-01-14","startDate":"2026-03-15","completedDate":null,"estCompletionDate":"2027-05-26"}},{"type":"Feature","geometry":{"type":"Point","coordinates":[-118.532263,34.0437]},"properties":{"id":838,"address":"686 Alma Real Dr","neighborhood":"El Medio Bluffs","status":"construction","statusLabel":"Under Construction","permitType":"Bldg-New","submittedDate":"2025-05-30","issuedDate":"2025-08-26","startDate":"2025-10-26","completedDate":null,"estCompletionDate":"2026-10-28"}},{"type":"Feature","geometry":{"type":"Point","coordinates":[-118.532139,34.043917]},"properties":{"id":839,"address":"689 Alma Real Dr","neighborhood":"El Medio Bluffs","status":"construction","statusLabel":"Under Construction","permitType":"Bldg-New","submittedDate":"2025-08-07","issuedDate":"2025-09-26","startDate":"2025-11-08","completedDate":null,"estCompletionDate":"2026-10-19"}},{"type":"Feature","geometry":{"type":"Point","coordinates":[-118.53206,34.043866]},"properties":{"id":840,"address":"694 Alma Real Dr","neighborhood":"El Medio Bluffs","status":"submitted","statusLabel":"Permit Submitted","permitType":"Bldg-New","submittedDate":"2025-12-21","issuedDate":null,"startDate":null,"completedDate":null,"estCompletionDate":"2027-08-16"}},{"type":"Feature","geometry":{"type":"Point","coordinates":[-118.531982,34.044104]},"properties":{"id":841,"address":"697 Alma Real Dr","neighborhood":"El Medio Bluffs","status":"construction","statusLabel":"Under Construction","permitType":"Bldg-New","submittedDate":"2025-07-11","issuedDate":"2025-09-14","startDate":"2025-11-21","completedDate":null,"estCompletionDate":"2027-02-27"}},{"type":"Feature","geometry":{"type":"Point","coordinates":[-118.531899,34.043764]},"properties":{"id":842,"address":"702 Alma Real Dr","neighborhood":"El Medio Bluffs","status":"completed","statusLabel":"Completed (C of O)","permitType":"Bldg-New","submittedDate":"2025-04-25","issuedDate":"2025-07-17","startDate":"2025-08-01","completedDate":"2026-07-16","estCompletionDate":"2026-07-16"}},{"type":"Feature","geometry":{"type":"Point","coordinates":[-118.531751,34.044129]},"properties":{"id":843,"address":"705 Alma Real Dr","neighborhood":"El Medio Bluffs","status":"submitted","statusLabel":"Permit Submitted","permitType":"Bldg-New","submittedDate":"2026-06-30","issuedDate":null,"startDate":null,"completedDate":null,"estCompletionDate":"2028-07-27"}},{"type":"Feature","geometry":{"type":"Point","coordinates":[-118.53177,34.043801]},"properties":{"id":844,"address":"710 Alma Real Dr","neighborhood":"El Medio Bluffs","status":"construction","statusLabel":"Under Construction","permitType":"Bldg-New","submittedDate":"2025-06-10","issuedDate":"2025-10-01","startDate":"2025-12-25","completedDate":null,"estCompletionDate":"2026-12-27"}},{"type":"Feature","geometry":{"type":"Point","coordinates":[-118.531759,34.044185]},"properties":{"id":845,"address":"713 Alma Real Dr","neighborhood":"El Medio Bluffs","status":"construction","statusLabel":"Under Construction","permitType":"Bldg-New","submittedDate":"2025-07-03","issuedDate":"2025-09-26","startDate":"2025-12-25","completedDate":null,"estCompletionDate":"2027-04-26"}},{"type":"Feature","geometry":{"type":"Point","coordinates":[-118.531612,34.043996]},"properties":{"id":846,"address":"718 Alma Real Dr","neighborhood":"El Medio Bluffs","status":"construction","statusLabel":"Under Construction","permitType":"Bldg-New","submittedDate":"2025-07-09","issuedDate":"2025-10-04","startDate":"2025-11-15","completedDate":null,"estCompletionDate":"2026-12-10"}},{"type":"Feature","geometry":{"type":"Point","coordinates":[-118.531471,34.044227]},"properties":{"id":847,"address":"721 Alma Real Dr","neighborhood":"El Medio Bluffs","status":"submitted","statusLabel":"Permit Submitted","permitType":"Bldg-New","submittedDate":"2026-01-28","issuedDate":null,"startDate":null,"completedDate":null,"estCompletionDate":"2028-01-17"}},{"type":"Feature","geometry":{"type":"Point","coordinates":[-118.531356,34.044101]},"properties":{"id":848,"address":"726 Alma Real Dr","neighborhood":"El Medio Bluffs","status":"submitted","statusLabel":"Permit Submitted","permitType":"Bldg-New","submittedDate":"2026-02-25","issuedDate":null,"startDate":null,"completedDate":null,"estCompletionDate":"2027-09-29"}},{"type":"Feature","geometry":{"type":"Point","coordinates":[-118.531311,34.04429]},"properties":{"id":849,"address":"729 Alma Real Dr","neighborhood":"El Medio Bluffs","status":"construction","statusLabel":"Under Construction","permitType":"Bldg-New","submittedDate":"2025-10-29","issuedDate":"2026-01-24","startDate":"2026-03-28","completedDate":null,"estCompletionDate":"2027-03-06"}},{"type":"Feature","geometry":{"type":"Point","coordinates":[-118.532135,34.043629]},"properties":{"id":850,"address":"1001 Erindale Ave","neighborhood":"El Medio Bluffs","status":"submitted","statusLabel":"Permit Submitted","permitType":"Bldg-New","submittedDate":"2026-04-23","issuedDate":null,"startDate":null,"completedDate":null,"estCompletionDate":"2027-12-08"}},{"type":"Feature","geometry":{"type":"Point","coordinates":[-118.531923,34.043378]},"properties":{"id":851,"address":"1006 Erindale Ave","neighborhood":"El Medio Bluffs","status":"construction","statusLabel":"Under Construction","permitType":"Bldg-New","submittedDate":"2025-08-05","issuedDate":"2025-12-03","startDate":"2026-02-18","completedDate":null,"estCompletionDate":"2027-03-22"}},{"type":"Feature","geometry":{"type":"Point","coordinates":[-118.531853,34.043523]},"properties":{"id":852,"address":"1009 Erindale Ave","neighborhood":"El Medio Bluffs","status":"construction","statusLabel":"Under Construction","permitType":"Bldg-New","submittedDate":"2025-04-11","issuedDate":"2025-06-23","startDate":"2025-08-22","completedDate":null,"estCompletionDate":"2026-10-11"}},{"type":"Feature","geometry":{"type":"Point","coordinates":[-118.531769,34.043384]},"properties":{"id":853,"address":"1014 Erindale Ave","neighborhood":"El Medio Bluffs","status":"construction","statusLabel":"Under Construction","permitType":"Bldg-New","submittedDate":"2025-12-26","issuedDate":"2026-03-16","startDate":"2026-05-16","completedDate":null,"estCompletionDate":"2027-06-12"}},{"type":"Feature","geometry":{"type":"Point","coordinates":[-118.531544,34.043609]},"properties":{"id":854,"address":"1017 Erindale Ave","neighborhood":"El Medio Bluffs","status":"issued","statusLabel":"Permit Issued","permitType":"Bldg-New","submittedDate":"2025-07-25","issuedDate":"2025-11-04","startDate":null,"completedDate":null,"estCompletionDate":"2027-03-19"}},{"type":"Feature","geometry":{"type":"Point","coordinates":[-118.531523,34.043373]},"properties":{"id":855,"address":"1022 Erindale Ave","neighborhood":"El Medio Bluffs","status":"construction","statusLabel":"Under Construction","permitType":"Bldg-New","submittedDate":"2025-05-27","issuedDate":"2025-07-29","startDate":"2025-09-06","completedDate":null,"estCompletionDate":"2026-10-30"}},{"type":"Feature","geometry":{"type":"Point","coordinates":[-118.531522,34.043722]},"properties":{"id":856,"address":"1025 Erindale Ave","neighborhood":"El Medio Bluffs","status":"submitted","statusLabel":"Permit Submitted","permitType":"Bldg-New","submittedDate":"2025-09-19","issuedDate":null,"startDate":null,"completedDate":null,"estCompletionDate":"2027-08-22"}},{"type":"Feature","geometry":{"type":"Point","coordinates":[-118.531299,34.043517]},"properties":{"id":857,"address":"1030 Erindale Ave","neighborhood":"El Medio Bluffs","status":"construction","statusLabel":"Under Construction","permitType":"Bldg-New","submittedDate":"2025-09-11","issuedDate":"2026-01-04","startDate":"2026-02-23","completedDate":null,"estCompletionDate":"2027-05-02"}},{"type":"Feature","geometry":{"type":"Point","coordinates":[-118.531107,34.04378]},"properties":{"id":858,"address":"1033 Erindale Ave","neighborhood":"El Medio Bluffs","status":"submitted","statusLabel":"Permit Submitted","permitType":"Bldg-New","submittedDate":"2025-11-10","issuedDate":null,"startDate":null,"completedDate":null,"estCompletionDate":"2027-12-08"}},{"type":"Feature","geometry":{"type":"Point","coordinates":[-118.531106,34.043463]},"properties":{"id":859,"address":"1038 Erindale Ave","neighborhood":"El Medio Bluffs","status":"construction","statusLabel":"Under Construction","permitType":"Bldg-New","submittedDate":"2025-10-04","issuedDate":"2026-02-10","startDate":"2026-04-20","completedDate":null,"estCompletionDate":"2027-04-29"}},{"type":"Feature","geometry":{"type":"Point","coordinates":[-118.530929,34.043819]},"properties":{"id":860,"address":"1041 Erindale Ave","neighborhood":"El Medio Bluffs","status":"submitted","statusLabel":"Permit Submitted","permitType":"Bldg-New","submittedDate":"2026-04-19","issuedDate":null,"startDate":null,"completedDate":null,"estCompletionDate":"2027-12-23"}},{"type":"Feature","geometry":{"type":"Point","coordinates":[-118.530865,34.043648]},"properties":{"id":861,"address":"1046 Erindale Ave","neighborhood":"El Medio Bluffs","status":"construction","statusLabel":"Under Construction","permitType":"Bldg-New","submittedDate":"2025-07-11","issuedDate":"2025-09-18","startDate":"2025-10-18","completedDate":null,"estCompletionDate":"2026-12-20"}},{"type":"Feature","geometry":{"type":"Point","coordinates":[-118.530697,34.043786]},"properties":{"id":862,"address":"1049 Erindale Ave","neighborhood":"El Medio Bluffs","status":"construction","statusLabel":"Under Construction","permitType":"Bldg-New","submittedDate":"2025-10-06","issuedDate":"2025-12-08","startDate":"2026-02-01","completedDate":null,"estCompletionDate":"2027-03-02"}},{"type":"Feature","geometry":{"type":"Point","coordinates":[-118.530485,34.043551]},"properties":{"id":863,"address":"1054 Erindale Ave","neighborhood":"El Medio Bluffs","status":"construction","statusLabel":"Under Construction","permitType":"Bldg-New","submittedDate":"2025-06-04","issuedDate":"2025-09-13","startDate":"2025-12-05","completedDate":null,"estCompletionDate":"2027-01-22"}},{"type":"Feature","geometry":{"type":"Point","coordinates":[-118.530487,34.043773]},"properties":{"id":864,"address":"1057 Erindale Ave","neighborhood":"El Medio Bluffs","status":"construction","statusLabel":"Under Construction","permitType":"Bldg-New","submittedDate":"2025-07-18","issuedDate":"2025-11-03","startDate":"2025-11-28","completedDate":null,"estCompletionDate":"2027-02-15"}},{"type":"Feature","geometry":{"type":"Point","coordinates":[-118.530344,34.043709]},"properties":{"id":865,"address":"1062 Erindale Ave","neighborhood":"El Medio Bluffs","status":"construction","statusLabel":"Under Construction","permitType":"Bldg-New","submittedDate":"2025-07-22","issuedDate":"2025-09-09","startDate":"2025-11-05","completedDate":null,"estCompletionDate":"2027-03-09"}},{"type":"Feature","geometry":{"type":"Point","coordinates":[-118.530323,34.043839]},"properties":{"id":866,"address":"1065 Erindale Ave","neighborhood":"El Medio Bluffs","status":"construction","statusLabel":"Under Construction","permitType":"Bldg-New","submittedDate":"2025-08-01","issuedDate":"2025-10-22","startDate":"2026-01-14","completedDate":null,"estCompletionDate":"2027-04-25"}},{"type":"Feature","geometry":{"type":"Point","coordinates":[-118.530135,34.043777]},"properties":{"id":867,"address":"1070 Erindale Ave","neighborhood":"El Medio Bluffs","status":"construction","statusLabel":"Under Construction","permitType":"Bldg-New","submittedDate":"2025-10-13","issuedDate":"2026-01-14","startDate":"2026-03-08","completedDate":null,"estCompletionDate":"2027-05-21"}},{"type":"Feature","geometry":{"type":"Point","coordinates":[-118.530013,34.044004]},"properties":{"id":868,"address":"1073 Erindale Ave","neighborhood":"El Medio Bluffs","status":"construction","statusLabel":"Under Construction","permitType":"Bldg-New","submittedDate":"2025-12-10","issuedDate":"2026-03-12","startDate":"2026-05-30","completedDate":null,"estCompletionDate":"2027-09-27"}},{"type":"Feature","geometry":{"type":"Point","coordinates":[-118.529923,34.043635]},"properties":{"id":869,"address":"1078 Erindale Ave","neighborhood":"El Medio Bluffs","status":"submitted","statusLabel":"Permit Submitted","permitType":"Bldg-New","submittedDate":"2026-01-28","issuedDate":null,"startDate":null,"completedDate":null,"estCompletionDate":"2028-02-23"}},{"type":"Feature","geometry":{"type":"Point","coordinates":[-118.529853,34.043896]},"properties":{"id":870,"address":"1081 Erindale Ave","neighborhood":"El Medio Bluffs","status":"construction","statusLabel":"Under Construction","permitType":"Bldg-New","submittedDate":"2025-04-13","issuedDate":"2025-08-11","startDate":"2025-09-24","completedDate":null,"estCompletionDate":"2026-11-07"}},{"type":"Feature","geometry":{"type":"Point","coordinates":[-118.529695,34.043837]},"properties":{"id":871,"address":"1086 Erindale Ave","neighborhood":"El Medio Bluffs","status":"construction","statusLabel":"Under Construction","permitType":"Bldg-New","submittedDate":"2025-08-08","issuedDate":"2025-11-13","startDate":"2026-01-22","completedDate":null,"estCompletionDate":"2027-01-14"}},{"type":"Feature","geometry":{"type":"Point","coordinates":[-118.529608,34.04387]},"properties":{"id":872,"address":"1089 Erindale Ave","neighborhood":"El Medio Bluffs","status":"construction","statusLabel":"Under Construction","permitType":"Bldg-New","submittedDate":"2025-06-23","issuedDate":"2025-10-11","startDate":"2025-12-22","completedDate":null,"estCompletionDate":"2027-04-06"}},{"type":"Feature","geometry":{"type":"Point","coordinates":[-118.529619,34.043775]},"properties":{"id":873,"address":"1094 Erindale Ave","neighborhood":"El Medio Bluffs","status":"issued","statusLabel":"Permit Issued","permitType":"Bldg-New","submittedDate":"2025-09-07","issuedDate":"2025-11-30","startDate":null,"completedDate":null,"estCompletionDate":"2027-08-09"}},{"type":"Feature","geometry":{"type":"Point","coordinates":[-118.529558,34.044019]},"properties":{"id":874,"address":"1097 Erindale Ave","neighborhood":"El Medio Bluffs","status":"construction","statusLabel":"Under Construction","permitType":"Bldg-New","submittedDate":"2025-04-15","issuedDate":"2025-08-18","startDate":"2025-09-03","completedDate":null,"estCompletionDate":"2026-12-02"}},{"type":"Feature","geometry":{"type":"Point","coordinates":[-118.52938,34.043835]},"properties":{"id":875,"address":"1102 Erindale Ave","neighborhood":"El Medio Bluffs","status":"issued","statusLabel":"Permit Issued","permitType":"Bldg-New","submittedDate":"2026-03-11","issuedDate":"2026-05-04","startDate":null,"completedDate":null,"estCompletionDate":"2027-11-01"}},{"type":"Feature","geometry":{"type":"Point","coordinates":[-118.52933,34.044033]},"properties":{"id":876,"address":"1105 Erindale Ave","neighborhood":"El Medio Bluffs","status":"construction","statusLabel":"Under Construction","permitType":"Bldg-New","submittedDate":"2025-03-27","issuedDate":"2025-06-16","startDate":"2025-09-05","completedDate":null,"estCompletionDate":"2026-08-18"}},{"type":"Feature","geometry":{"type":"Point","coordinates":[-118.529115,34.043896]},"properties":{"id":877,"address":"1110 Erindale Ave","neighborhood":"El Medio Bluffs","status":"submitted","statusLabel":"Permit Submitted","permitType":"Bldg-New","submittedDate":"2026-05-28","issuedDate":null,"startDate":null,"completedDate":null,"estCompletionDate":"2028-05-15"}},{"type":"Feature","geometry":{"type":"Point","coordinates":[-118.52906,34.044072]},"properties":{"id":878,"address":"1113 Erindale Ave","neighborhood":"El Medio Bluffs","status":"submitted","statusLabel":"Permit Submitted","permitType":"Bldg-New","submittedDate":"2026-07-08","issuedDate":null,"startDate":null,"completedDate":null,"estCompletionDate":"2028-04-09"}},{"type":"Feature","geometry":{"type":"Point","coordinates":[-118.528818,34.043895]},"properties":{"id":879,"address":"1118 Erindale Ave","neighborhood":"El Medio Bluffs","status":"submitted","statusLabel":"Permit Submitted","permitType":"Bldg-New","submittedDate":"2026-04-28","issuedDate":null,"startDate":null,"completedDate":null,"estCompletionDate":"2028-04-30"}},{"type":"Feature","geometry":{"type":"Point","coordinates":[-118.528917,34.044138]},"properties":{"id":880,"address":"1121 Erindale Ave","neighborhood":"El Medio Bluffs","status":"construction","statusLabel":"Under Construction","permitType":"Bldg-New","submittedDate":"2025-12-01","issuedDate":"2026-04-06","startDate":"2026-05-25","completedDate":null,"estCompletionDate":"2027-09-08"}},{"type":"Feature","geometry":{"type":"Point","coordinates":[-118.528713,34.044014]},"properties":{"id":881,"address":"1126 Erindale Ave","neighborhood":"El Medio Bluffs","status":"submitted","statusLabel":"Permit Submitted","permitType":"Bldg-New","submittedDate":"2026-02-16","issuedDate":null,"startDate":null,"completedDate":null,"estCompletionDate":"2028-01-08"}},{"type":"Feature","geometry":{"type":"Point","coordinates":[-118.528601,34.044185]},"properties":{"id":882,"address":"1129 Erindale Ave","neighborhood":"El Medio Bluffs","status":"construction","statusLabel":"Under Construction","permitType":"Bldg-New","submittedDate":"2025-09-14","issuedDate":"2025-12-04","startDate":"2025-12-20","completedDate":null,"estCompletionDate":"2027-03-26"}},{"type":"Feature","geometry":{"type":"Point","coordinates":[-118.529793,34.043312]},"properties":{"id":883,"address":"1101 Highland Rd","neighborhood":"El Medio Bluffs","status":"construction","statusLabel":"Under Construction","permitType":"Bldg-New","submittedDate":"2025-07-05","issuedDate":"2025-09-11","startDate":"2025-10-21","completedDate":null,"estCompletionDate":"2026-10-16"}},{"type":"Feature","geometry":{"type":"Point","coordinates":[-118.529795,34.043014]},"properties":{"id":884,"address":"1106 Highland Rd","neighborhood":"El Medio Bluffs","status":"construction","statusLabel":"Under Construction","permitType":"Bldg-New","submittedDate":"2026-01-20","issuedDate":"2026-04-29","startDate":"2026-07-16","completedDate":null,"estCompletionDate":"2027-09-24"}},{"type":"Feature","geometry":{"type":"Point","coordinates":[-118.529599,34.04335]},"properties":{"id":885,"address":"1109 Highland Rd","neighborhood":"El Medio Bluffs","status":"issued","statusLabel":"Permit Issued","permitType":"Bldg-New","submittedDate":"2026-04-16","issuedDate":"2026-06-20","startDate":null,"completedDate":null,"estCompletionDate":"2028-01-17"}},{"type":"Feature","geometry":{"type":"Point","coordinates":[-118.52943,34.043096]},"properties":{"id":886,"address":"1114 Highland Rd","neighborhood":"El Medio Bluffs","status":"submitted","statusLabel":"Permit Submitted","permitType":"Bldg-New","submittedDate":"2025-09-09","issuedDate":null,"startDate":null,"completedDate":null,"estCompletionDate":"2027-07-01"}},{"type":"Feature","geometry":{"type":"Point","coordinates":[-118.52935,34.043429]},"properties":{"id":887,"address":"1117 Highland Rd","neighborhood":"El Medio Bluffs","status":"issued","statusLabel":"Permit Issued","permitType":"Bldg-New","submittedDate":"2026-03-27","issuedDate":"2026-06-20","startDate":null,"completedDate":null,"estCompletionDate":"2027-09-21"}},{"type":"Feature","geometry":{"type":"Point","coordinates":[-118.529308,34.04312]},"properties":{"id":888,"address":"1122 Highland Rd","neighborhood":"El Medio Bluffs","status":"construction","statusLabel":"Under Construction","permitType":"Bldg-New","submittedDate":"2025-10-18","issuedDate":"2025-12-23","startDate":"2026-01-17","completedDate":null,"estCompletionDate":"2027-05-04"}},{"type":"Feature","geometry":{"type":"Point","coordinates":[-118.529181,34.043493]},"properties":{"id":889,"address":"1125 Highland Rd","neighborhood":"El Medio Bluffs","status":"construction","statusLabel":"Under Construction","permitType":"Bldg-New","submittedDate":"2025-10-25","issuedDate":"2026-01-10","startDate":"2026-02-23","completedDate":null,"estCompletionDate":"2027-02-15"}},{"type":"Feature","geometry":{"type":"Point","coordinates":[-118.528967,34.04313]},"properties":{"id":890,"address":"1130 Highland Rd","neighborhood":"El Medio Bluffs","status":"submitted","statusLabel":"Permit Submitted","permitType":"Bldg-New","submittedDate":"2026-04-02","issuedDate":null,"startDate":null,"completedDate":null,"estCompletionDate":"2027-12-19"}},{"type":"Feature","geometry":{"type":"Point","coordinates":[-118.528957,34.043372]},"properties":{"id":891,"address":"1133 Highland Rd","neighborhood":"El Medio Bluffs","status":"construction","statusLabel":"Under Construction","permitType":"Bldg-New","submittedDate":"2025-06-19","issuedDate":"2025-09-30","startDate":"2025-11-24","completedDate":null,"estCompletionDate":"2027-03-16"}},{"type":"Feature","geometry":{"type":"Point","coordinates":[-118.528766,34.043316]},"properties":{"id":892,"address":"1138 Highland Rd","neighborhood":"El Medio Bluffs","status":"construction","statusLabel":"Under Construction","permitType":"Bldg-New","submittedDate":"2025-09-06","issuedDate":"2025-11-24","startDate":"2026-02-04","completedDate":null,"estCompletionDate":"2027-02-20"}},{"type":"Feature","geometry":{"type":"Point","coordinates":[-118.528844,34.043433]},"properties":{"id":893,"address":"1141 Highland Rd","neighborhood":"El Medio Bluffs","status":"construction","statusLabel":"Under Construction","permitType":"Bldg-New","submittedDate":"2026-01-09","issuedDate":"2026-03-04","startDate":"2026-05-19","completedDate":null,"estCompletionDate":"2027-09-24"}},{"type":"Feature","geometry":{"type":"Point","coordinates":[-118.52867,34.043254]},"properties":{"id":894,"address":"1146 Highland Rd","neighborhood":"El Medio Bluffs","status":"submitted","statusLabel":"Permit Submitted","permitType":"Bldg-New","submittedDate":"2025-12-08","issuedDate":null,"startDate":null,"completedDate":null,"estCompletionDate":"2027-09-10"}},{"type":"Feature","geometry":{"type":"Point","coordinates":[-118.52863,34.043391]},"properties":{"id":895,"address":"1149 Highland Rd","neighborhood":"El Medio Bluffs","status":"construction","statusLabel":"Under Construction","permitType":"Bldg-New","submittedDate":"2025-04-24","issuedDate":"2025-08-19","startDate":"2025-11-13","completedDate":null,"estCompletionDate":"2026-11-19"}},{"type":"Feature","geometry":{"type":"Point","coordinates":[-118.5285,34.043381]},"properties":{"id":896,"address":"1154 Highland Rd","neighborhood":"El Medio Bluffs","status":"submitted","statusLabel":"Permit Submitted","permitType":"Bldg-New","submittedDate":"2025-12-29","issuedDate":null,"startDate":null,"completedDate":null,"estCompletionDate":"2027-09-26"}},{"type":"Feature","geometry":{"type":"Point","coordinates":[-118.5285,34.043612]},"properties":{"id":897,"address":"1157 Highland Rd","neighborhood":"El Medio Bluffs","status":"construction","statusLabel":"Under Construction","permitType":"Bldg-New","submittedDate":"2025-03-17","issuedDate":"2025-06-11","startDate":"2025-08-29","completedDate":null,"estCompletionDate":"2026-08-23"}},{"type":"Feature","geometry":{"type":"Point","coordinates":[-118.5285,34.043227]},"properties":{"id":898,"address":"1162 Highland Rd","neighborhood":"El Medio Bluffs","status":"submitted","statusLabel":"Permit Submitted","permitType":"Bldg-New","submittedDate":"2026-03-02","issuedDate":null,"startDate":null,"completedDate":null,"estCompletionDate":"2027-10-11"}},{"type":"Feature","geometry":{"type":"Point","coordinates":[-118.5285,34.043596]},"properties":{"id":899,"address":"1165 Highland Rd","neighborhood":"El Medio Bluffs","status":"construction","statusLabel":"Under Construction","permitType":"Bldg-New","submittedDate":"2025-12-02","issuedDate":"2026-02-11","startDate":"2026-04-28","completedDate":null,"estCompletionDate":"2027-06-19"}},{"type":"Feature","geometry":{"type":"Point","coordinates":[-118.5285,34.043417]},"properties":{"id":900,"address":"1170 Highland Rd","neighborhood":"El Medio Bluffs","status":"construction","statusLabel":"Under Construction","permitType":"Bldg-New","submittedDate":"2025-03-31","issuedDate":"2025-06-08","startDate":"2025-07-10","completedDate":null,"estCompletionDate":"2026-10-15"}},{"type":"Feature","geometry":{"type":"Point","coordinates":[-118.5285,34.043675]},"properties":{"id":901,"address":"1173 Highland Rd","neighborhood":"El Medio Bluffs","status":"construction","statusLabel":"Under Construction","permitType":"Bldg-New","submittedDate":"2025-08-13","issuedDate":"2025-10-10","startDate":"2025-12-24","completedDate":null,"estCompletionDate":"2027-03-06"}},{"type":"Feature","geometry":{"type":"Point","coordinates":[-118.5285,34.043425]},"properties":{"id":902,"address":"1178 Highland Rd","neighborhood":"El Medio Bluffs","status":"construction","statusLabel":"Under Construction","permitType":"Bldg-New","submittedDate":"2025-05-20","issuedDate":"2025-09-23","startDate":"2025-10-15","completedDate":null,"estCompletionDate":"2026-12-12"}},{"type":"Feature","geometry":{"type":"Point","coordinates":[-118.5285,34.043583]},"properties":{"id":903,"address":"1181 Highland Rd","neighborhood":"El Medio Bluffs","status":"construction","statusLabel":"Under Construction","permitType":"Bldg-New","submittedDate":"2025-12-30","issuedDate":"2026-04-22","startDate":"2026-06-02","completedDate":null,"estCompletionDate":"2027-06-22"}},{"type":"Feature","geometry":{"type":"Point","coordinates":[-118.5285,34.043486]},"properties":{"id":904,"address":"1186 Highland Rd","neighborhood":"El Medio Bluffs","status":"submitted","statusLabel":"Permit Submitted","permitType":"Bldg-New","submittedDate":"2026-03-01","issuedDate":null,"startDate":null,"completedDate":null,"estCompletionDate":"2028-03-25"}},{"type":"Feature","geometry":{"type":"Point","coordinates":[-118.5285,34.043624]},"properties":{"id":905,"address":"1189 Highland Rd","neighborhood":"El Medio Bluffs","status":"issued","statusLabel":"Permit Issued","permitType":"Bldg-New","submittedDate":"2025-06-24","issuedDate":"2025-09-12","startDate":null,"completedDate":null,"estCompletionDate":"2027-02-28"}},{"type":"Feature","geometry":{"type":"Point","coordinates":[-118.5285,34.043312]},"properties":{"id":906,"address":"1194 Highland Rd","neighborhood":"El Medio Bluffs","status":"construction","statusLabel":"Under Construction","permitType":"Bldg-New","submittedDate":"2025-07-21","issuedDate":"2025-09-29","startDate":"2025-12-18","completedDate":null,"estCompletionDate":"2027-01-23"}},{"type":"Feature","geometry":{"type":"Point","coordinates":[-118.5285,34.043737]},"properties":{"id":907,"address":"1197 Highland Rd","neighborhood":"El Medio Bluffs","status":"construction","statusLabel":"Under Construction","permitType":"Bldg-New","submittedDate":"2025-03-22","issuedDate":"2025-07-08","startDate":"2025-09-09","completedDate":null,"estCompletionDate":"2026-10-06"}},{"type":"Feature","geometry":{"type":"Point","coordinates":[-118.5285,34.043373]},"properties":{"id":908,"address":"1202 Highland Rd","neighborhood":"El Medio Bluffs","status":"submitted","statusLabel":"Permit Submitted","permitType":"Bldg-New","submittedDate":"2026-03-05","issuedDate":null,"startDate":null,"completedDate":null,"estCompletionDate":"2028-02-08"}},{"type":"Feature","geometry":{"type":"Point","coordinates":[-118.5285,34.043691]},"properties":{"id":909,"address":"1205 Highland Rd","neighborhood":"El Medio Bluffs","status":"construction","statusLabel":"Under Construction","permitType":"Bldg-New","submittedDate":"2025-09-18","issuedDate":"2026-01-16","startDate":"2026-03-01","completedDate":null,"estCompletionDate":"2027-03-09"}},{"type":"Feature","geometry":{"type":"Point","coordinates":[-118.5285,34.043514]},"properties":{"id":910,"address":"1210 Highland Rd","neighborhood":"El Medio Bluffs","status":"construction","statusLabel":"Under Construction","permitType":"Bldg-New","submittedDate":"2025-07-15","issuedDate":"2025-10-25","startDate":"2025-12-11","completedDate":null,"estCompletionDate":"2027-01-28"}},{"type":"Feature","geometry":{"type":"Point","coordinates":[-118.5285,34.043784]},"properties":{"id":911,"address":"1213 Highland Rd","neighborhood":"El Medio Bluffs","status":"completed","statusLabel":"Completed (C of O)","permitType":"Bldg-New","submittedDate":"2025-03-09","issuedDate":"2025-06-04","startDate":"2025-07-19","completedDate":"2026-07-16","estCompletionDate":"2026-07-16"}},{"type":"Feature","geometry":{"type":"Point","coordinates":[-118.5285,34.04351]},"properties":{"id":912,"address":"1218 Highland Rd","neighborhood":"El Medio Bluffs","status":"construction","statusLabel":"Under Construction","permitType":"Bldg-New","submittedDate":"2025-04-14","issuedDate":"2025-08-11","startDate":"2025-10-31","completedDate":null,"estCompletionDate":"2027-01-06"}},{"type":"Feature","geometry":{"type":"Point","coordinates":[-118.546802,34.043311]},"properties":{"id":913,"address":"1201 Marquez Ave","neighborhood":"Marquez Knolls","status":"construction","statusLabel":"Under Construction","permitType":"Bldg-New","submittedDate":"2026-01-21","issuedDate":"2026-03-11","startDate":"2026-04-10","completedDate":null,"estCompletionDate":"2027-07-06"}},{"type":"Feature","geometry":{"type":"Point","coordinates":[-118.546441,34.043108]},"properties":{"id":914,"address":"1206 Marquez Ave","neighborhood":"Marquez Knolls","status":"issued","statusLabel":"Permit Issued","permitType":"Bldg-New","submittedDate":"2026-02-15","issuedDate":"2026-05-01","startDate":null,"completedDate":null,"estCompletionDate":"2027-11-20"}},{"type":"Feature","geometry":{"type":"Point","coordinates":[-118.546611,34.043328]},"properties":{"id":915,"address":"1209 Marquez Ave","neighborhood":"Marquez Knolls","status":"construction","statusLabel":"Under Construction","permitType":"Bldg-New","submittedDate":"2025-08-24","issuedDate":"2025-12-15","startDate":"2026-02-26","completedDate":null,"estCompletionDate":"2027-05-04"}},{"type":"Feature","geometry":{"type":"Point","coordinates":[-118.546482,34.043304]},"properties":{"id":916,"address":"1214 Marquez Ave","neighborhood":"Marquez Knolls","status":"submitted","statusLabel":"Permit Submitted","permitType":"Bldg-New","submittedDate":"2026-03-11","issuedDate":null,"startDate":null,"completedDate":null,"estCompletionDate":"2027-10-10"}},{"type":"Feature","geometry":{"type":"Point","coordinates":[-118.546392,34.043466]},"properties":{"id":917,"address":"1217 Marquez Ave","neighborhood":"Marquez Knolls","status":"construction","statusLabel":"Under Construction","permitType":"Bldg-New","submittedDate":"2025-04-07","issuedDate":"2025-05-24","startDate":"2025-07-29","completedDate":null,"estCompletionDate":"2026-10-24"}},{"type":"Feature","geometry":{"type":"Point","coordinates":[-118.546328,34.043161]},"properties":{"id":918,"address":"1222 Marquez Ave","neighborhood":"Marquez Knolls","status":"construction","statusLabel":"Under Construction","permitType":"Bldg-New","submittedDate":"2025-11-26","issuedDate":"2026-03-16","startDate":"2026-04-23","completedDate":null,"estCompletionDate":"2027-08-28"}},{"type":"Feature","geometry":{"type":"Point","coordinates":[-118.546504,34.043598]},"properties":{"id":919,"address":"1225 Marquez Ave","neighborhood":"Marquez Knolls","status":"submitted","statusLabel":"Permit Submitted","permitType":"Bldg-New","submittedDate":"2026-06-08","issuedDate":null,"startDate":null,"completedDate":null,"estCompletionDate":"2028-01-03"}},{"type":"Feature","geometry":{"type":"Point","coordinates":[-118.546212,34.043335]},"properties":{"id":920,"address":"1230 Marquez Ave","neighborhood":"Marquez Knolls","status":"submitted","statusLabel":"Permit Submitted","permitType":"Bldg-New","submittedDate":"2025-10-01","issuedDate":null,"startDate":null,"completedDate":null,"estCompletionDate":"2027-05-05"}},{"type":"Feature","geometry":{"type":"Point","coordinates":[-118.546234,34.043476]},"properties":{"id":921,"address":"1233 Marquez Ave","neighborhood":"Marquez Knolls","status":"construction","statusLabel":"Under Construction","permitType":"Bldg-New","submittedDate":"2025-07-13","issuedDate":"2025-10-02","startDate":"2025-10-18","completedDate":null,"estCompletionDate":"2027-01-02"}},{"type":"Feature","geometry":{"type":"Point","coordinates":[-118.546173,34.043291]},"properties":{"id":922,"address":"1238 Marquez Ave","neighborhood":"Marquez Knolls","status":"submitted","statusLabel":"Permit Submitted","permitType":"Bldg-New","submittedDate":"2026-03-14","issuedDate":null,"startDate":null,"completedDate":null,"estCompletionDate":"2028-03-02"}},{"type":"Feature","geometry":{"type":"Point","coordinates":[-118.54604,34.043645]},"properties":{"id":923,"address":"1241 Marquez Ave","neighborhood":"Marquez Knolls","status":"submitted","statusLabel":"Permit Submitted","permitType":"Bldg-New","submittedDate":"2026-06-29","issuedDate":null,"startDate":null,"completedDate":null,"estCompletionDate":"2028-03-28"}},{"type":"Feature","geometry":{"type":"Point","coordinates":[-118.545902,34.043546]},"properties":{"id":924,"address":"1246 Marquez Ave","neighborhood":"Marquez Knolls","status":"submitted","statusLabel":"Permit Submitted","permitType":"Bldg-New","submittedDate":"2026-02-16","issuedDate":null,"startDate":null,"completedDate":null,"estCompletionDate":"2027-10-19"}},{"type":"Feature","geometry":{"type":"Point","coordinates":[-118.546065,34.04365]},"properties":{"id":925,"address":"1249 Marquez Ave","neighborhood":"Marquez Knolls","status":"submitted","statusLabel":"Permit Submitted","permitType":"Bldg-New","submittedDate":"2025-12-31","issuedDate":null,"startDate":null,"completedDate":null,"estCompletionDate":"2027-12-16"}},{"type":"Feature","geometry":{"type":"Point","coordinates":[-118.545876,34.043439]},"properties":{"id":926,"address":"1254 Marquez Ave","neighborhood":"Marquez Knolls","status":"construction","statusLabel":"Under Construction","permitType":"Bldg-New","submittedDate":"2025-11-29","issuedDate":"2026-01-26","startDate":"2026-03-29","completedDate":null,"estCompletionDate":"2027-07-16"}},{"type":"Feature","geometry":{"type":"Point","coordinates":[-118.545901,34.043657]},"properties":{"id":927,"address":"1257 Marquez Ave","neighborhood":"Marquez Knolls","status":"submitted","statusLabel":"Permit Submitted","permitType":"Bldg-New","submittedDate":"2026-05-26","issuedDate":null,"startDate":null,"completedDate":null,"estCompletionDate":"2028-02-27"}},{"type":"Feature","geometry":{"type":"Point","coordinates":[-118.5457,34.043542]},"properties":{"id":928,"address":"1262 Marquez Ave","neighborhood":"Marquez Knolls","status":"submitted","statusLabel":"Permit Submitted","permitType":"Bldg-New","submittedDate":"2025-12-16","issuedDate":null,"startDate":null,"completedDate":null,"estCompletionDate":"2027-09-13"}},{"type":"Feature","geometry":{"type":"Point","coordinates":[-118.545906,34.043983]},"properties":{"id":929,"address":"1265 Marquez Ave","neighborhood":"Marquez Knolls","status":"submitted","statusLabel":"Permit Submitted","permitType":"Bldg-New","submittedDate":"2026-07-07","issuedDate":null,"startDate":null,"completedDate":null,"estCompletionDate":"2028-05-22"}},{"type":"Feature","geometry":{"type":"Point","coordinates":[-118.545648,34.043628]},"properties":{"id":930,"address":"1270 Marquez Ave","neighborhood":"Marquez Knolls","status":"construction","statusLabel":"Under Construction","permitType":"Bldg-New","submittedDate":"2025-10-28","issuedDate":"2026-02-05","startDate":"2026-04-25","completedDate":null,"estCompletionDate":"2027-04-15"}},{"type":"Feature","geometry":{"type":"Point","coordinates":[-118.54567,34.043825]},"properties":{"id":931,"address":"1273 Marquez Ave","neighborhood":"Marquez Knolls","status":"submitted","statusLabel":"Permit Submitted","permitType":"Bldg-New","submittedDate":"2026-06-21","issuedDate":null,"startDate":null,"completedDate":null,"estCompletionDate":"2028-02-03"}},{"type":"Feature","geometry":{"type":"Point","coordinates":[-118.54551,34.043921]},"properties":{"id":932,"address":"1278 Marquez Ave","neighborhood":"Marquez Knolls","status":"construction","statusLabel":"Under Construction","permitType":"Bldg-New","submittedDate":"2025-04-30","issuedDate":"2025-06-14","startDate":"2025-08-02","completedDate":null,"estCompletionDate":"2026-11-15"}},{"type":"Feature","geometry":{"type":"Point","coordinates":[-118.545637,34.044074]},"properties":{"id":933,"address":"1281 Marquez Ave","neighborhood":"Marquez Knolls","status":"construction","statusLabel":"Under Construction","permitType":"Bldg-New","submittedDate":"2025-11-07","issuedDate":"2026-01-15","startDate":"2026-04-02","completedDate":null,"estCompletionDate":"2027-03-10"}},{"type":"Feature","geometry":{"type":"Point","coordinates":[-118.545525,34.043806]},"properties":{"id":934,"address":"1286 Marquez Ave","neighborhood":"Marquez Knolls","status":"construction","statusLabel":"Under Construction","permitType":"Bldg-New","submittedDate":"2025-12-07","issuedDate":"2026-03-20","startDate":"2026-05-10","completedDate":null,"estCompletionDate":"2027-05-26"}},{"type":"Feature","geometry":{"type":"Point","coordinates":[-118.545614,34.044164]},"properties":{"id":935,"address":"1289 Marquez Ave","neighborhood":"Marquez Knolls","status":"submitted","statusLabel":"Permit Submitted","permitType":"Bldg-New","submittedDate":"2026-07-01","issuedDate":null,"startDate":null,"completedDate":null,"estCompletionDate":"2028-06-16"}},{"type":"Feature","geometry":{"type":"Point","coordinates":[-118.545228,34.044016]},"properties":{"id":936,"address":"1294 Marquez Ave","neighborhood":"Marquez Knolls","status":"submitted","statusLabel":"Permit Submitted","permitType":"Bldg-New","submittedDate":"2026-03-16","issuedDate":null,"startDate":null,"completedDate":null,"estCompletionDate":"2027-12-11"}},{"type":"Feature","geometry":{"type":"Point","coordinates":[-118.545392,34.044243]},"properties":{"id":937,"address":"1297 Marquez Ave","neighborhood":"Marquez Knolls","status":"construction","statusLabel":"Under Construction","permitType":"Bldg-New","submittedDate":"2025-08-24","issuedDate":"2025-11-17","startDate":"2025-12-24","completedDate":null,"estCompletionDate":"2027-01-08"}},{"type":"Feature","geometry":{"type":"Point","coordinates":[-118.54522,34.043934]},"properties":{"id":938,"address":"1302 Marquez Ave","neighborhood":"Marquez Knolls","status":"construction","statusLabel":"Under Construction","permitType":"Bldg-New","submittedDate":"2025-08-04","issuedDate":"2025-09-22","startDate":"2025-10-19","completedDate":null,"estCompletionDate":"2027-02-27"}},{"type":"Feature","geometry":{"type":"Point","coordinates":[-118.54526,34.04425]},"properties":{"id":939,"address":"1305 Marquez Ave","neighborhood":"Marquez Knolls","status":"submitted","statusLabel":"Permit Submitted","permitType":"Bldg-New","submittedDate":"2025-12-24","issuedDate":null,"startDate":null,"completedDate":null,"estCompletionDate":"2027-12-04"}},{"type":"Feature","geometry":{"type":"Point","coordinates":[-118.545198,34.044039]},"properties":{"id":940,"address":"1310 Marquez Ave","neighborhood":"Marquez Knolls","status":"construction","statusLabel":"Under Construction","permitType":"Bldg-New","submittedDate":"2025-05-14","issuedDate":"2025-07-16","startDate":"2025-08-27","completedDate":null,"estCompletionDate":"2026-10-18"}},{"type":"Feature","geometry":{"type":"Point","coordinates":[-118.545257,34.04437]},"properties":{"id":941,"address":"1313 Marquez Ave","neighborhood":"Marquez Knolls","status":"issued","statusLabel":"Permit Issued","permitType":"Bldg-New","submittedDate":"2025-07-24","issuedDate":"2025-11-14","startDate":null,"completedDate":null,"estCompletionDate":"2027-06-05"}},{"type":"Feature","geometry":{"type":"Point","coordinates":[-118.544934,34.044119]},"properties":{"id":942,"address":"1318 Marquez Ave","neighborhood":"Marquez Knolls","status":"construction","statusLabel":"Under Construction","permitType":"Bldg-New","submittedDate":"2025-07-11","issuedDate":"2025-11-15","startDate":"2026-01-12","completedDate":null,"estCompletionDate":"2026-12-10"}},{"type":"Feature","geometry":{"type":"Point","coordinates":[-118.54511,34.044282]},"properties":{"id":943,"address":"1321 Marquez Ave","neighborhood":"Marquez Knolls","status":"construction","statusLabel":"Under Construction","permitType":"Bldg-New","submittedDate":"2025-04-09","issuedDate":"2025-07-02","startDate":"2025-07-26","completedDate":null,"estCompletionDate":"2026-11-04"}},{"type":"Feature","geometry":{"type":"Point","coordinates":[-118.544847,34.044193]},"properties":{"id":944,"address":"1326 Marquez Ave","neighborhood":"Marquez Knolls","status":"construction","statusLabel":"Under Construction","permitType":"Bldg-New","submittedDate":"2025-10-14","issuedDate":"2025-12-03","startDate":"2026-03-03","completedDate":null,"estCompletionDate":"2027-06-28"}},{"type":"Feature","geometry":{"type":"Point","coordinates":[-118.54508,34.044372]},"properties":{"id":945,"address":"1329 Marquez Ave","neighborhood":"Marquez Knolls","status":"construction","statusLabel":"Under Construction","permitType":"Bldg-New","submittedDate":"2025-06-03","issuedDate":"2025-08-10","startDate":"2025-09-19","completedDate":null,"estCompletionDate":"2026-09-06"}},{"type":"Feature","geometry":{"type":"Point","coordinates":[-118.542661,34.043395]},"properties":{"id":946,"address":"901 Vista Grande Dr","neighborhood":"Marquez Knolls","status":"construction","statusLabel":"Under Construction","permitType":"Bldg-New","submittedDate":"2025-05-18","issuedDate":"2025-08-31","startDate":"2025-10-16","completedDate":null,"estCompletionDate":"2027-01-18"}},{"type":"Feature","geometry":{"type":"Point","coordinates":[-118.542414,34.043369]},"properties":{"id":947,"address":"906 Vista Grande Dr","neighborhood":"Marquez Knolls","status":"construction","statusLabel":"Under Construction","permitType":"Bldg-New","submittedDate":"2025-05-10","issuedDate":"2025-07-15","startDate":"2025-08-11","completedDate":null,"estCompletionDate":"2026-09-23"}},{"type":"Feature","geometry":{"type":"Point","coordinates":[-118.542519,34.043468]},"properties":{"id":948,"address":"909 Vista Grande Dr","neighborhood":"Marquez Knolls","status":"construction","statusLabel":"Under Construction","permitType":"Bldg-New","submittedDate":"2025-09-16","issuedDate":"2025-11-20","startDate":"2026-01-28","completedDate":null,"estCompletionDate":"2027-01-12"}},{"type":"Feature","geometry":{"type":"Point","coordinates":[-118.542352,34.04344]},"properties":{"id":949,"address":"914 Vista Grande Dr","neighborhood":"Marquez Knolls","status":"submitted","statusLabel":"Permit Submitted","permitType":"Bldg-New","submittedDate":"2025-10-29","issuedDate":null,"startDate":null,"completedDate":null,"estCompletionDate":"2027-11-19"}},{"type":"Feature","geometry":{"type":"Point","coordinates":[-118.542427,34.04349]},"properties":{"id":950,"address":"917 Vista Grande Dr","neighborhood":"Marquez Knolls","status":"submitted","statusLabel":"Permit Submitted","permitType":"Bldg-New","submittedDate":"2025-09-16","issuedDate":null,"startDate":null,"completedDate":null,"estCompletionDate":"2027-08-27"}},{"type":"Feature","geometry":{"type":"Point","coordinates":[-118.542283,34.043427]},"properties":{"id":951,"address":"922 Vista Grande Dr","neighborhood":"Marquez Knolls","status":"submitted","statusLabel":"Permit Submitted","permitType":"Bldg-New","submittedDate":"2026-06-26","issuedDate":null,"startDate":null,"completedDate":null,"estCompletionDate":"2028-01-07"}},{"type":"Feature","geometry":{"type":"Point","coordinates":[-118.542161,34.043696]},"properties":{"id":952,"address":"925 Vista Grande Dr","neighborhood":"Marquez Knolls","status":"construction","statusLabel":"Under Construction","permitType":"Bldg-New","submittedDate":"2025-03-24","issuedDate":"2025-06-25","startDate":"2025-08-12","completedDate":null,"estCompletionDate":"2026-07-15"}},{"type":"Feature","geometry":{"type":"Point","coordinates":[-118.54204,34.04359]},"properties":{"id":953,"address":"930 Vista Grande Dr","neighborhood":"Marquez Knolls","status":"construction","statusLabel":"Under Construction","permitType":"Bldg-New","submittedDate":"2025-08-09","issuedDate":"2025-09-28","startDate":"2025-12-22","completedDate":null,"estCompletionDate":"2027-04-14"}},{"type":"Feature","geometry":{"type":"Point","coordinates":[-118.542099,34.043864]},"properties":{"id":954,"address":"933 Vista Grande Dr","neighborhood":"Marquez Knolls","status":"submitted","statusLabel":"Permit Submitted","permitType":"Bldg-New","submittedDate":"2025-09-11","issuedDate":null,"startDate":null,"completedDate":null,"estCompletionDate":"2027-04-16"}},{"type":"Feature","geometry":{"type":"Point","coordinates":[-118.541945,34.043688]},"properties":{"id":955,"address":"938 Vista Grande Dr","neighborhood":"Marquez Knolls","status":"construction","statusLabel":"Under Construction","permitType":"Bldg-New","submittedDate":"2025-10-29","issuedDate":"2026-01-09","startDate":"2026-02-24","completedDate":null,"estCompletionDate":"2027-05-24"}},{"type":"Feature","geometry":{"type":"Point","coordinates":[-118.541952,34.04389]},"properties":{"id":956,"address":"941 Vista Grande Dr","neighborhood":"Marquez Knolls","status":"submitted","statusLabel":"Permit Submitted","permitType":"Bldg-New","submittedDate":"2026-01-11","issuedDate":null,"startDate":null,"completedDate":null,"estCompletionDate":"2027-08-31"}},{"type":"Feature","geometry":{"type":"Point","coordinates":[-118.541744,34.043768]},"properties":{"id":957,"address":"946 Vista Grande Dr","neighborhood":"Marquez Knolls","status":"construction","statusLabel":"Under Construction","permitType":"Bldg-New","submittedDate":"2025-04-10","issuedDate":"2025-06-29","startDate":"2025-08-05","completedDate":null,"estCompletionDate":"2026-11-27"}},{"type":"Feature","geometry":{"type":"Point","coordinates":[-118.54198,34.043949]},"properties":{"id":958,"address":"949 Vista Grande Dr","neighborhood":"Marquez Knolls","status":"construction","statusLabel":"Under Construction","permitType":"Bldg-New","submittedDate":"2025-07-20","issuedDate":"2025-10-05","startDate":"2026-01-01","completedDate":null,"estCompletionDate":"2026-11-28"}},{"type":"Feature","geometry":{"type":"Point","coordinates":[-118.541546,34.043739]},"properties":{"id":959,"address":"954 Vista Grande Dr","neighborhood":"Marquez Knolls","status":"construction","statusLabel":"Under Construction","permitType":"Bldg-New","submittedDate":"2025-09-11","issuedDate":"2025-12-26","startDate":"2026-01-16","completedDate":null,"estCompletionDate":"2026-12-24"}},{"type":"Feature","geometry":{"type":"Point","coordinates":[-118.541624,34.044143]},"properties":{"id":960,"address":"957 Vista Grande Dr","neighborhood":"Marquez Knolls","status":"issued","statusLabel":"Permit Issued","permitType":"Bldg-New","submittedDate":"2025-09-12","issuedDate":"2026-01-14","startDate":null,"completedDate":null,"estCompletionDate":"2027-07-27"}},{"type":"Feature","geometry":{"type":"Point","coordinates":[-118.541491,34.043982]},"properties":{"id":961,"address":"962 Vista Grande Dr","neighborhood":"Marquez Knolls","status":"submitted","statusLabel":"Permit Submitted","permitType":"Bldg-New","submittedDate":"2025-11-10","issuedDate":null,"startDate":null,"completedDate":null,"estCompletionDate":"2027-08-25"}},{"type":"Feature","geometry":{"type":"Point","coordinates":[-118.541535,34.044086]},"properties":{"id":962,"address":"965 Vista Grande Dr","neighborhood":"Marquez Knolls","status":"submitted","statusLabel":"Permit Submitted","permitType":"Bldg-New","submittedDate":"2025-10-04","issuedDate":null,"startDate":null,"completedDate":null,"estCompletionDate":"2027-06-04"}},{"type":"Feature","geometry":{"type":"Point","coordinates":[-118.541345,34.044092]},"properties":{"id":963,"address":"970 Vista Grande Dr","neighborhood":"Marquez Knolls","status":"submitted","statusLabel":"Permit Submitted","permitType":"Bldg-New","submittedDate":"2026-02-26","issuedDate":null,"startDate":null,"completedDate":null,"estCompletionDate":"2028-01-11"}},{"type":"Feature","geometry":{"type":"Point","coordinates":[-118.541352,34.044241]},"properties":{"id":964,"address":"973 Vista Grande Dr","neighborhood":"Marquez Knolls","status":"submitted","statusLabel":"Permit Submitted","permitType":"Bldg-New","submittedDate":"2025-11-28","issuedDate":null,"startDate":null,"completedDate":null,"estCompletionDate":"2027-10-18"}},{"type":"Feature","geometry":{"type":"Point","coordinates":[-118.541186,34.044012]},"properties":{"id":965,"address":"978 Vista Grande Dr","neighborhood":"Marquez Knolls","status":"issued","statusLabel":"Permit Issued","permitType":"Bldg-New","submittedDate":"2025-08-27","issuedDate":"2025-12-10","startDate":null,"completedDate":null,"estCompletionDate":"2027-08-17"}},{"type":"Feature","geometry":{"type":"Point","coordinates":[-118.541402,34.044403]},"properties":{"id":966,"address":"981 Vista Grande Dr","neighborhood":"Marquez Knolls","status":"submitted","statusLabel":"Permit Submitted","permitType":"Bldg-New","submittedDate":"2026-03-07","issuedDate":null,"startDate":null,"completedDate":null,"estCompletionDate":"2027-12-20"}},{"type":"Feature","geometry":{"type":"Point","coordinates":[-118.541061,34.044309]},"properties":{"id":967,"address":"986 Vista Grande Dr","neighborhood":"Marquez Knolls","status":"construction","statusLabel":"Under Construction","permitType":"Bldg-New","submittedDate":"2026-01-18","issuedDate":"2026-03-15","startDate":"2026-06-09","completedDate":null,"estCompletionDate":"2027-08-16"}},{"type":"Feature","geometry":{"type":"Point","coordinates":[-118.541065,34.044458]},"properties":{"id":968,"address":"989 Vista Grande Dr","neighborhood":"Marquez Knolls","status":"construction","statusLabel":"Under Construction","permitType":"Bldg-New","submittedDate":"2025-07-20","issuedDate":"2025-10-26","startDate":"2025-12-19","completedDate":null,"estCompletionDate":"2026-12-01"}},{"type":"Feature","geometry":{"type":"Point","coordinates":[-118.540846,34.044369]},"properties":{"id":969,"address":"994 Vista Grande Dr","neighborhood":"Marquez Knolls","status":"submitted","statusLabel":"Permit Submitted","permitType":"Bldg-New","submittedDate":"2025-10-27","issuedDate":null,"startDate":null,"completedDate":null,"estCompletionDate":"2027-07-12"}},{"type":"Feature","geometry":{"type":"Point","coordinates":[-118.540871,34.044555]},"properties":{"id":970,"address":"997 Vista Grande Dr","neighborhood":"Marquez Knolls","status":"submitted","statusLabel":"Permit Submitted","permitType":"Bldg-New","submittedDate":"2026-02-03","issuedDate":null,"startDate":null,"completedDate":null,"estCompletionDate":"2027-10-21"}},{"type":"Feature","geometry":{"type":"Point","coordinates":[-118.54081,34.044473]},"properties":{"id":971,"address":"1002 Vista Grande Dr","neighborhood":"Marquez Knolls","status":"submitted","statusLabel":"Permit Submitted","permitType":"Bldg-New","submittedDate":"2025-12-27","issuedDate":null,"startDate":null,"completedDate":null,"estCompletionDate":"2027-09-06"}},{"type":"Feature","geometry":{"type":"Point","coordinates":[-118.540854,34.04464]},"properties":{"id":972,"address":"1005 Vista Grande Dr","neighborhood":"Marquez Knolls","status":"construction","statusLabel":"Under Construction","permitType":"Bldg-New","submittedDate":"2025-08-28","issuedDate":"2025-10-14","startDate":"2025-12-10","completedDate":null,"estCompletionDate":"2027-04-21"}},{"type":"Feature","geometry":{"type":"Point","coordinates":[-118.540601,34.044495]},"properties":{"id":973,"address":"1010 Vista Grande Dr","neighborhood":"Marquez Knolls","status":"construction","statusLabel":"Under Construction","permitType":"Bldg-New","submittedDate":"2025-08-14","issuedDate":"2025-11-30","startDate":"2026-01-09","completedDate":null,"estCompletionDate":"2027-04-08"}},{"type":"Feature","geometry":{"type":"Point","coordinates":[-118.540696,34.044737]},"properties":{"id":974,"address":"1013 Vista Grande Dr","neighborhood":"Marquez Knolls","status":"submitted","statusLabel":"Permit Submitted","permitType":"Bldg-New","submittedDate":"2025-09-27","issuedDate":null,"startDate":null,"completedDate":null,"estCompletionDate":"2027-09-26"}},{"type":"Feature","geometry":{"type":"Point","coordinates":[-118.540402,34.044614]},"properties":{"id":975,"address":"1018 Vista Grande Dr","neighborhood":"Marquez Knolls","status":"construction","statusLabel":"Under Construction","permitType":"Bldg-New","submittedDate":"2025-07-30","issuedDate":"2025-10-03","startDate":"2025-10-31","completedDate":null,"estCompletionDate":"2027-03-08"}},{"type":"Feature","geometry":{"type":"Point","coordinates":[-118.540412,34.04487]},"properties":{"id":976,"address":"1021 Vista Grande Dr","neighborhood":"Marquez Knolls","status":"submitted","statusLabel":"Permit Submitted","permitType":"Bldg-New","submittedDate":"2025-10-09","issuedDate":null,"startDate":null,"completedDate":null,"estCompletionDate":"2027-07-30"}},{"type":"Feature","geometry":{"type":"Point","coordinates":[-118.540382,34.044692]},"properties":{"id":977,"address":"1026 Vista Grande Dr","neighborhood":"Marquez Knolls","status":"construction","statusLabel":"Under Construction","permitType":"Bldg-New","submittedDate":"2025-05-26","issuedDate":"2025-08-15","startDate":"2025-09-03","completedDate":null,"estCompletionDate":"2026-09-10"}},{"type":"Feature","geometry":{"type":"Point","coordinates":[-118.540408,34.045042]},"properties":{"id":978,"address":"1029 Vista Grande Dr","neighborhood":"Marquez Knolls","status":"issued","statusLabel":"Permit Issued","permitType":"Bldg-New","submittedDate":"2025-07-09","issuedDate":"2025-09-19","startDate":null,"completedDate":null,"estCompletionDate":"2027-02-07"}},{"type":"Feature","geometry":{"type":"Point","coordinates":[-118.540191,34.04358]},"properties":{"id":979,"address":"1301 Lucca Dr","neighborhood":"Marquez Knolls","status":"construction","statusLabel":"Under Construction","permitType":"Bldg-New","submittedDate":"2025-03-25","issuedDate":"2025-07-17","startDate":"2025-09-16","completedDate":null,"estCompletionDate":"2026-10-08"}},{"type":"Feature","geometry":{"type":"Point","coordinates":[-118.539892,34.043355]},"properties":{"id":980,"address":"1306 Lucca Dr","neighborhood":"Marquez Knolls","status":"construction","statusLabel":"Under Construction","permitType":"Bldg-New","submittedDate":"2025-03-25","issuedDate":"2025-05-25","startDate":"2025-06-24","completedDate":null,"estCompletionDate":"2026-07-16"}},{"type":"Feature","geometry":{"type":"Point","coordinates":[-118.540082,34.043536]},"properties":{"id":981,"address":"1309 Lucca Dr","neighborhood":"Marquez Knolls","status":"construction","statusLabel":"Under Construction","permitType":"Bldg-New","submittedDate":"2025-07-14","issuedDate":"2025-11-16","startDate":"2026-01-08","completedDate":null,"estCompletionDate":"2027-05-22"}},{"type":"Feature","geometry":{"type":"Point","coordinates":[-118.539752,34.043342]},"properties":{"id":982,"address":"1314 Lucca Dr","neighborhood":"Marquez Knolls","status":"submitted","statusLabel":"Permit Submitted","permitType":"Bldg-New","submittedDate":"2026-03-08","issuedDate":null,"startDate":null,"completedDate":null,"estCompletionDate":"2027-10-07"}},{"type":"Feature","geometry":{"type":"Point","coordinates":[-118.539671,34.043584]},"properties":{"id":983,"address":"1317 Lucca Dr","neighborhood":"Marquez Knolls","status":"construction","statusLabel":"Under Construction","permitType":"Bldg-New","submittedDate":"2025-03-27","issuedDate":"2025-06-15","startDate":"2025-07-10","completedDate":null,"estCompletionDate":"2026-10-16"}},{"type":"Feature","geometry":{"type":"Point","coordinates":[-118.539491,34.043551]},"properties":{"id":984,"address":"1322 Lucca Dr","neighborhood":"Marquez Knolls","status":"construction","statusLabel":"Under Construction","permitType":"Bldg-New","submittedDate":"2025-03-24","issuedDate":"2025-06-30","startDate":"2025-09-27","completedDate":null,"estCompletionDate":"2027-01-07"}},{"type":"Feature","geometry":{"type":"Point","coordinates":[-118.539613,34.043713]},"properties":{"id":985,"address":"1325 Lucca Dr","neighborhood":"Marquez Knolls","status":"construction","statusLabel":"Under Construction","permitType":"Bldg-New","submittedDate":"2025-07-19","issuedDate":"2025-09-03","startDate":"2025-11-18","completedDate":null,"estCompletionDate":"2026-12-30"}},{"type":"Feature","geometry":{"type":"Point","coordinates":[-118.539451,34.043709]},"properties":{"id":986,"address":"1330 Lucca Dr","neighborhood":"Marquez Knolls","status":"submitted","statusLabel":"Permit Submitted","permitType":"Bldg-New","submittedDate":"2026-04-30","issuedDate":null,"startDate":null,"completedDate":null,"estCompletionDate":"2028-04-23"}},{"type":"Feature","geometry":{"type":"Point","coordinates":[-118.539473,34.04385]},"properties":{"id":987,"address":"1333 Lucca Dr","neighborhood":"Marquez Knolls","status":"construction","statusLabel":"Under Construction","permitType":"Bldg-New","submittedDate":"2025-08-03","issuedDate":"2025-11-04","startDate":"2025-12-04","completedDate":null,"estCompletionDate":"2027-01-27"}},{"type":"Feature","geometry":{"type":"Point","coordinates":[-118.539007,34.04381]},"properties":{"id":988,"address":"1338 Lucca Dr","neighborhood":"Marquez Knolls","status":"submitted","statusLabel":"Permit Submitted","permitType":"Bldg-New","submittedDate":"2026-04-05","issuedDate":null,"startDate":null,"completedDate":null,"estCompletionDate":"2028-01-12"}},{"type":"Feature","geometry":{"type":"Point","coordinates":[-118.53914,34.043885]},"properties":{"id":989,"address":"1341 Lucca Dr","neighborhood":"Marquez Knolls","status":"construction","statusLabel":"Under Construction","permitType":"Bldg-New","submittedDate":"2026-01-16","issuedDate":"2026-04-03","startDate":"2026-05-31","completedDate":null,"estCompletionDate":"2027-09-26"}},{"type":"Feature","geometry":{"type":"Point","coordinates":[-118.539052,34.04393]},"properties":{"id":990,"address":"1346 Lucca Dr","neighborhood":"Marquez Knolls","status":"submitted","statusLabel":"Permit Submitted","permitType":"Bldg-New","submittedDate":"2025-11-13","issuedDate":null,"startDate":null,"completedDate":null,"estCompletionDate":"2027-07-19"}},{"type":"Feature","geometry":{"type":"Point","coordinates":[-118.538866,34.043977]},"properties":{"id":991,"address":"1349 Lucca Dr","neighborhood":"Marquez Knolls","status":"submitted","statusLabel":"Permit Submitted","permitType":"Bldg-New","submittedDate":"2026-03-22","issuedDate":null,"startDate":null,"completedDate":null,"estCompletionDate":"2028-01-02"}},{"type":"Feature","geometry":{"type":"Point","coordinates":[-118.538816,34.04379]},"properties":{"id":992,"address":"1354 Lucca Dr","neighborhood":"Marquez Knolls","status":"issued","statusLabel":"Permit Issued","permitType":"Bldg-New","submittedDate":"2025-11-12","issuedDate":"2026-01-07","startDate":null,"completedDate":null,"estCompletionDate":"2027-08-06"}},{"type":"Feature","geometry":{"type":"Point","coordinates":[-118.538742,34.04409]},"properties":{"id":993,"address":"1357 Lucca Dr","neighborhood":"Marquez Knolls","status":"construction","statusLabel":"Under Construction","permitType":"Bldg-New","submittedDate":"2025-06-06","issuedDate":"2025-09-11","startDate":"2025-11-25","completedDate":null,"estCompletionDate":"2026-11-20"}},{"type":"Feature","geometry":{"type":"Point","coordinates":[-118.538503,34.043942]},"properties":{"id":994,"address":"1362 Lucca Dr","neighborhood":"Marquez Knolls","status":"submitted","statusLabel":"Permit Submitted","permitType":"Bldg-New","submittedDate":"2026-05-29","issuedDate":null,"startDate":null,"completedDate":null,"estCompletionDate":"2028-01-09"}},{"type":"Feature","geometry":{"type":"Point","coordinates":[-118.538512,34.044156]},"properties":{"id":995,"address":"1365 Lucca Dr","neighborhood":"Marquez Knolls","status":"construction","statusLabel":"Under Construction","permitType":"Bldg-New","submittedDate":"2025-11-18","issuedDate":"2026-01-12","startDate":"2026-04-09","completedDate":null,"estCompletionDate":"2027-05-26"}},{"type":"Feature","geometry":{"type":"Point","coordinates":[-118.538253,34.044018]},"properties":{"id":996,"address":"1370 Lucca Dr","neighborhood":"Marquez Knolls","status":"submitted","statusLabel":"Permit Submitted","permitType":"Bldg-New","submittedDate":"2026-04-30","issuedDate":null,"startDate":null,"completedDate":null,"estCompletionDate":"2028-04-16"}},{"type":"Feature","geometry":{"type":"Point","coordinates":[-118.538282,34.04435]},"properties":{"id":997,"address":"1373 Lucca Dr","neighborhood":"Marquez Knolls","status":"construction","statusLabel":"Under Construction","permitType":"Bldg-New","submittedDate":"2025-03-14","issuedDate":"2025-05-31","startDate":"2025-08-22","completedDate":null,"estCompletionDate":"2027-01-02"}},{"type":"Feature","geometry":{"type":"Point","coordinates":[-118.538168,34.044273]},"properties":{"id":998,"address":"1378 Lucca Dr","neighborhood":"Marquez Knolls","status":"submitted","statusLabel":"Permit Submitted","permitType":"Bldg-New","submittedDate":"2026-05-04","issuedDate":null,"startDate":null,"completedDate":null,"estCompletionDate":"2028-05-14"}},{"type":"Feature","geometry":{"type":"Point","coordinates":[-118.538075,34.044511]},"properties":{"id":999,"address":"1381 Lucca Dr","neighborhood":"Marquez Knolls","status":"construction","statusLabel":"Under Construction","permitType":"Bldg-New","submittedDate":"2025-11-21","issuedDate":"2026-03-05","startDate":"2026-05-17","completedDate":null,"estCompletionDate":"2027-07-15"}},{"type":"Feature","geometry":{"type":"Point","coordinates":[-118.537905,34.044329]},"properties":{"id":1000,"address":"1386 Lucca Dr","neighborhood":"Marquez Knolls","status":"construction","statusLabel":"Under Construction","permitType":"Bldg-New","submittedDate":"2025-07-15","issuedDate":"2025-09-21","startDate":"2025-10-13","completedDate":null,"estCompletionDate":"2026-10-29"}},{"type":"Feature","geometry":{"type":"Point","coordinates":[-118.537873,34.044579]},"properties":{"id":1001,"address":"1389 Lucca Dr","neighborhood":"Marquez Knolls","status":"construction","statusLabel":"Under Construction","permitType":"Bldg-New","submittedDate":"2025-04-12","issuedDate":"2025-06-09","startDate":"2025-07-19","completedDate":null,"estCompletionDate":"2026-10-18"}},{"type":"Feature","geometry":{"type":"Point","coordinates":[-118.537822,34.044301]},"properties":{"id":1002,"address":"1394 Lucca Dr","neighborhood":"Marquez Knolls","status":"construction","statusLabel":"Under Construction","permitType":"Bldg-New","submittedDate":"2025-05-13","issuedDate":"2025-09-14","startDate":"2025-10-20","completedDate":null,"estCompletionDate":"2026-10-28"}},{"type":"Feature","geometry":{"type":"Point","coordinates":[-118.537765,34.044729]},"properties":{"id":1003,"address":"1397 Lucca Dr","neighborhood":"Marquez Knolls","status":"construction","statusLabel":"Under Construction","permitType":"Bldg-New","submittedDate":"2025-10-19","issuedDate":"2026-01-04","startDate":"2026-03-30","completedDate":null,"estCompletionDate":"2027-04-29"}},{"type":"Feature","geometry":{"type":"Point","coordinates":[-118.537449,34.044371]},"properties":{"id":1004,"address":"1402 Lucca Dr","neighborhood":"Marquez Knolls","status":"construction","statusLabel":"Under Construction","permitType":"Bldg-New","submittedDate":"2025-11-13","issuedDate":"2026-01-15","startDate":"2026-02-11","completedDate":null,"estCompletionDate":"2027-05-05"}},{"type":"Feature","geometry":{"type":"Point","coordinates":[-118.537674,34.044725]},"properties":{"id":1005,"address":"1405 Lucca Dr","neighborhood":"Marquez Knolls","status":"construction","statusLabel":"Under Construction","permitType":"Bldg-New","submittedDate":"2025-12-12","issuedDate":"2026-02-23","startDate":"2026-05-23","completedDate":null,"estCompletionDate":"2027-04-22"}},{"type":"Feature","geometry":{"type":"Point","coordinates":[-118.537208,34.044654]},"properties":{"id":1006,"address":"1410 Lucca Dr","neighborhood":"Marquez Knolls","status":"issued","statusLabel":"Permit Issued","permitType":"Bldg-New","submittedDate":"2025-12-29","issuedDate":"2026-05-10","startDate":null,"completedDate":null,"estCompletionDate":"2027-12-12"}},{"type":"Feature","geometry":{"type":"Point","coordinates":[-118.537435,34.044911]},"properties":{"id":1007,"address":"1413 Lucca Dr","neighborhood":"Marquez Knolls","status":"submitted","statusLabel":"Permit Submitted","permitType":"Bldg-New","submittedDate":"2026-04-28","issuedDate":null,"startDate":null,"completedDate":null,"estCompletionDate":"2027-12-12"}},{"type":"Feature","geometry":{"type":"Point","coordinates":[-118.537174,34.044525]},"properties":{"id":1008,"address":"1418 Lucca Dr","neighborhood":"Marquez Knolls","status":"construction","statusLabel":"Under Construction","permitType":"Bldg-New","submittedDate":"2025-09-02","issuedDate":"2025-12-25","startDate":"2026-03-13","completedDate":null,"estCompletionDate":"2027-03-18"}},{"type":"Feature","geometry":{"type":"Point","coordinates":[-118.537201,34.04493]},"properties":{"id":1009,"address":"1421 Lucca Dr","neighborhood":"Marquez Knolls","status":"submitted","statusLabel":"Permit Submitted","permitType":"Bldg-New","submittedDate":"2025-11-07","issuedDate":null,"startDate":null,"completedDate":null,"estCompletionDate":"2027-06-28"}},{"type":"Feature","geometry":{"type":"Point","coordinates":[-118.537,34.044703]},"properties":{"id":1010,"address":"1426 Lucca Dr","neighborhood":"Marquez Knolls","status":"submitted","statusLabel":"Permit Submitted","permitType":"Bldg-New","submittedDate":"2026-02-03","issuedDate":null,"startDate":null,"completedDate":null,"estCompletionDate":"2028-01-09"}},{"type":"Feature","geometry":{"type":"Point","coordinates":[-118.537,34.044906]},"properties":{"id":1011,"address":"1429 Lucca Dr","neighborhood":"Marquez Knolls","status":"construction","statusLabel":"Under Construction","permitType":"Bldg-New","submittedDate":"2025-11-02","issuedDate":"2026-03-10","startDate":"2026-05-08","completedDate":null,"estCompletionDate":"2027-07-30"}},{"type":"Feature","geometry":{"type":"Point","coordinates":[-118.546922,34.045845]},"properties":{"id":1012,"address":"501 Michael Ln","neighborhood":"Marquez Knolls","status":"construction","statusLabel":"Under Construction","permitType":"Bldg-New","submittedDate":"2025-09-12","issuedDate":"2025-12-28","startDate":"2026-03-21","completedDate":null,"estCompletionDate":"2027-05-24"}},{"type":"Feature","geometry":{"type":"Point","coordinates":[-118.546497,34.045683]},"properties":{"id":1013,"address":"506 Michael Ln","neighborhood":"Marquez Knolls","status":"submitted","statusLabel":"Permit Submitted","permitType":"Bldg-New","submittedDate":"2026-04-16","issuedDate":null,"startDate":null,"completedDate":null,"estCompletionDate":"2028-04-02"}},{"type":"Feature","geometry":{"type":"Point","coordinates":[-118.546678,34.045766]},"properties":{"id":1014,"address":"509 Michael Ln","neighborhood":"Marquez Knolls","status":"construction","statusLabel":"Under Construction","permitType":"Bldg-New","submittedDate":"2025-09-03","issuedDate":"2025-12-12","startDate":"2026-01-20","completedDate":null,"estCompletionDate":"2026-12-17"}},{"type":"Feature","geometry":{"type":"Point","coordinates":[-118.546318,34.045849]},"properties":{"id":1015,"address":"514 Michael Ln","neighborhood":"Marquez Knolls","status":"construction","statusLabel":"Under Construction","permitType":"Bldg-New","submittedDate":"2025-04-02","issuedDate":"2025-07-30","startDate":"2025-09-21","completedDate":null,"estCompletionDate":"2026-12-07"}},{"type":"Feature","geometry":{"type":"Point","coordinates":[-118.546415,34.045893]},"properties":{"id":1016,"address":"517 Michael Ln","neighborhood":"Marquez Knolls","status":"submitted","statusLabel":"Permit Submitted","permitType":"Bldg-New","submittedDate":"2026-03-25","issuedDate":null,"startDate":null,"completedDate":null,"estCompletionDate":"2028-03-08"}},{"type":"Feature","geometry":{"type":"Point","coordinates":[-118.546255,34.045957]},"properties":{"id":1017,"address":"522 Michael Ln","neighborhood":"Marquez Knolls","status":"construction","statusLabel":"Under Construction","permitType":"Bldg-New","submittedDate":"2025-09-20","issuedDate":"2025-11-06","startDate":"2026-01-14","completedDate":null,"estCompletionDate":"2027-02-04"}},{"type":"Feature","geometry":{"type":"Point","coordinates":[-118.546202,34.046172]},"properties":{"id":1018,"address":"525 Michael Ln","neighborhood":"Marquez Knolls","status":"construction","statusLabel":"Under Construction","permitType":"Bldg-New","submittedDate":"2025-09-21","issuedDate":"2025-12-14","startDate":"2026-02-06","completedDate":null,"estCompletionDate":"2027-01-10"}},{"type":"Feature","geometry":{"type":"Point","coordinates":[-118.546049,34.046013]},"properties":{"id":1019,"address":"530 Michael Ln","neighborhood":"Marquez Knolls","status":"construction","statusLabel":"Under Construction","permitType":"Bldg-New","submittedDate":"2025-05-30","issuedDate":"2025-07-18","startDate":"2025-09-18","completedDate":null,"estCompletionDate":"2026-09-06"}},{"type":"Feature","geometry":{"type":"Point","coordinates":[-118.545984,34.046315]},"properties":{"id":1020,"address":"533 Michael Ln","neighborhood":"Marquez Knolls","status":"construction","statusLabel":"Under Construction","permitType":"Bldg-New","submittedDate":"2025-10-01","issuedDate":"2026-02-05","startDate":"2026-02-20","completedDate":null,"estCompletionDate":"2027-01-18"}},{"type":"Feature","geometry":{"type":"Point","coordinates":[-118.545912,34.046172]},"properties":{"id":1021,"address":"538 Michael Ln","neighborhood":"Marquez Knolls","status":"construction","statusLabel":"Under Construction","permitType":"Bldg-New","submittedDate":"2025-09-20","issuedDate":"2025-11-10","startDate":"2025-12-17","completedDate":null,"estCompletionDate":"2026-11-19"}},{"type":"Feature","geometry":{"type":"Point","coordinates":[-118.545782,34.046294]},"properties":{"id":1022,"address":"541 Michael Ln","neighborhood":"Marquez Knolls","status":"submitted","statusLabel":"Permit Submitted","permitType":"Bldg-New","submittedDate":"2025-09-13","issuedDate":null,"startDate":null,"completedDate":null,"estCompletionDate":"2027-05-29"}},{"type":"Feature","geometry":{"type":"Point","coordinates":[-118.545591,34.046229]},"properties":{"id":1023,"address":"546 Michael Ln","neighborhood":"Marquez Knolls","status":"submitted","statusLabel":"Permit Submitted","permitType":"Bldg-New","submittedDate":"2026-02-08","issuedDate":null,"startDate":null,"completedDate":null,"estCompletionDate":"2028-01-30"}},{"type":"Feature","geometry":{"type":"Point","coordinates":[-118.545708,34.046365]},"properties":{"id":1024,"address":"549 Michael Ln","neighborhood":"Marquez Knolls","status":"construction","statusLabel":"Under Construction","permitType":"Bldg-New","submittedDate":"2025-06-03","issuedDate":"2025-07-29","startDate":"2025-09-23","completedDate":null,"estCompletionDate":"2027-01-04"}},{"type":"Feature","geometry":{"type":"Point","coordinates":[-118.545298,34.046208]},"properties":{"id":1025,"address":"554 Michael Ln","neighborhood":"Marquez Knolls","status":"construction","statusLabel":"Under Construction","permitType":"Bldg-New","submittedDate":"2025-04-12","issuedDate":"2025-06-12","startDate":"2025-09-08","completedDate":null,"estCompletionDate":"2026-08-07"}},{"type":"Feature","geometry":{"type":"Point","coordinates":[-118.545503,34.046554]},"properties":{"id":1026,"address":"557 Michael Ln","neighborhood":"Marquez Knolls","status":"construction","statusLabel":"Under Construction","permitType":"Bldg-New","submittedDate":"2025-07-05","issuedDate":"2025-10-25","startDate":"2026-01-18","completedDate":null,"estCompletionDate":"2026-12-17"}},{"type":"Feature","geometry":{"type":"Point","coordinates":[-118.545297,34.04651]},"properties":{"id":1027,"address":"562 Michael Ln","neighborhood":"Marquez Knolls","status":"construction","statusLabel":"Under Construction","permitType":"Bldg-New","submittedDate":"2025-12-04","issuedDate":"2026-02-08","startDate":"2026-04-01","completedDate":null,"estCompletionDate":"2027-07-10"}},{"type":"Feature","geometry":{"type":"Point","coordinates":[-118.545286,34.046657]},"properties":{"id":1028,"address":"565 Michael Ln","neighborhood":"Marquez Knolls","status":"construction","statusLabel":"Under Construction","permitType":"Bldg-New","submittedDate":"2025-09-19","issuedDate":"2025-11-12","startDate":"2025-12-05","completedDate":null,"estCompletionDate":"2027-03-08"}},{"type":"Feature","geometry":{"type":"Point","coordinates":[-118.545094,34.046533]},"properties":{"id":1029,"address":"570 Michael Ln","neighborhood":"Marquez Knolls","status":"construction","statusLabel":"Under Construction","permitType":"Bldg-New","submittedDate":"2025-10-31","issuedDate":"2026-03-04","startDate":"2026-05-27","completedDate":null,"estCompletionDate":"2027-05-06"}},{"type":"Feature","geometry":{"type":"Point","coordinates":[-118.545131,34.046607]},"properties":{"id":1030,"address":"573 Michael Ln","neighborhood":"Marquez Knolls","status":"construction","statusLabel":"Under Construction","permitType":"Bldg-New","submittedDate":"2026-01-10","issuedDate":"2026-03-08","startDate":"2026-05-07","completedDate":null,"estCompletionDate":"2027-08-30"}},{"type":"Feature","geometry":{"type":"Point","coordinates":[-118.544726,34.046679]},"properties":{"id":1031,"address":"578 Michael Ln","neighborhood":"Marquez Knolls","status":"construction","statusLabel":"Under Construction","permitType":"Bldg-New","submittedDate":"2025-07-09","issuedDate":"2025-09-10","startDate":"2025-11-23","completedDate":null,"estCompletionDate":"2027-02-10"}},{"type":"Feature","geometry":{"type":"Point","coordinates":[-118.544818,34.04679]},"properties":{"id":1032,"address":"581 Michael Ln","neighborhood":"Marquez Knolls","status":"submitted","statusLabel":"Permit Submitted","permitType":"Bldg-New","submittedDate":"2026-03-01","issuedDate":null,"startDate":null,"completedDate":null,"estCompletionDate":"2027-09-25"}},{"type":"Feature","geometry":{"type":"Point","coordinates":[-118.54457,34.046673]},"properties":{"id":1033,"address":"586 Michael Ln","neighborhood":"Marquez Knolls","status":"completed","statusLabel":"Completed (C of O)","permitType":"Bldg-New","submittedDate":"2025-04-14","issuedDate":"2025-05-26","startDate":"2025-07-12","completedDate":"2026-07-16","estCompletionDate":"2026-07-16"}},{"type":"Feature","geometry":{"type":"Point","coordinates":[-118.544626,34.046838]},"properties":{"id":1034,"address":"589 Michael Ln","neighborhood":"Marquez Knolls","status":"construction","statusLabel":"Under Construction","permitType":"Bldg-New","submittedDate":"2025-05-24","issuedDate":"2025-07-26","startDate":"2025-08-15","completedDate":null,"estCompletionDate":"2026-08-10"}},{"type":"Feature","geometry":{"type":"Point","coordinates":[-118.544411,34.046711]},"properties":{"id":1035,"address":"594 Michael Ln","neighborhood":"Marquez Knolls","status":"construction","statusLabel":"Under Construction","permitType":"Bldg-New","submittedDate":"2025-12-10","issuedDate":"2026-03-02","startDate":"2026-04-11","completedDate":null,"estCompletionDate":"2027-08-21"}},{"type":"Feature","geometry":{"type":"Point","coordinates":[-118.54457,34.046952]},"properties":{"id":1036,"address":"597 Michael Ln","neighborhood":"Marquez Knolls","status":"issued","statusLabel":"Permit Issued","permitType":"Bldg-New","submittedDate":"2025-12-30","issuedDate":"2026-04-29","startDate":null,"completedDate":null,"estCompletionDate":"2027-10-30"}},{"type":"Feature","geometry":{"type":"Point","coordinates":[-118.544269,34.046932]},"properties":{"id":1037,"address":"602 Michael Ln","neighborhood":"Marquez Knolls","status":"submitted","statusLabel":"Permit Submitted","permitType":"Bldg-New","submittedDate":"2025-09-17","issuedDate":null,"startDate":null,"completedDate":null,"estCompletionDate":"2027-07-16"}},{"type":"Feature","geometry":{"type":"Point","coordinates":[-118.544327,34.04715]},"properties":{"id":1038,"address":"605 Michael Ln","neighborhood":"Marquez Knolls","status":"submitted","statusLabel":"Permit Submitted","permitType":"Bldg-New","submittedDate":"2025-10-27","issuedDate":null,"startDate":null,"completedDate":null,"estCompletionDate":"2027-06-09"}},{"type":"Feature","geometry":{"type":"Point","coordinates":[-118.543977,34.047057]},"properties":{"id":1039,"address":"610 Michael Ln","neighborhood":"Marquez Knolls","status":"issued","statusLabel":"Permit Issued","permitType":"Bldg-New","submittedDate":"2026-02-14","issuedDate":"2026-05-07","startDate":null,"completedDate":null,"estCompletionDate":"2027-12-13"}},{"type":"Feature","geometry":{"type":"Point","coordinates":[-118.544195,34.047399]},"properties":{"id":1040,"address":"613 Michael Ln","neighborhood":"Marquez Knolls","status":"construction","statusLabel":"Under Construction","permitType":"Bldg-New","submittedDate":"2025-08-23","issuedDate":"2025-11-29","startDate":"2025-12-27","completedDate":null,"estCompletionDate":"2027-04-20"}},{"type":"Feature","geometry":{"type":"Point","coordinates":[-118.543851,34.047126]},"properties":{"id":1041,"address":"618 Michael Ln","neighborhood":"Marquez Knolls","status":"construction","statusLabel":"Under Construction","permitType":"Bldg-New","submittedDate":"2025-12-11","issuedDate":"2026-04-19","startDate":"2026-07-02","completedDate":null,"estCompletionDate":"2027-10-04"}},{"type":"Feature","geometry":{"type":"Point","coordinates":[-118.543941,34.04749]},"properties":{"id":1042,"address":"621 Michael Ln","neighborhood":"Marquez Knolls","status":"construction","statusLabel":"Under Construction","permitType":"Bldg-New","submittedDate":"2025-04-10","issuedDate":"2025-06-29","startDate":"2025-09-01","completedDate":null,"estCompletionDate":"2026-10-31"}},{"type":"Feature","geometry":{"type":"Point","coordinates":[-118.543618,34.04719]},"properties":{"id":1043,"address":"626 Michael Ln","neighborhood":"Marquez Knolls","status":"construction","statusLabel":"Under Construction","permitType":"Bldg-New","submittedDate":"2025-11-18","issuedDate":"2026-01-09","startDate":"2026-03-22","completedDate":null,"estCompletionDate":"2027-06-02"}},{"type":"Feature","geometry":{"type":"Point","coordinates":[-118.543755,34.047613]},"properties":{"id":1044,"address":"629 Michael Ln","neighborhood":"Marquez Knolls","status":"submitted","statusLabel":"Permit Submitted","permitType":"Bldg-New","submittedDate":"2025-11-29","issuedDate":null,"startDate":null,"completedDate":null,"estCompletionDate":"2027-10-03"}},{"type":"Feature","geometry":{"type":"Point","coordinates":[-118.542729,34.046161]},"properties":{"id":1045,"address":"501 Ida Ave","neighborhood":"Marquez Knolls","status":"submitted","statusLabel":"Permit Submitted","permitType":"Bldg-New","submittedDate":"2026-01-17","issuedDate":null,"startDate":null,"completedDate":null,"estCompletionDate":"2028-01-07"}},{"type":"Feature","geometry":{"type":"Point","coordinates":[-118.542556,34.04599]},"properties":{"id":1046,"address":"506 Ida Ave","neighborhood":"Marquez Knolls","status":"submitted","statusLabel":"Permit Submitted","permitType":"Bldg-New","submittedDate":"2025-11-11","issuedDate":null,"startDate":null,"completedDate":null,"estCompletionDate":"2027-06-05"}},{"type":"Feature","geometry":{"type":"Point","coordinates":[-118.542516,34.046205]},"properties":{"id":1047,"address":"509 Ida Ave","neighborhood":"Marquez Knolls","status":"construction","statusLabel":"Under Construction","permitType":"Bldg-New","submittedDate":"2026-01-15","issuedDate":"2026-04-02","startDate":"2026-05-19","completedDate":null,"estCompletionDate":"2027-07-10"}},{"type":"Feature","geometry":{"type":"Point","coordinates":[-118.542386,34.046028]},"properties":{"id":1048,"address":"514 Ida Ave","neighborhood":"Marquez Knolls","status":"construction","statusLabel":"Under Construction","permitType":"Bldg-New","submittedDate":"2025-11-30","issuedDate":"2026-02-21","startDate":"2026-04-12","completedDate":null,"estCompletionDate":"2027-07-29"}},{"type":"Feature","geometry":{"type":"Point","coordinates":[-118.542465,34.046292]},"properties":{"id":1049,"address":"517 Ida Ave","neighborhood":"Marquez Knolls","status":"construction","statusLabel":"Under Construction","permitType":"Bldg-New","submittedDate":"2025-10-25","issuedDate":"2026-02-08","startDate":"2026-03-26","completedDate":null,"estCompletionDate":"2027-04-15"}},{"type":"Feature","geometry":{"type":"Point","coordinates":[-118.542345,34.046178]},"properties":{"id":1050,"address":"522 Ida Ave","neighborhood":"Marquez Knolls","status":"construction","statusLabel":"Under Construction","permitType":"Bldg-New","submittedDate":"2025-03-20","issuedDate":"2025-05-23","startDate":"2025-07-13","completedDate":null,"estCompletionDate":"2026-09-08"}},{"type":"Feature","geometry":{"type":"Point","coordinates":[-118.542235,34.046492]},"properties":{"id":1051,"address":"525 Ida Ave","neighborhood":"Marquez Knolls","status":"construction","statusLabel":"Under Construction","permitType":"Bldg-New","submittedDate":"2025-08-28","issuedDate":"2025-10-25","startDate":"2026-01-07","completedDate":null,"estCompletionDate":"2027-05-16"}},{"type":"Feature","geometry":{"type":"Point","coordinates":[-118.542258,34.046337]},"properties":{"id":1052,"address":"530 Ida Ave","neighborhood":"Marquez Knolls","status":"submitted","statusLabel":"Permit Submitted","permitType":"Bldg-New","submittedDate":"2026-05-09","issuedDate":null,"startDate":null,"completedDate":null,"estCompletionDate":"2028-04-20"}},{"type":"Feature","geometry":{"type":"Point","coordinates":[-118.54218,34.04643]},"properties":{"id":1053,"address":"533 Ida Ave","neighborhood":"Marquez Knolls","status":"submitted","statusLabel":"Permit Submitted","permitType":"Bldg-New","submittedDate":"2025-09-26","issuedDate":null,"startDate":null,"completedDate":null,"estCompletionDate":"2027-05-14"}},{"type":"Feature","geometry":{"type":"Point","coordinates":[-118.541959,34.046422]},"properties":{"id":1054,"address":"538 Ida Ave","neighborhood":"Marquez Knolls","status":"construction","statusLabel":"Under Construction","permitType":"Bldg-New","submittedDate":"2025-12-21","issuedDate":"2026-02-09","startDate":"2026-04-06","completedDate":null,"estCompletionDate":"2027-07-08"}},{"type":"Feature","geometry":{"type":"Point","coordinates":[-118.542125,34.046624]},"properties":{"id":1055,"address":"541 Ida Ave","neighborhood":"Marquez Knolls","status":"submitted","statusLabel":"Permit Submitted","permitType":"Bldg-New","submittedDate":"2025-12-24","issuedDate":null,"startDate":null,"completedDate":null,"estCompletionDate":"2027-08-31"}},{"type":"Feature","geometry":{"type":"Point","coordinates":[-118.541856,34.046438]},"properties":{"id":1056,"address":"546 Ida Ave","neighborhood":"Marquez Knolls","status":"submitted","statusLabel":"Permit Submitted","permitType":"Bldg-New","submittedDate":"2026-04-23","issuedDate":null,"startDate":null,"completedDate":null,"estCompletionDate":"2027-12-07"}},{"type":"Feature","geometry":{"type":"Point","coordinates":[-118.54205,34.046577]},"properties":{"id":1057,"address":"549 Ida Ave","neighborhood":"Marquez Knolls","status":"construction","statusLabel":"Under Construction","permitType":"Bldg-New","submittedDate":"2025-09-19","issuedDate":"2025-11-27","startDate":"2026-02-12","completedDate":null,"estCompletionDate":"2027-05-10"}},{"type":"Feature","geometry":{"type":"Point","coordinates":[-118.541658,34.046522]},"properties":{"id":1058,"address":"554 Ida Ave","neighborhood":"Marquez Knolls","status":"submitted","statusLabel":"Permit Submitted","permitType":"Bldg-New","submittedDate":"2026-04-14","issuedDate":null,"startDate":null,"completedDate":null,"estCompletionDate":"2028-03-19"}},{"type":"Feature","geometry":{"type":"Point","coordinates":[-118.541673,34.046678]},"properties":{"id":1059,"address":"557 Ida Ave","neighborhood":"Marquez Knolls","status":"construction","statusLabel":"Under Construction","permitType":"Bldg-New","submittedDate":"2025-12-17","issuedDate":"2026-03-03","startDate":"2026-05-16","completedDate":null,"estCompletionDate":"2027-05-03"}},{"type":"Feature","geometry":{"type":"Point","coordinates":[-118.54155,34.046592]},"properties":{"id":1060,"address":"562 Ida Ave","neighborhood":"Marquez Knolls","status":"submitted","statusLabel":"Permit Submitted","permitType":"Bldg-New","submittedDate":"2026-06-09","issuedDate":null,"startDate":null,"completedDate":null,"estCompletionDate":"2028-05-06"}},{"type":"Feature","geometry":{"type":"Point","coordinates":[-118.541666,34.046787]},"properties":{"id":1061,"address":"565 Ida Ave","neighborhood":"Marquez Knolls","status":"submitted","statusLabel":"Permit Submitted","permitType":"Bldg-New","submittedDate":"2025-12-13","issuedDate":null,"startDate":null,"completedDate":null,"estCompletionDate":"2028-01-11"}},{"type":"Feature","geometry":{"type":"Point","coordinates":[-118.541413,34.046549]},"properties":{"id":1062,"address":"570 Ida Ave","neighborhood":"Marquez Knolls","status":"construction","statusLabel":"Under Construction","permitType":"Bldg-New","submittedDate":"2025-03-13","issuedDate":"2025-05-21","startDate":"2025-07-18","completedDate":null,"estCompletionDate":"2026-08-04"}},{"type":"Feature","geometry":{"type":"Point","coordinates":[-118.541562,34.046714]},"properties":{"id":1063,"address":"573 Ida Ave","neighborhood":"Marquez Knolls","status":"construction","statusLabel":"Under Construction","permitType":"Bldg-New","submittedDate":"2025-10-03","issuedDate":"2025-12-22","startDate":"2026-02-14","completedDate":null,"estCompletionDate":"2027-03-21"}},{"type":"Feature","geometry":{"type":"Point","coordinates":[-118.541359,34.046652]},"properties":{"id":1064,"address":"578 Ida Ave","neighborhood":"Marquez Knolls","status":"construction","statusLabel":"Under Construction","permitType":"Bldg-New","submittedDate":"2025-09-25","issuedDate":"2025-12-01","startDate":"2026-01-01","completedDate":null,"estCompletionDate":"2026-12-01"}},{"type":"Feature","geometry":{"type":"Point","coordinates":[-118.541311,34.046908]},"properties":{"id":1065,"address":"581 Ida Ave","neighborhood":"Marquez Knolls","status":"submitted","statusLabel":"Permit Submitted","permitType":"Bldg-New","submittedDate":"2026-06-09","issuedDate":null,"startDate":null,"completedDate":null,"estCompletionDate":"2028-04-26"}},{"type":"Feature","geometry":{"type":"Point","coordinates":[-118.541127,34.046797]},"properties":{"id":1066,"address":"586 Ida Ave","neighborhood":"Marquez Knolls","status":"submitted","statusLabel":"Permit Submitted","permitType":"Bldg-New","submittedDate":"2025-12-25","issuedDate":null,"startDate":null,"completedDate":null,"estCompletionDate":"2027-12-05"}},{"type":"Feature","geometry":{"type":"Point","coordinates":[-118.541218,34.046995]},"properties":{"id":1067,"address":"589 Ida Ave","neighborhood":"Marquez Knolls","status":"submitted","statusLabel":"Permit Submitted","permitType":"Bldg-New","submittedDate":"2026-03-07","issuedDate":null,"startDate":null,"completedDate":null,"estCompletionDate":"2027-12-01"}},{"type":"Feature","geometry":{"type":"Point","coordinates":[-118.541079,34.046863]},"properties":{"id":1068,"address":"594 Ida Ave","neighborhood":"Marquez Knolls","status":"submitted","statusLabel":"Permit Submitted","permitType":"Bldg-New","submittedDate":"2025-12-18","issuedDate":null,"startDate":null,"completedDate":null,"estCompletionDate":"2027-11-19"}},{"type":"Feature","geometry":{"type":"Point","coordinates":[-118.541028,34.047082]},"properties":{"id":1069,"address":"597 Ida Ave","neighborhood":"Marquez Knolls","status":"construction","statusLabel":"Under Construction","permitType":"Bldg-New","submittedDate":"2025-03-24","issuedDate":"2025-05-13","startDate":"2025-07-21","completedDate":null,"estCompletionDate":"2026-07-31"}},{"type":"Feature","geometry":{"type":"Point","coordinates":[-118.540971,34.046906]},"properties":{"id":1070,"address":"602 Ida Ave","neighborhood":"Marquez Knolls","status":"construction","statusLabel":"Under Construction","permitType":"Bldg-New","submittedDate":"2025-12-27","issuedDate":"2026-02-25","startDate":"2026-04-10","completedDate":null,"estCompletionDate":"2027-03-23"}},{"type":"Feature","geometry":{"type":"Point","coordinates":[-118.541026,34.047199]},"properties":{"id":1071,"address":"605 Ida Ave","neighborhood":"Marquez Knolls","status":"construction","statusLabel":"Under Construction","permitType":"Bldg-New","submittedDate":"2025-06-23","issuedDate":"2025-10-22","startDate":"2025-12-06","completedDate":null,"estCompletionDate":"2027-04-04"}},{"type":"Feature","geometry":{"type":"Point","coordinates":[-118.540726,34.046925]},"properties":{"id":1072,"address":"610 Ida Ave","neighborhood":"Marquez Knolls","status":"construction","statusLabel":"Under Construction","permitType":"Bldg-New","submittedDate":"2025-12-20","issuedDate":"2026-02-19","startDate":"2026-05-17","completedDate":null,"estCompletionDate":"2027-04-13"}},{"type":"Feature","geometry":{"type":"Point","coordinates":[-118.540832,34.047226]},"properties":{"id":1073,"address":"613 Ida Ave","neighborhood":"Marquez Knolls","status":"construction","statusLabel":"Under Construction","permitType":"Bldg-New","submittedDate":"2025-05-24","issuedDate":"2025-07-24","startDate":"2025-10-21","completedDate":null,"estCompletionDate":"2026-10-23"}},{"type":"Feature","geometry":{"type":"Point","coordinates":[-118.540717,34.047163]},"properties":{"id":1074,"address":"618 Ida Ave","neighborhood":"Marquez Knolls","status":"construction","statusLabel":"Under Construction","permitType":"Bldg-New","submittedDate":"2025-12-17","issuedDate":"2026-02-11","startDate":"2026-05-11","completedDate":null,"estCompletionDate":"2027-07-21"}},{"type":"Feature","geometry":{"type":"Point","coordinates":[-118.540528,34.047208]},"properties":{"id":1075,"address":"621 Ida Ave","neighborhood":"Marquez Knolls","status":"submitted","statusLabel":"Permit Submitted","permitType":"Bldg-New","submittedDate":"2026-04-10","issuedDate":null,"startDate":null,"completedDate":null,"estCompletionDate":"2028-01-12"}},{"type":"Feature","geometry":{"type":"Point","coordinates":[-118.540416,34.047128]},"properties":{"id":1076,"address":"626 Ida Ave","neighborhood":"Marquez Knolls","status":"issued","statusLabel":"Permit Issued","permitType":"Bldg-New","submittedDate":"2026-04-18","issuedDate":"2026-06-08","startDate":null,"completedDate":null,"estCompletionDate":"2028-02-07"}},{"type":"Feature","geometry":{"type":"Point","coordinates":[-118.540431,34.047432]},"properties":{"id":1077,"address":"629 Ida Ave","neighborhood":"Marquez Knolls","status":"construction","statusLabel":"Under Construction","permitType":"Bldg-New","submittedDate":"2025-08-22","issuedDate":"2025-11-14","startDate":"2025-12-20","completedDate":null,"estCompletionDate":"2026-12-11"}},{"type":"Feature","geometry":{"type":"Point","coordinates":[-118.540172,34.045838]},"properties":{"id":1078,"address":"1101 Villa Grove Dr","neighborhood":"Marquez Knolls","status":"issued","statusLabel":"Permit Issued","permitType":"Bldg-New","submittedDate":"2025-12-08","issuedDate":"2026-02-11","startDate":null,"completedDate":null,"estCompletionDate":"2027-06-20"}},{"type":"Feature","geometry":{"type":"Point","coordinates":[-118.539863,34.045797]},"properties":{"id":1079,"address":"1106 Villa Grove Dr","neighborhood":"Marquez Knolls","status":"construction","statusLabel":"Under Construction","permitType":"Bldg-New","submittedDate":"2025-05-08","issuedDate":"2025-07-10","startDate":"2025-08-24","completedDate":null,"estCompletionDate":"2026-08-29"}},{"type":"Feature","geometry":{"type":"Point","coordinates":[-118.539852,34.045873]},"properties":{"id":1080,"address":"1109 Villa Grove Dr","neighborhood":"Marquez Knolls","status":"construction","statusLabel":"Under Construction","permitType":"Bldg-New","submittedDate":"2025-05-27","issuedDate":"2025-09-20","startDate":"2025-10-10","completedDate":null,"estCompletionDate":"2027-02-05"}},{"type":"Feature","geometry":{"type":"Point","coordinates":[-118.539681,34.045978]},"properties":{"id":1081,"address":"1114 Villa Grove Dr","neighborhood":"Marquez Knolls","status":"construction","statusLabel":"Under Construction","permitType":"Bldg-New","submittedDate":"2025-10-04","issuedDate":"2025-12-08","startDate":"2025-12-26","completedDate":null,"estCompletionDate":"2027-05-06"}},{"type":"Feature","geometry":{"type":"Point","coordinates":[-118.539708,34.046026]},"properties":{"id":1082,"address":"1117 Villa Grove Dr","neighborhood":"Marquez Knolls","status":"submitted","statusLabel":"Permit Submitted","permitType":"Bldg-New","submittedDate":"2026-04-27","issuedDate":null,"startDate":null,"completedDate":null,"estCompletionDate":"2028-04-24"}},{"type":"Feature","geometry":{"type":"Point","coordinates":[-118.539354,34.045906]},"properties":{"id":1083,"address":"1122 Villa Grove Dr","neighborhood":"Marquez Knolls","status":"submitted","statusLabel":"Permit Submitted","permitType":"Bldg-New","submittedDate":"2025-12-01","issuedDate":null,"startDate":null,"completedDate":null,"estCompletionDate":"2027-08-31"}},{"type":"Feature","geometry":{"type":"Point","coordinates":[-118.539429,34.04619]},"properties":{"id":1084,"address":"1125 Villa Grove Dr","neighborhood":"Marquez Knolls","status":"construction","statusLabel":"Under Construction","permitType":"Bldg-New","submittedDate":"2025-12-06","issuedDate":"2026-02-07","startDate":"2026-04-08","completedDate":null,"estCompletionDate":"2027-07-05"}},{"type":"Feature","geometry":{"type":"Point","coordinates":[-118.539237,34.046205]},"properties":{"id":1085,"address":"1130 Villa Grove Dr","neighborhood":"Marquez Knolls","status":"construction","statusLabel":"Under Construction","permitType":"Bldg-New","submittedDate":"2025-09-26","issuedDate":"2026-01-12","startDate":"2026-02-16","completedDate":null,"estCompletionDate":"2027-05-07"}},{"type":"Feature","geometry":{"type":"Point","coordinates":[-118.539243,34.046423]},"properties":{"id":1086,"address":"1133 Villa Grove Dr","neighborhood":"Marquez Knolls","status":"construction","statusLabel":"Under Construction","permitType":"Bldg-New","submittedDate":"2025-10-19","issuedDate":"2026-02-14","startDate":"2026-04-08","completedDate":null,"estCompletionDate":"2027-08-12"}},{"type":"Feature","geometry":{"type":"Point","coordinates":[-118.538958,34.046165]},"properties":{"id":1087,"address":"1138 Villa Grove Dr","neighborhood":"Marquez Knolls","status":"submitted","statusLabel":"Permit Submitted","permitType":"Bldg-New","submittedDate":"2026-02-05","issuedDate":null,"startDate":null,"completedDate":null,"estCompletionDate":"2028-01-24"}},{"type":"Feature","geometry":{"type":"Point","coordinates":[-118.539144,34.046424]},"properties":{"id":1088,"address":"1141 Villa Grove Dr","neighborhood":"Marquez Knolls","status":"submitted","statusLabel":"Permit Submitted","permitType":"Bldg-New","submittedDate":"2025-12-20","issuedDate":null,"startDate":null,"completedDate":null,"estCompletionDate":"2027-11-01"}},{"type":"Feature","geometry":{"type":"Point","coordinates":[-118.538854,34.046272]},"properties":{"id":1089,"address":"1146 Villa Grove Dr","neighborhood":"Marquez Knolls","status":"submitted","statusLabel":"Permit Submitted","permitType":"Bldg-New","submittedDate":"2026-02-01","issuedDate":null,"startDate":null,"completedDate":null,"estCompletionDate":"2027-09-14"}},{"type":"Feature","geometry":{"type":"Point","coordinates":[-118.538898,34.046476]},"properties":{"id":1090,"address":"1149 Villa Grove Dr","neighborhood":"Marquez Knolls","status":"construction","statusLabel":"Under Construction","permitType":"Bldg-New","submittedDate":"2026-01-10","issuedDate":"2026-02-28","startDate":"2026-04-20","completedDate":null,"estCompletionDate":"2027-04-08"}},{"type":"Feature","geometry":{"type":"Point","coordinates":[-118.538692,34.046302]},"properties":{"id":1091,"address":"1154 Villa Grove Dr","neighborhood":"Marquez Knolls","status":"issued","statusLabel":"Permit Issued","permitType":"Bldg-New","submittedDate":"2025-11-28","issuedDate":"2026-04-03","startDate":null,"completedDate":null,"estCompletionDate":"2027-11-08"}},{"type":"Feature","geometry":{"type":"Point","coordinates":[-118.538674,34.046704]},"properties":{"id":1092,"address":"1157 Villa Grove Dr","neighborhood":"Marquez Knolls","status":"submitted","statusLabel":"Permit Submitted","permitType":"Bldg-New","submittedDate":"2025-12-26","issuedDate":null,"startDate":null,"completedDate":null,"estCompletionDate":"2027-11-18"}},{"type":"Feature","geometry":{"type":"Point","coordinates":[-118.538475,34.046617]},"properties":{"id":1093,"address":"1162 Villa Grove Dr","neighborhood":"Marquez Knolls","status":"construction","statusLabel":"Under Construction","permitType":"Bldg-New","submittedDate":"2025-06-25","issuedDate":"2025-10-31","startDate":"2025-12-04","completedDate":null,"estCompletionDate":"2027-03-21"}},{"type":"Feature","geometry":{"type":"Point","coordinates":[-118.538377,34.046579]},"properties":{"id":1094,"address":"1165 Villa Grove Dr","neighborhood":"Marquez Knolls","status":"submitted","statusLabel":"Permit Submitted","permitType":"Bldg-New","submittedDate":"2026-01-14","issuedDate":null,"startDate":null,"completedDate":null,"estCompletionDate":"2027-10-06"}},{"type":"Feature","geometry":{"type":"Point","coordinates":[-118.538219,34.046624]},"properties":{"id":1095,"address":"1170 Villa Grove Dr","neighborhood":"Marquez Knolls","status":"submitted","statusLabel":"Permit Submitted","permitType":"Bldg-New","submittedDate":"2025-09-25","issuedDate":null,"startDate":null,"completedDate":null,"estCompletionDate":"2027-07-21"}},{"type":"Feature","geometry":{"type":"Point","coordinates":[-118.538273,34.046826]},"properties":{"id":1096,"address":"1173 Villa Grove Dr","neighborhood":"Marquez Knolls","status":"construction","statusLabel":"Under Construction","permitType":"Bldg-New","submittedDate":"2025-06-05","issuedDate":"2025-08-11","startDate":"2025-10-29","completedDate":null,"estCompletionDate":"2026-12-04"}},{"type":"Feature","geometry":{"type":"Point","coordinates":[-118.538069,34.046714]},"properties":{"id":1097,"address":"1178 Villa Grove Dr","neighborhood":"Marquez Knolls","status":"construction","statusLabel":"Under Construction","permitType":"Bldg-New","submittedDate":"2025-04-26","issuedDate":"2025-08-01","startDate":"2025-08-25","completedDate":null,"estCompletionDate":"2026-12-26"}},{"type":"Feature","geometry":{"type":"Point","coordinates":[-118.538005,34.046837]},"properties":{"id":1098,"address":"1181 Villa Grove Dr","neighborhood":"Marquez Knolls","status":"construction","statusLabel":"Under Construction","permitType":"Bldg-New","submittedDate":"2025-12-17","issuedDate":"2026-03-05","startDate":"2026-03-22","completedDate":null,"estCompletionDate":"2027-02-15"}},{"type":"Feature","geometry":{"type":"Point","coordinates":[-118.537768,34.046874]},"properties":{"id":1099,"address":"1186 Villa Grove Dr","neighborhood":"Marquez Knolls","status":"construction","statusLabel":"Under Construction","permitType":"Bldg-New","submittedDate":"2025-09-02","issuedDate":"2025-12-18","startDate":"2026-01-31","completedDate":null,"estCompletionDate":"2027-02-06"}},{"type":"Feature","geometry":{"type":"Point","coordinates":[-118.537774,34.046941]},"properties":{"id":1100,"address":"1189 Villa Grove Dr","neighborhood":"Marquez Knolls","status":"submitted","statusLabel":"Permit Submitted","permitType":"Bldg-New","submittedDate":"2025-12-03","issuedDate":null,"startDate":null,"completedDate":null,"estCompletionDate":"2027-07-30"}},{"type":"Feature","geometry":{"type":"Point","coordinates":[-118.537655,34.046992]},"properties":{"id":1101,"address":"1194 Villa Grove Dr","neighborhood":"Marquez Knolls","status":"submitted","statusLabel":"Permit Submitted","permitType":"Bldg-New","submittedDate":"2026-06-02","issuedDate":null,"startDate":null,"completedDate":null,"estCompletionDate":"2028-03-09"}},{"type":"Feature","geometry":{"type":"Point","coordinates":[-118.53768,34.047116]},"properties":{"id":1102,"address":"1197 Villa Grove Dr","neighborhood":"Marquez Knolls","status":"construction","statusLabel":"Under Construction","permitType":"Bldg-New","submittedDate":"2025-03-11","issuedDate":"2025-05-11","startDate":"2025-06-15","completedDate":null,"estCompletionDate":"2026-07-08"}},{"type":"Feature","geometry":{"type":"Point","coordinates":[-118.537487,34.046966]},"properties":{"id":1103,"address":"1202 Villa Grove Dr","neighborhood":"Marquez Knolls","status":"construction","statusLabel":"Under Construction","permitType":"Bldg-New","submittedDate":"2025-10-22","issuedDate":"2025-12-08","startDate":"2025-12-30","completedDate":null,"estCompletionDate":"2027-03-19"}},{"type":"Feature","geometry":{"type":"Point","coordinates":[-118.53754,34.047221]},"properties":{"id":1104,"address":"1205 Villa Grove Dr","neighborhood":"Marquez Knolls","status":"construction","statusLabel":"Under Construction","permitType":"Bldg-New","submittedDate":"2026-01-19","issuedDate":"2026-04-11","startDate":"2026-04-28","completedDate":null,"estCompletionDate":"2027-04-26"}},{"type":"Feature","geometry":{"type":"Point","coordinates":[-118.537264,34.047089]},"properties":{"id":1105,"address":"1210 Villa Grove Dr","neighborhood":"Marquez Knolls","status":"issued","statusLabel":"Permit Issued","permitType":"Bldg-New","submittedDate":"2026-04-04","issuedDate":"2026-06-05","startDate":null,"completedDate":null,"estCompletionDate":"2027-10-11"}},{"type":"Feature","geometry":{"type":"Point","coordinates":[-118.537188,34.047415]},"properties":{"id":1106,"address":"1213 Villa Grove Dr","neighborhood":"Marquez Knolls","status":"submitted","statusLabel":"Permit Submitted","permitType":"Bldg-New","submittedDate":"2026-06-20","issuedDate":null,"startDate":null,"completedDate":null,"estCompletionDate":"2028-06-24"}},{"type":"Feature","geometry":{"type":"Point","coordinates":[-118.537008,34.047267]},"properties":{"id":1107,"address":"1218 Villa Grove Dr","neighborhood":"Marquez Knolls","status":"construction","statusLabel":"Under Construction","permitType":"Bldg-New","submittedDate":"2025-12-15","issuedDate":"2026-02-14","startDate":"2026-04-16","completedDate":null,"estCompletionDate":"2027-05-17"}},{"type":"Feature","geometry":{"type":"Point","coordinates":[-118.537043,34.047464]},"properties":{"id":1108,"address":"1221 Villa Grove Dr","neighborhood":"Marquez Knolls","status":"submitted","statusLabel":"Permit Submitted","permitType":"Bldg-New","submittedDate":"2026-03-29","issuedDate":null,"startDate":null,"completedDate":null,"estCompletionDate":"2027-10-30"}},{"type":"Feature","geometry":{"type":"Point","coordinates":[-118.537,34.047293]},"properties":{"id":1109,"address":"1226 Villa Grove Dr","neighborhood":"Marquez Knolls","status":"submitted","statusLabel":"Permit Submitted","permitType":"Bldg-New","submittedDate":"2026-02-24","issuedDate":null,"startDate":null,"completedDate":null,"estCompletionDate":"2027-12-18"}},{"type":"Feature","geometry":{"type":"Point","coordinates":[-118.537,34.04765]},"properties":{"id":1110,"address":"1229 Villa Grove Dr","neighborhood":"Marquez Knolls","status":"construction","statusLabel":"Under Construction","permitType":"Bldg-New","submittedDate":"2025-08-17","issuedDate":"2025-11-02","startDate":"2026-01-17","completedDate":null,"estCompletionDate":"2027-03-31"}},{"type":"Feature","geometry":{"type":"Point","coordinates":[-118.546525,34.048509]},"properties":{"id":1111,"address":"1201 Calle Arbolada","neighborhood":"Marquez Knolls","status":"submitted","statusLabel":"Permit Submitted","permitType":"Bldg-New","submittedDate":"2026-03-17","issuedDate":null,"startDate":null,"completedDate":null,"estCompletionDate":"2027-10-15"}},{"type":"Feature","geometry":{"type":"Point","coordinates":[-118.546324,34.048316]},"properties":{"id":1112,"address":"1206 Calle Arbolada","neighborhood":"Marquez Knolls","status":"submitted","statusLabel":"Permit Submitted","permitType":"Bldg-New","submittedDate":"2026-05-23","issuedDate":null,"startDate":null,"completedDate":null,"estCompletionDate":"2028-03-04"}},{"type":"Feature","geometry":{"type":"Point","coordinates":[-118.546387,34.048514]},"properties":{"id":1113,"address":"1209 Calle Arbolada","neighborhood":"Marquez Knolls","status":"construction","statusLabel":"Under Construction","permitType":"Bldg-New","submittedDate":"2025-03-30","issuedDate":"2025-07-05","startDate":"2025-09-23","completedDate":null,"estCompletionDate":"2026-11-11"}},{"type":"Feature","geometry":{"type":"Point","coordinates":[-118.54616,34.048395]},"properties":{"id":1114,"address":"1214 Calle Arbolada","neighborhood":"Marquez Knolls","status":"submitted","statusLabel":"Permit Submitted","permitType":"Bldg-New","submittedDate":"2026-02-09","issuedDate":null,"startDate":null,"completedDate":null,"estCompletionDate":"2028-02-15"}},{"type":"Feature","geometry":{"type":"Point","coordinates":[-118.546364,34.048749]},"properties":{"id":1115,"address":"1217 Calle Arbolada","neighborhood":"Marquez Knolls","status":"construction","statusLabel":"Under Construction","permitType":"Bldg-New","submittedDate":"2025-07-30","issuedDate":"2025-12-03","startDate":"2025-12-21","completedDate":null,"estCompletionDate":"2026-11-23"}},{"type":"Feature","geometry":{"type":"Point","coordinates":[-118.546083,34.048437]},"properties":{"id":1116,"address":"1222 Calle Arbolada","neighborhood":"Marquez Knolls","status":"construction","statusLabel":"Under Construction","permitType":"Bldg-New","submittedDate":"2026-01-09","issuedDate":"2026-04-21","startDate":"2026-06-09","completedDate":null,"estCompletionDate":"2027-05-15"}},{"type":"Feature","geometry":{"type":"Point","coordinates":[-118.546031,34.048876]},"properties":{"id":1117,"address":"1225 Calle Arbolada","neighborhood":"Marquez Knolls","status":"construction","statusLabel":"Under Construction","permitType":"Bldg-New","submittedDate":"2025-04-30","issuedDate":"2025-08-17","startDate":"2025-09-03","completedDate":null,"estCompletionDate":"2026-08-11"}},{"type":"Feature","geometry":{"type":"Point","coordinates":[-118.545814,34.048691]},"properties":{"id":1118,"address":"1230 Calle Arbolada","neighborhood":"Marquez Knolls","status":"construction","statusLabel":"Under Construction","permitType":"Bldg-New","submittedDate":"2025-04-03","issuedDate":"2025-07-31","startDate":"2025-09-19","completedDate":null,"estCompletionDate":"2026-12-13"}},{"type":"Feature","geometry":{"type":"Point","coordinates":[-118.54572,34.048823]},"properties":{"id":1119,"address":"1233 Calle Arbolada","neighborhood":"Marquez Knolls","status":"submitted","statusLabel":"Permit Submitted","permitType":"Bldg-New","submittedDate":"2025-12-16","issuedDate":null,"startDate":null,"completedDate":null,"estCompletionDate":"2027-09-06"}},{"type":"Feature","geometry":{"type":"Point","coordinates":[-118.545606,34.048739]},"properties":{"id":1120,"address":"1238 Calle Arbolada","neighborhood":"Marquez Knolls","status":"construction","statusLabel":"Under Construction","permitType":"Bldg-New","submittedDate":"2025-10-05","issuedDate":"2025-12-14","startDate":"2026-02-05","completedDate":null,"estCompletionDate":"2027-02-21"}},{"type":"Feature","geometry":{"type":"Point","coordinates":[-118.545698,34.048849]},"properties":{"id":1121,"address":"1241 Calle Arbolada","neighborhood":"Marquez Knolls","status":"construction","statusLabel":"Under Construction","permitType":"Bldg-New","submittedDate":"2025-04-09","issuedDate":"2025-06-08","startDate":"2025-08-07","completedDate":null,"estCompletionDate":"2026-12-10"}},{"type":"Feature","geometry":{"type":"Point","coordinates":[-118.545478,34.048714]},"properties":{"id":1122,"address":"1246 Calle Arbolada","neighborhood":"Marquez Knolls","status":"construction","statusLabel":"Under Construction","permitType":"Bldg-New","submittedDate":"2025-04-13","issuedDate":"2025-08-20","startDate":"2025-10-14","completedDate":null,"estCompletionDate":"2026-12-27"}},{"type":"Feature","geometry":{"type":"Point","coordinates":[-118.545349,34.048997]},"properties":{"id":1123,"address":"1249 Calle Arbolada","neighborhood":"Marquez Knolls","status":"submitted","statusLabel":"Permit Submitted","permitType":"Bldg-New","submittedDate":"2025-12-08","issuedDate":null,"startDate":null,"completedDate":null,"estCompletionDate":"2027-08-11"}},{"type":"Feature","geometry":{"type":"Point","coordinates":[-118.545239,34.048798]},"properties":{"id":1124,"address":"1254 Calle Arbolada","neighborhood":"Marquez Knolls","status":"issued","statusLabel":"Permit Issued","permitType":"Bldg-New","submittedDate":"2025-07-25","issuedDate":"2025-10-30","startDate":null,"completedDate":null,"estCompletionDate":"2027-01-11"}},{"type":"Feature","geometry":{"type":"Point","coordinates":[-118.545383,34.049022]},"properties":{"id":1125,"address":"1257 Calle Arbolada","neighborhood":"Marquez Knolls","status":"submitted","statusLabel":"Permit Submitted","permitType":"Bldg-New","submittedDate":"2026-01-20","issuedDate":null,"startDate":null,"completedDate":null,"estCompletionDate":"2027-12-29"}},{"type":"Feature","geometry":{"type":"Point","coordinates":[-118.545037,34.048908]},"properties":{"id":1126,"address":"1262 Calle Arbolada","neighborhood":"Marquez Knolls","status":"submitted","statusLabel":"Permit Submitted","permitType":"Bldg-New","submittedDate":"2025-12-05","issuedDate":null,"startDate":null,"completedDate":null,"estCompletionDate":"2027-09-24"}},{"type":"Feature","geometry":{"type":"Point","coordinates":[-118.545141,34.049204]},"properties":{"id":1127,"address":"1265 Calle Arbolada","neighborhood":"Marquez Knolls","status":"submitted","statusLabel":"Permit Submitted","permitType":"Bldg-New","submittedDate":"2025-10-15","issuedDate":null,"startDate":null,"completedDate":null,"estCompletionDate":"2027-07-22"}},{"type":"Feature","geometry":{"type":"Point","coordinates":[-118.544923,34.049145]},"properties":{"id":1128,"address":"1270 Calle Arbolada","neighborhood":"Marquez Knolls","status":"construction","statusLabel":"Under Construction","permitType":"Bldg-New","submittedDate":"2025-11-03","issuedDate":"2026-02-09","startDate":"2026-04-03","completedDate":null,"estCompletionDate":"2027-06-13"}},{"type":"Feature","geometry":{"type":"Point","coordinates":[-118.544848,34.049238]},"properties":{"id":1129,"address":"1273 Calle Arbolada","neighborhood":"Marquez Knolls","status":"construction","statusLabel":"Under Construction","permitType":"Bldg-New","submittedDate":"2026-01-11","issuedDate":"2026-04-17","startDate":"2026-06-19","completedDate":null,"estCompletionDate":"2027-07-14"}},{"type":"Feature","geometry":{"type":"Point","coordinates":[-118.544712,34.049042]},"properties":{"id":1130,"address":"1278 Calle Arbolada","neighborhood":"Marquez Knolls","status":"construction","statusLabel":"Under Construction","permitType":"Bldg-New","submittedDate":"2026-01-20","issuedDate":"2026-04-13","startDate":"2026-06-05","completedDate":null,"estCompletionDate":"2027-07-12"}},{"type":"Feature","geometry":{"type":"Point","coordinates":[-118.544649,34.049346]},"properties":{"id":1131,"address":"1281 Calle Arbolada","neighborhood":"Marquez Knolls","status":"submitted","statusLabel":"Permit Submitted","permitType":"Bldg-New","submittedDate":"2026-03-21","issuedDate":null,"startDate":null,"completedDate":null,"estCompletionDate":"2027-10-03"}},{"type":"Feature","geometry":{"type":"Point","coordinates":[-118.5445,34.049312]},"properties":{"id":1132,"address":"1286 Calle Arbolada","neighborhood":"Marquez Knolls","status":"construction","statusLabel":"Under Construction","permitType":"Bldg-New","submittedDate":"2025-05-01","issuedDate":"2025-09-04","startDate":"2025-11-17","completedDate":null,"estCompletionDate":"2026-11-02"}},{"type":"Feature","geometry":{"type":"Point","coordinates":[-118.544506,34.049381]},"properties":{"id":1133,"address":"1289 Calle Arbolada","neighborhood":"Marquez Knolls","status":"construction","statusLabel":"Under Construction","permitType":"Bldg-New","submittedDate":"2025-03-30","issuedDate":"2025-07-07","startDate":"2025-09-14","completedDate":null,"estCompletionDate":"2026-10-01"}},{"type":"Feature","geometry":{"type":"Point","coordinates":[-118.544396,34.049363]},"properties":{"id":1134,"address":"1294 Calle Arbolada","neighborhood":"Marquez Knolls","status":"construction","statusLabel":"Under Construction","permitType":"Bldg-New","submittedDate":"2025-03-31","issuedDate":"2025-07-03","startDate":"2025-08-02","completedDate":null,"estCompletionDate":"2026-09-04"}},{"type":"Feature","geometry":{"type":"Point","coordinates":[-118.544452,34.049483]},"properties":{"id":1135,"address":"1297 Calle Arbolada","neighborhood":"Marquez Knolls","status":"submitted","statusLabel":"Permit Submitted","permitType":"Bldg-New","submittedDate":"2026-04-23","issuedDate":null,"startDate":null,"completedDate":null,"estCompletionDate":"2028-05-11"}},{"type":"Feature","geometry":{"type":"Point","coordinates":[-118.54414,34.049479]},"properties":{"id":1136,"address":"1302 Calle Arbolada","neighborhood":"Marquez Knolls","status":"construction","statusLabel":"Under Construction","permitType":"Bldg-New","submittedDate":"2025-05-17","issuedDate":"2025-08-31","startDate":"2025-10-19","completedDate":null,"estCompletionDate":"2027-01-30"}},{"type":"Feature","geometry":{"type":"Point","coordinates":[-118.544263,34.049776]},"properties":{"id":1137,"address":"1305 Calle Arbolada","neighborhood":"Marquez Knolls","status":"construction","statusLabel":"Under Construction","permitType":"Bldg-New","submittedDate":"2025-12-06","issuedDate":"2026-04-12","startDate":"2026-06-28","completedDate":null,"estCompletionDate":"2027-07-25"}},{"type":"Feature","geometry":{"type":"Point","coordinates":[-118.543849,34.049479]},"properties":{"id":1138,"address":"1310 Calle Arbolada","neighborhood":"Marquez Knolls","status":"submitted","statusLabel":"Permit Submitted","permitType":"Bldg-New","submittedDate":"2026-06-01","issuedDate":null,"startDate":null,"completedDate":null,"estCompletionDate":"2027-12-18"}},{"type":"Feature","geometry":{"type":"Point","coordinates":[-118.543958,34.049832]},"properties":{"id":1139,"address":"1313 Calle Arbolada","neighborhood":"Marquez Knolls","status":"submitted","statusLabel":"Permit Submitted","permitType":"Bldg-New","submittedDate":"2025-12-17","issuedDate":null,"startDate":null,"completedDate":null,"estCompletionDate":"2027-10-08"}},{"type":"Feature","geometry":{"type":"Point","coordinates":[-118.543766,34.049538]},"properties":{"id":1140,"address":"1318 Calle Arbolada","neighborhood":"Marquez Knolls","status":"construction","statusLabel":"Under Construction","permitType":"Bldg-New","submittedDate":"2025-05-19","issuedDate":"2025-08-22","startDate":"2025-10-09","completedDate":null,"estCompletionDate":"2027-01-14"}},{"type":"Feature","geometry":{"type":"Point","coordinates":[-118.543828,34.049975]},"properties":{"id":1141,"address":"1321 Calle Arbolada","neighborhood":"Marquez Knolls","status":"construction","statusLabel":"Under Construction","permitType":"Bldg-New","submittedDate":"2025-07-14","issuedDate":"2025-09-29","startDate":"2025-12-04","completedDate":null,"estCompletionDate":"2027-01-31"}},{"type":"Feature","geometry":{"type":"Point","coordinates":[-118.543538,34.049697]},"properties":{"id":1142,"address":"1326 Calle Arbolada","neighborhood":"Marquez Knolls","status":"completed","statusLabel":"Completed (C of O)","permitType":"Bldg-New","submittedDate":"2025-04-26","issuedDate":"2025-07-29","startDate":"2025-08-16","completedDate":"2026-07-16","estCompletionDate":"2026-07-16"}},{"type":"Feature","geometry":{"type":"Point","coordinates":[-118.543563,34.049914]},"properties":{"id":1143,"address":"1329 Calle Arbolada","neighborhood":"Marquez Knolls","status":"completed","statusLabel":"Completed (C of O)","permitType":"Bldg-New","submittedDate":"2025-05-01","issuedDate":"2025-07-30","startDate":"2025-08-18","completedDate":"2026-06-19","estCompletionDate":"2026-06-19"}},{"type":"Feature","geometry":{"type":"Point","coordinates":[-118.542605,34.048291]},"properties":{"id":1144,"address":"1001 Ranch Ln","neighborhood":"Marquez Knolls","status":"construction","statusLabel":"Under Construction","permitType":"Bldg-New","submittedDate":"2025-10-02","issuedDate":"2026-01-08","startDate":"2026-02-13","completedDate":null,"estCompletionDate":"2027-03-24"}},{"type":"Feature","geometry":{"type":"Point","coordinates":[-118.542488,34.048099]},"properties":{"id":1145,"address":"1006 Ranch Ln","neighborhood":"Marquez Knolls","status":"construction","statusLabel":"Under Construction","permitType":"Bldg-New","submittedDate":"2026-01-15","issuedDate":"2026-05-23","startDate":"2026-07-16","completedDate":null,"estCompletionDate":"2027-07-06"}},{"type":"Feature","geometry":{"type":"Point","coordinates":[-118.542525,34.04839]},"properties":{"id":1146,"address":"1009 Ranch Ln","neighborhood":"Marquez Knolls","status":"submitted","statusLabel":"Permit Submitted","permitType":"Bldg-New","submittedDate":"2026-01-30","issuedDate":null,"startDate":null,"completedDate":null,"estCompletionDate":"2027-10-05"}},{"type":"Feature","geometry":{"type":"Point","coordinates":[-118.542361,34.048321]},"properties":{"id":1147,"address":"1014 Ranch Ln","neighborhood":"Marquez Knolls","status":"construction","statusLabel":"Under Construction","permitType":"Bldg-New","submittedDate":"2025-08-21","issuedDate":"2025-10-19","startDate":"2025-11-17","completedDate":null,"estCompletionDate":"2027-01-25"}},{"type":"Feature","geometry":{"type":"Point","coordinates":[-118.542516,34.048537]},"properties":{"id":1148,"address":"1017 Ranch Ln","neighborhood":"Marquez Knolls","status":"construction","statusLabel":"Under Construction","permitType":"Bldg-New","submittedDate":"2025-09-14","issuedDate":"2025-11-23","startDate":"2026-01-07","completedDate":null,"estCompletionDate":"2027-04-12"}},{"type":"Feature","geometry":{"type":"Point","coordinates":[-118.542284,34.048322]},"properties":{"id":1149,"address":"1022 Ranch Ln","neighborhood":"Marquez Knolls","status":"submitted","statusLabel":"Permit Submitted","permitType":"Bldg-New","submittedDate":"2026-02-14","issuedDate":null,"startDate":null,"completedDate":null,"estCompletionDate":"2028-02-23"}},{"type":"Feature","geometry":{"type":"Point","coordinates":[-118.542331,34.048619]},"properties":{"id":1150,"address":"1025 Ranch Ln","neighborhood":"Marquez Knolls","status":"construction","statusLabel":"Under Construction","permitType":"Bldg-New","submittedDate":"2025-10-12","issuedDate":"2026-02-07","startDate":"2026-04-08","completedDate":null,"estCompletionDate":"2027-07-08"}},{"type":"Feature","geometry":{"type":"Point","coordinates":[-118.541972,34.048445]},"properties":{"id":1151,"address":"1030 Ranch Ln","neighborhood":"Marquez Knolls","status":"submitted","statusLabel":"Permit Submitted","permitType":"Bldg-New","submittedDate":"2025-11-04","issuedDate":null,"startDate":null,"completedDate":null,"estCompletionDate":"2027-11-12"}},{"type":"Feature","geometry":{"type":"Point","coordinates":[-118.542085,34.048579]},"properties":{"id":1152,"address":"1033 Ranch Ln","neighborhood":"Marquez Knolls","status":"construction","statusLabel":"Under Construction","permitType":"Bldg-New","submittedDate":"2025-04-07","issuedDate":"2025-08-13","startDate":"2025-08-31","completedDate":null,"estCompletionDate":"2026-12-26"}},{"type":"Feature","geometry":{"type":"Point","coordinates":[-118.541857,34.048395]},"properties":{"id":1153,"address":"1038 Ranch Ln","neighborhood":"Marquez Knolls","status":"submitted","statusLabel":"Permit Submitted","permitType":"Bldg-New","submittedDate":"2026-02-24","issuedDate":null,"startDate":null,"completedDate":null,"estCompletionDate":"2027-12-25"}},{"type":"Feature","geometry":{"type":"Point","coordinates":[-118.54203,34.048523]},"properties":{"id":1154,"address":"1041 Ranch Ln","neighborhood":"Marquez Knolls","status":"completed","statusLabel":"Completed (C of O)","permitType":"Bldg-New","submittedDate":"2025-04-07","issuedDate":"2025-07-10","startDate":"2025-08-28","completedDate":"2026-07-16","estCompletionDate":"2026-07-16"}},{"type":"Feature","geometry":{"type":"Point","coordinates":[-118.541808,34.048597]},"properties":{"id":1155,"address":"1046 Ranch Ln","neighborhood":"Marquez Knolls","status":"submitted","statusLabel":"Permit Submitted","permitType":"Bldg-New","submittedDate":"2026-02-08","issuedDate":null,"startDate":null,"completedDate":null,"estCompletionDate":"2027-10-06"}},{"type":"Feature","geometry":{"type":"Point","coordinates":[-118.541724,34.048599]},"properties":{"id":1156,"address":"1049 Ranch Ln","neighborhood":"Marquez Knolls","status":"construction","statusLabel":"Under Construction","permitType":"Bldg-New","submittedDate":"2025-05-25","issuedDate":"2025-07-13","startDate":"2025-10-04","completedDate":null,"estCompletionDate":"2026-10-20"}},{"type":"Feature","geometry":{"type":"Point","coordinates":[-118.54157,34.04845]},"properties":{"id":1157,"address":"1054 Ranch Ln","neighborhood":"Marquez Knolls","status":"construction","statusLabel":"Under Construction","permitType":"Bldg-New","submittedDate":"2025-12-13","issuedDate":"2026-02-27","startDate":"2026-05-14","completedDate":null,"estCompletionDate":"2027-06-14"}},{"type":"Feature","geometry":{"type":"Point","coordinates":[-118.541608,34.04868]},"properties":{"id":1158,"address":"1057 Ranch Ln","neighborhood":"Marquez Knolls","status":"construction","statusLabel":"Under Construction","permitType":"Bldg-New","submittedDate":"2025-03-18","issuedDate":"2025-06-27","startDate":"2025-07-20","completedDate":null,"estCompletionDate":"2026-09-21"}},{"type":"Feature","geometry":{"type":"Point","coordinates":[-118.541483,34.048665]},"properties":{"id":1159,"address":"1062 Ranch Ln","neighborhood":"Marquez Knolls","status":"construction","statusLabel":"Under Construction","permitType":"Bldg-New","submittedDate":"2025-06-08","issuedDate":"2025-10-12","startDate":"2025-11-25","completedDate":null,"estCompletionDate":"2027-01-20"}},{"type":"Feature","geometry":{"type":"Point","coordinates":[-118.541506,34.048883]},"properties":{"id":1160,"address":"1065 Ranch Ln","neighborhood":"Marquez Knolls","status":"submitted","statusLabel":"Permit Submitted","permitType":"Bldg-New","submittedDate":"2026-03-20","issuedDate":null,"startDate":null,"completedDate":null,"estCompletionDate":"2027-12-10"}},{"type":"Feature","geometry":{"type":"Point","coordinates":[-118.541297,34.048657]},"properties":{"id":1161,"address":"1070 Ranch Ln","neighborhood":"Marquez Knolls","status":"construction","statusLabel":"Under Construction","permitType":"Bldg-New","submittedDate":"2025-08-19","issuedDate":"2025-11-08","startDate":"2025-12-12","completedDate":null,"estCompletionDate":"2027-03-17"}},{"type":"Feature","geometry":{"type":"Point","coordinates":[-118.541354,34.048798]},"properties":{"id":1162,"address":"1073 Ranch Ln","neighborhood":"Marquez Knolls","status":"submitted","statusLabel":"Permit Submitted","permitType":"Bldg-New","submittedDate":"2025-10-25","issuedDate":null,"startDate":null,"completedDate":null,"estCompletionDate":"2027-10-27"}},{"type":"Feature","geometry":{"type":"Point","coordinates":[-118.541153,34.048659]},"properties":{"id":1163,"address":"1078 Ranch Ln","neighborhood":"Marquez Knolls","status":"construction","statusLabel":"Under Construction","permitType":"Bldg-New","submittedDate":"2025-03-20","issuedDate":"2025-07-28","startDate":"2025-10-18","completedDate":null,"estCompletionDate":"2026-12-19"}},{"type":"Feature","geometry":{"type":"Point","coordinates":[-118.541191,34.049003]},"properties":{"id":1164,"address":"1081 Ranch Ln","neighborhood":"Marquez Knolls","status":"construction","statusLabel":"Under Construction","permitType":"Bldg-New","submittedDate":"2025-09-06","issuedDate":"2025-12-25","startDate":"2026-03-01","completedDate":null,"estCompletionDate":"2027-04-05"}},{"type":"Feature","geometry":{"type":"Point","coordinates":[-118.541008,34.048902]},"properties":{"id":1165,"address":"1086 Ranch Ln","neighborhood":"Marquez Knolls","status":"submitted","statusLabel":"Permit Submitted","permitType":"Bldg-New","submittedDate":"2026-03-13","issuedDate":null,"startDate":null,"completedDate":null,"estCompletionDate":"2027-10-04"}},{"type":"Feature","geometry":{"type":"Point","coordinates":[-118.541042,34.048951]},"properties":{"id":1166,"address":"1089 Ranch Ln","neighborhood":"Marquez Knolls","status":"construction","statusLabel":"Under Construction","permitType":"Bldg-New","submittedDate":"2025-03-31","issuedDate":"2025-07-27","startDate":"2025-10-05","completedDate":null,"estCompletionDate":"2026-09-20"}},{"type":"Feature","geometry":{"type":"Point","coordinates":[-118.54082,34.048741]},"properties":{"id":1167,"address":"1094 Ranch Ln","neighborhood":"Marquez Knolls","status":"submitted","statusLabel":"Permit Submitted","permitType":"Bldg-New","submittedDate":"2025-09-22","issuedDate":null,"startDate":null,"completedDate":null,"estCompletionDate":"2027-09-06"}},{"type":"Feature","geometry":{"type":"Point","coordinates":[-118.540953,34.048989]},"properties":{"id":1168,"address":"1097 Ranch Ln","neighborhood":"Marquez Knolls","status":"submitted","statusLabel":"Permit Submitted","permitType":"Bldg-New","submittedDate":"2025-09-17","issuedDate":null,"startDate":null,"completedDate":null,"estCompletionDate":"2027-07-14"}},{"type":"Feature","geometry":{"type":"Point","coordinates":[-118.540573,34.048813]},"properties":{"id":1169,"address":"1102 Ranch Ln","neighborhood":"Marquez Knolls","status":"submitted","statusLabel":"Permit Submitted","permitType":"Bldg-New","submittedDate":"2026-05-31","issuedDate":null,"startDate":null,"completedDate":null,"estCompletionDate":"2028-01-10"}},{"type":"Feature","geometry":{"type":"Point","coordinates":[-118.540785,34.04917]},"properties":{"id":1170,"address":"1105 Ranch Ln","neighborhood":"Marquez Knolls","status":"construction","statusLabel":"Under Construction","permitType":"Bldg-New","submittedDate":"2025-05-31","issuedDate":"2025-08-30","startDate":"2025-11-04","completedDate":null,"estCompletionDate":"2026-12-07"}},{"type":"Feature","geometry":{"type":"Point","coordinates":[-118.540572,34.049022]},"properties":{"id":1171,"address":"1110 Ranch Ln","neighborhood":"Marquez Knolls","status":"submitted","statusLabel":"Permit Submitted","permitType":"Bldg-New","submittedDate":"2026-04-29","issuedDate":null,"startDate":null,"completedDate":null,"estCompletionDate":"2028-04-24"}},{"type":"Feature","geometry":{"type":"Point","coordinates":[-118.540651,34.049151]},"properties":{"id":1172,"address":"1113 Ranch Ln","neighborhood":"Marquez Knolls","status":"construction","statusLabel":"Under Construction","permitType":"Bldg-New","submittedDate":"2025-04-26","issuedDate":"2025-08-14","startDate":"2025-09-20","completedDate":null,"estCompletionDate":"2026-11-28"}},{"type":"Feature","geometry":{"type":"Point","coordinates":[-118.540241,34.049108]},"properties":{"id":1173,"address":"1118 Ranch Ln","neighborhood":"Marquez Knolls","status":"submitted","statusLabel":"Permit Submitted","permitType":"Bldg-New","submittedDate":"2025-11-29","issuedDate":null,"startDate":null,"completedDate":null,"estCompletionDate":"2027-07-18"}},{"type":"Feature","geometry":{"type":"Point","coordinates":[-118.54044,34.049215]},"properties":{"id":1174,"address":"1121 Ranch Ln","neighborhood":"Marquez Knolls","status":"construction","statusLabel":"Under Construction","permitType":"Bldg-New","submittedDate":"2025-12-14","issuedDate":"2026-04-19","startDate":"2026-05-11","completedDate":null,"estCompletionDate":"2027-04-16"}},{"type":"Feature","geometry":{"type":"Point","coordinates":[-118.540267,34.049009]},"properties":{"id":1175,"address":"1126 Ranch Ln","neighborhood":"Marquez Knolls","status":"construction","statusLabel":"Under Construction","permitType":"Bldg-New","submittedDate":"2025-06-28","issuedDate":"2025-10-23","startDate":"2025-12-16","completedDate":null,"estCompletionDate":"2027-03-26"}},{"type":"Feature","geometry":{"type":"Point","coordinates":[-118.54031,34.049269]},"properties":{"id":1176,"address":"1129 Ranch Ln","neighborhood":"Marquez Knolls","status":"construction","statusLabel":"Under Construction","permitType":"Bldg-New","submittedDate":"2025-11-16","issuedDate":"2026-01-31","startDate":"2026-03-22","completedDate":null,"estCompletionDate":"2027-05-15"}},{"type":"Feature","geometry":{"type":"Point","coordinates":[-118.53942,34.048485]},"properties":{"id":1177,"address":"701 Palisades Dr","neighborhood":"Marquez Knolls","status":"submitted","statusLabel":"Permit Submitted","permitType":"Bldg-New","submittedDate":"2026-01-03","issuedDate":null,"startDate":null,"completedDate":null,"estCompletionDate":"2027-08-12"}},{"type":"Feature","geometry":{"type":"Point","coordinates":[-118.539055,34.048177]},"properties":{"id":1178,"address":"706 Palisades Dr","neighborhood":"Marquez Knolls","status":"completed","statusLabel":"Completed (C of O)","permitType":"Bldg-New","submittedDate":"2025-05-05","issuedDate":"2025-07-18","startDate":"2025-09-02","completedDate":"2026-07-16","estCompletionDate":"2026-07-16"}},{"type":"Feature","geometry":{"type":"Point","coordinates":[-118.539188,34.048401]},"properties":{"id":1179,"address":"709 Palisades Dr","neighborhood":"Marquez Knolls","status":"submitted","statusLabel":"Permit Submitted","permitType":"Bldg-New","submittedDate":"2025-09-28","issuedDate":null,"startDate":null,"completedDate":null,"estCompletionDate":"2027-06-30"}},{"type":"Feature","geometry":{"type":"Point","coordinates":[-118.538948,34.048441]},"properties":{"id":1180,"address":"714 Palisades Dr","neighborhood":"Marquez Knolls","status":"submitted","statusLabel":"Permit Submitted","permitType":"Bldg-New","submittedDate":"2026-02-05","issuedDate":null,"startDate":null,"completedDate":null,"estCompletionDate":"2027-12-05"}},{"type":"Feature","geometry":{"type":"Point","coordinates":[-118.539212,34.048565]},"properties":{"id":1181,"address":"717 Palisades Dr","neighborhood":"Marquez Knolls","status":"construction","statusLabel":"Under Construction","permitType":"Bldg-New","submittedDate":"2025-12-02","issuedDate":"2026-02-01","startDate":"2026-04-23","completedDate":null,"estCompletionDate":"2027-04-12"}},{"type":"Feature","geometry":{"type":"Point","coordinates":[-118.538781,34.048297]},"properties":{"id":1182,"address":"722 Palisades Dr","neighborhood":"Marquez Knolls","status":"construction","statusLabel":"Under Construction","permitType":"Bldg-New","submittedDate":"2025-06-29","issuedDate":"2025-08-15","startDate":"2025-11-06","completedDate":null,"estCompletionDate":"2027-03-01"}},{"type":"Feature","geometry":{"type":"Point","coordinates":[-118.539103,34.048755]},"properties":{"id":1183,"address":"725 Palisades Dr","neighborhood":"Marquez Knolls","status":"submitted","statusLabel":"Permit Submitted","permitType":"Bldg-New","submittedDate":"2025-10-15","issuedDate":null,"startDate":null,"completedDate":null,"estCompletionDate":"2027-08-24"}},{"type":"Feature","geometry":{"type":"Point","coordinates":[-118.538896,34.048506]},"properties":{"id":1184,"address":"730 Palisades Dr","neighborhood":"Marquez Knolls","status":"construction","statusLabel":"Under Construction","permitType":"Bldg-New","submittedDate":"2025-07-16","issuedDate":"2025-11-09","startDate":"2025-12-25","completedDate":null,"estCompletionDate":"2027-01-25"}},{"type":"Feature","geometry":{"type":"Point","coordinates":[-118.538901,34.048703]},"properties":{"id":1185,"address":"733 Palisades Dr","neighborhood":"Marquez Knolls","status":"submitted","statusLabel":"Permit Submitted","permitType":"Bldg-New","submittedDate":"2026-04-27","issuedDate":null,"startDate":null,"completedDate":null,"estCompletionDate":"2028-01-03"}},{"type":"Feature","geometry":{"type":"Point","coordinates":[-118.538536,34.04864]},"properties":{"id":1186,"address":"738 Palisades Dr","neighborhood":"Marquez Knolls","status":"submitted","statusLabel":"Permit Submitted","permitType":"Bldg-New","submittedDate":"2025-10-04","issuedDate":null,"startDate":null,"completedDate":null,"estCompletionDate":"2027-08-07"}},{"type":"Feature","geometry":{"type":"Point","coordinates":[-118.538757,34.048851]},"properties":{"id":1187,"address":"741 Palisades Dr","neighborhood":"Marquez Knolls","status":"construction","statusLabel":"Under Construction","permitType":"Bldg-New","submittedDate":"2025-03-22","issuedDate":"2025-06-20","startDate":"2025-08-11","completedDate":null,"estCompletionDate":"2026-07-30"}},{"type":"Feature","geometry":{"type":"Point","coordinates":[-118.538568,34.048546]},"properties":{"id":1188,"address":"746 Palisades Dr","neighborhood":"Marquez Knolls","status":"construction","statusLabel":"Under Construction","permitType":"Bldg-New","submittedDate":"2025-05-17","issuedDate":"2025-09-24","startDate":"2025-11-05","completedDate":null,"estCompletionDate":"2027-02-11"}},{"type":"Feature","geometry":{"type":"Point","coordinates":[-118.53866,34.048736]},"properties":{"id":1189,"address":"749 Palisades Dr","neighborhood":"Marquez Knolls","status":"submitted","statusLabel":"Permit Submitted","permitType":"Bldg-New","submittedDate":"2026-04-02","issuedDate":null,"startDate":null,"completedDate":null,"estCompletionDate":"2028-03-28"}},{"type":"Feature","geometry":{"type":"Point","coordinates":[-118.538367,34.048657]},"properties":{"id":1190,"address":"754 Palisades Dr","neighborhood":"Marquez Knolls","status":"construction","statusLabel":"Under Construction","permitType":"Bldg-New","submittedDate":"2025-12-09","issuedDate":"2026-02-07","startDate":"2026-03-13","completedDate":null,"estCompletionDate":"2027-06-01"}},{"type":"Feature","geometry":{"type":"Point","coordinates":[-118.538383,34.048932]},"properties":{"id":1191,"address":"757 Palisades Dr","neighborhood":"Marquez Knolls","status":"submitted","statusLabel":"Permit Submitted","permitType":"Bldg-New","submittedDate":"2026-06-29","issuedDate":null,"startDate":null,"completedDate":null,"estCompletionDate":"2028-02-20"}},{"type":"Feature","geometry":{"type":"Point","coordinates":[-118.538381,34.048742]},"properties":{"id":1192,"address":"762 Palisades Dr","neighborhood":"Marquez Knolls","status":"issued","statusLabel":"Permit Issued","permitType":"Bldg-New","submittedDate":"2025-12-16","issuedDate":"2026-03-06","startDate":null,"completedDate":null,"estCompletionDate":"2027-06-08"}},{"type":"Feature","geometry":{"type":"Point","coordinates":[-118.538426,34.04906]},"properties":{"id":1193,"address":"765 Palisades Dr","neighborhood":"Marquez Knolls","status":"submitted","statusLabel":"Permit Submitted","permitType":"Bldg-New","submittedDate":"2026-03-28","issuedDate":null,"startDate":null,"completedDate":null,"estCompletionDate":"2028-04-05"}},{"type":"Feature","geometry":{"type":"Point","coordinates":[-118.538074,34.048876]},"properties":{"id":1194,"address":"770 Palisades Dr","neighborhood":"Marquez Knolls","status":"submitted","statusLabel":"Permit Submitted","permitType":"Bldg-New","submittedDate":"2026-03-10","issuedDate":null,"startDate":null,"completedDate":null,"estCompletionDate":"2027-10-04"}},{"type":"Feature","geometry":{"type":"Point","coordinates":[-118.53831,34.049133]},"properties":{"id":1195,"address":"773 Palisades Dr","neighborhood":"Marquez Knolls","status":"submitted","statusLabel":"Permit Submitted","permitType":"Bldg-New","submittedDate":"2026-02-25","issuedDate":null,"startDate":null,"completedDate":null,"estCompletionDate":"2027-12-22"}},{"type":"Feature","geometry":{"type":"Point","coordinates":[-118.5379,34.048817]},"properties":{"id":1196,"address":"778 Palisades Dr","neighborhood":"Marquez Knolls","status":"issued","statusLabel":"Permit Issued","permitType":"Bldg-New","submittedDate":"2026-01-17","issuedDate":"2026-04-09","startDate":null,"completedDate":null,"estCompletionDate":"2027-08-26"}},{"type":"Feature","geometry":{"type":"Point","coordinates":[-118.537986,34.049115]},"properties":{"id":1197,"address":"781 Palisades Dr","neighborhood":"Marquez Knolls","status":"submitted","statusLabel":"Permit Submitted","permitType":"Bldg-New","submittedDate":"2026-03-08","issuedDate":null,"startDate":null,"completedDate":null,"estCompletionDate":"2028-02-10"}},{"type":"Feature","geometry":{"type":"Point","coordinates":[-118.537868,34.04886]},"properties":{"id":1198,"address":"786 Palisades Dr","neighborhood":"Marquez Knolls","status":"construction","statusLabel":"Under Construction","permitType":"Bldg-New","submittedDate":"2025-09-04","issuedDate":"2025-11-18","startDate":"2025-12-28","completedDate":null,"estCompletionDate":"2027-02-25"}},{"type":"Feature","geometry":{"type":"Point","coordinates":[-118.538088,34.049327]},"properties":{"id":1199,"address":"789 Palisades Dr","neighborhood":"Marquez Knolls","status":"construction","statusLabel":"Under Construction","permitType":"Bldg-New","submittedDate":"2025-11-30","issuedDate":"2026-02-17","startDate":"2026-05-02","completedDate":null,"estCompletionDate":"2027-05-17"}},{"type":"Feature","geometry":{"type":"Point","coordinates":[-118.537807,34.049044]},"properties":{"id":1200,"address":"794 Palisades Dr","neighborhood":"Marquez Knolls","status":"construction","statusLabel":"Under Construction","permitType":"Bldg-New","submittedDate":"2025-11-10","issuedDate":"2026-01-25","startDate":"2026-02-21","completedDate":null,"estCompletionDate":"2027-03-18"}},{"type":"Feature","geometry":{"type":"Point","coordinates":[-118.537915,34.049294]},"properties":{"id":1201,"address":"797 Palisades Dr","neighborhood":"Marquez Knolls","status":"issued","statusLabel":"Permit Issued","permitType":"Bldg-New","submittedDate":"2025-06-16","issuedDate":"2025-09-28","startDate":null,"completedDate":null,"estCompletionDate":"2027-02-26"}},{"type":"Feature","geometry":{"type":"Point","coordinates":[-118.537742,34.049156]},"properties":{"id":1202,"address":"802 Palisades Dr","neighborhood":"Marquez Knolls","status":"construction","statusLabel":"Under Construction","permitType":"Bldg-New","submittedDate":"2025-06-05","issuedDate":"2025-10-01","startDate":"2025-12-29","completedDate":null,"estCompletionDate":"2027-04-16"}},{"type":"Feature","geometry":{"type":"Point","coordinates":[-118.537703,34.049299]},"properties":{"id":1203,"address":"805 Palisades Dr","neighborhood":"Marquez Knolls","status":"construction","statusLabel":"Under Construction","permitType":"Bldg-New","submittedDate":"2025-10-03","issuedDate":"2026-01-11","startDate":"2026-03-27","completedDate":null,"estCompletionDate":"2027-04-21"}},{"type":"Feature","geometry":{"type":"Point","coordinates":[-118.537464,34.049127]},"properties":{"id":1204,"address":"810 Palisades Dr","neighborhood":"Marquez Knolls","status":"submitted","statusLabel":"Permit Submitted","permitType":"Bldg-New","submittedDate":"2025-10-12","issuedDate":null,"startDate":null,"completedDate":null,"estCompletionDate":"2027-10-31"}},{"type":"Feature","geometry":{"type":"Point","coordinates":[-118.537518,34.049418]},"properties":{"id":1205,"address":"813 Palisades Dr","neighborhood":"Marquez Knolls","status":"construction","statusLabel":"Under Construction","permitType":"Bldg-New","submittedDate":"2025-11-06","issuedDate":"2026-01-23","startDate":"2026-03-07","completedDate":null,"estCompletionDate":"2027-07-07"}},{"type":"Feature","geometry":{"type":"Point","coordinates":[-118.519229,34.04941]},"properties":{"id":1206,"address":"1501 Amalfi Dr","neighborhood":"The Riviera","status":"submitted","statusLabel":"Permit Submitted","permitType":"Bldg-New","submittedDate":"2026-01-29","issuedDate":null,"startDate":null,"completedDate":null,"estCompletionDate":"2028-02-18"}},{"type":"Feature","geometry":{"type":"Point","coordinates":[-118.518892,34.049299]},"properties":{"id":1207,"address":"1506 Amalfi Dr","neighborhood":"The Riviera","status":"construction","statusLabel":"Under Construction","permitType":"Bldg-New","submittedDate":"2025-08-12","issuedDate":"2025-11-01","startDate":"2025-12-15","completedDate":null,"estCompletionDate":"2027-02-20"}},{"type":"Feature","geometry":{"type":"Point","coordinates":[-118.518786,34.04961]},"properties":{"id":1208,"address":"1509 Amalfi Dr","neighborhood":"The Riviera","status":"submitted","statusLabel":"Permit Submitted","permitType":"Bldg-New","submittedDate":"2025-11-02","issuedDate":null,"startDate":null,"completedDate":null,"estCompletionDate":"2027-06-14"}},{"type":"Feature","geometry":{"type":"Point","coordinates":[-118.518687,34.049238]},"properties":{"id":1209,"address":"1514 Amalfi Dr","neighborhood":"The Riviera","status":"construction","statusLabel":"Under Construction","permitType":"Bldg-New","submittedDate":"2026-01-02","issuedDate":"2026-02-22","startDate":"2026-05-12","completedDate":null,"estCompletionDate":"2027-08-27"}},{"type":"Feature","geometry":{"type":"Point","coordinates":[-118.518737,34.049442]},"properties":{"id":1210,"address":"1517 Amalfi Dr","neighborhood":"The Riviera","status":"construction","statusLabel":"Under Construction","permitType":"Bldg-New","submittedDate":"2025-05-06","issuedDate":"2025-08-07","startDate":"2025-09-01","completedDate":null,"estCompletionDate":"2026-10-25"}},{"type":"Feature","geometry":{"type":"Point","coordinates":[-118.518499,34.04937]},"properties":{"id":1211,"address":"1522 Amalfi Dr","neighborhood":"The Riviera","status":"submitted","statusLabel":"Permit Submitted","permitType":"Bldg-New","submittedDate":"2026-05-25","issuedDate":null,"startDate":null,"completedDate":null,"estCompletionDate":"2028-03-28"}},{"type":"Feature","geometry":{"type":"Point","coordinates":[-118.518532,34.049697]},"properties":{"id":1212,"address":"1525 Amalfi Dr","neighborhood":"The Riviera","status":"issued","statusLabel":"Permit Issued","permitType":"Bldg-New","submittedDate":"2026-01-11","issuedDate":"2026-03-02","startDate":null,"completedDate":null,"estCompletionDate":"2027-05-11"}},{"type":"Feature","geometry":{"type":"Point","coordinates":[-118.518237,34.049439]},"properties":{"id":1213,"address":"1530 Amalfi Dr","neighborhood":"The Riviera","status":"submitted","statusLabel":"Permit Submitted","permitType":"Bldg-New","submittedDate":"2026-02-01","issuedDate":null,"startDate":null,"completedDate":null,"estCompletionDate":"2027-10-19"}},{"type":"Feature","geometry":{"type":"Point","coordinates":[-118.51811,34.049663]},"properties":{"id":1214,"address":"1533 Amalfi Dr","neighborhood":"The Riviera","status":"issued","statusLabel":"Permit Issued","permitType":"Bldg-New","submittedDate":"2025-11-16","issuedDate":"2026-01-29","startDate":null,"completedDate":null,"estCompletionDate":"2027-05-19"}},{"type":"Feature","geometry":{"type":"Point","coordinates":[-118.51798,34.049588]},"properties":{"id":1215,"address":"1538 Amalfi Dr","neighborhood":"The Riviera","status":"construction","statusLabel":"Under Construction","permitType":"Bldg-New","submittedDate":"2025-06-26","issuedDate":"2025-10-26","startDate":"2025-12-24","completedDate":null,"estCompletionDate":"2027-05-08"}},{"type":"Feature","geometry":{"type":"Point","coordinates":[-118.518008,34.049851]},"properties":{"id":1216,"address":"1541 Amalfi Dr","neighborhood":"The Riviera","status":"construction","statusLabel":"Under Construction","permitType":"Bldg-New","submittedDate":"2025-04-20","issuedDate":"2025-08-15","startDate":"2025-09-16","completedDate":null,"estCompletionDate":"2026-11-30"}},{"type":"Feature","geometry":{"type":"Point","coordinates":[-118.517638,34.049514]},"properties":{"id":1217,"address":"1546 Amalfi Dr","neighborhood":"The Riviera","status":"submitted","statusLabel":"Permit Submitted","permitType":"Bldg-New","submittedDate":"2026-01-15","issuedDate":null,"startDate":null,"completedDate":null,"estCompletionDate":"2027-09-29"}},{"type":"Feature","geometry":{"type":"Point","coordinates":[-118.517813,34.049729]},"properties":{"id":1218,"address":"1549 Amalfi Dr","neighborhood":"The Riviera","status":"construction","statusLabel":"Under Construction","permitType":"Bldg-New","submittedDate":"2025-12-14","issuedDate":"2026-04-21","startDate":"2026-05-28","completedDate":null,"estCompletionDate":"2027-08-23"}},{"type":"Feature","geometry":{"type":"Point","coordinates":[-118.517577,34.049704]},"properties":{"id":1219,"address":"1554 Amalfi Dr","neighborhood":"The Riviera","status":"construction","statusLabel":"Under Construction","permitType":"Bldg-New","submittedDate":"2025-05-25","issuedDate":"2025-07-24","startDate":"2025-09-22","completedDate":null,"estCompletionDate":"2026-12-29"}},{"type":"Feature","geometry":{"type":"Point","coordinates":[-118.517531,34.049893]},"properties":{"id":1220,"address":"1557 Amalfi Dr","neighborhood":"The Riviera","status":"submitted","statusLabel":"Permit Submitted","permitType":"Bldg-New","submittedDate":"2025-09-07","issuedDate":null,"startDate":null,"completedDate":null,"estCompletionDate":"2027-05-17"}},{"type":"Feature","geometry":{"type":"Point","coordinates":[-118.517325,34.049811]},"properties":{"id":1221,"address":"1562 Amalfi Dr","neighborhood":"The Riviera","status":"submitted","statusLabel":"Permit Submitted","permitType":"Bldg-New","submittedDate":"2026-06-23","issuedDate":null,"startDate":null,"completedDate":null,"estCompletionDate":"2028-06-26"}},{"type":"Feature","geometry":{"type":"Point","coordinates":[-118.517267,34.049936]},"properties":{"id":1222,"address":"1565 Amalfi Dr","neighborhood":"The Riviera","status":"submitted","statusLabel":"Permit Submitted","permitType":"Bldg-New","submittedDate":"2026-06-25","issuedDate":null,"startDate":null,"completedDate":null,"estCompletionDate":"2028-07-18"}},{"type":"Feature","geometry":{"type":"Point","coordinates":[-118.517174,34.049718]},"properties":{"id":1223,"address":"1570 Amalfi Dr","neighborhood":"The Riviera","status":"submitted","statusLabel":"Permit Submitted","permitType":"Bldg-New","submittedDate":"2026-06-04","issuedDate":null,"startDate":null,"completedDate":null,"estCompletionDate":"2028-04-21"}},{"type":"Feature","geometry":{"type":"Point","coordinates":[-118.51716,34.050131]},"properties":{"id":1224,"address":"1573 Amalfi Dr","neighborhood":"The Riviera","status":"completed","statusLabel":"Completed (C of O)","permitType":"Bldg-New","submittedDate":"2025-02-20","issuedDate":"2025-05-11","startDate":"2025-06-01","completedDate":"2026-06-08","estCompletionDate":"2026-06-08"}},{"type":"Feature","geometry":{"type":"Point","coordinates":[-118.516951,34.049851]},"properties":{"id":1225,"address":"1578 Amalfi Dr","neighborhood":"The Riviera","status":"submitted","statusLabel":"Permit Submitted","permitType":"Bldg-New","submittedDate":"2026-03-26","issuedDate":null,"startDate":null,"completedDate":null,"estCompletionDate":"2028-01-18"}},{"type":"Feature","geometry":{"type":"Point","coordinates":[-118.516721,34.050024]},"properties":{"id":1226,"address":"1581 Amalfi Dr","neighborhood":"The Riviera","status":"issued","statusLabel":"Permit Issued","permitType":"Bldg-New","submittedDate":"2026-02-24","issuedDate":"2026-06-16","startDate":null,"completedDate":null,"estCompletionDate":"2027-09-24"}},{"type":"Feature","geometry":{"type":"Point","coordinates":[-118.51665,34.049947]},"properties":{"id":1227,"address":"1586 Amalfi Dr","neighborhood":"The Riviera","status":"construction","statusLabel":"Under Construction","permitType":"Bldg-New","submittedDate":"2025-08-11","issuedDate":"2025-11-11","startDate":"2026-01-03","completedDate":null,"estCompletionDate":"2026-12-02"}},{"type":"Feature","geometry":{"type":"Point","coordinates":[-118.516726,34.050169]},"properties":{"id":1228,"address":"1589 Amalfi Dr","neighborhood":"The Riviera","status":"submitted","statusLabel":"Permit Submitted","permitType":"Bldg-New","submittedDate":"2026-03-07","issuedDate":null,"startDate":null,"completedDate":null,"estCompletionDate":"2028-03-16"}},{"type":"Feature","geometry":{"type":"Point","coordinates":[-118.516488,34.049969]},"properties":{"id":1229,"address":"1594 Amalfi Dr","neighborhood":"The Riviera","status":"submitted","statusLabel":"Permit Submitted","permitType":"Bldg-New","submittedDate":"2026-03-11","issuedDate":null,"startDate":null,"completedDate":null,"estCompletionDate":"2027-11-18"}},{"type":"Feature","geometry":{"type":"Point","coordinates":[-118.516438,34.050131]},"properties":{"id":1230,"address":"1597 Amalfi Dr","neighborhood":"The Riviera","status":"submitted","statusLabel":"Permit Submitted","permitType":"Bldg-New","submittedDate":"2026-02-27","issuedDate":null,"startDate":null,"completedDate":null,"estCompletionDate":"2027-11-17"}},{"type":"Feature","geometry":{"type":"Point","coordinates":[-118.516158,34.049949]},"properties":{"id":1231,"address":"1602 Amalfi Dr","neighborhood":"The Riviera","status":"construction","statusLabel":"Under Construction","permitType":"Bldg-New","submittedDate":"2025-12-11","issuedDate":"2026-02-13","startDate":"2026-05-10","completedDate":null,"estCompletionDate":"2027-05-19"}},{"type":"Feature","geometry":{"type":"Point","coordinates":[-118.516211,34.050338]},"properties":{"id":1232,"address":"1605 Amalfi Dr","neighborhood":"The Riviera","status":"submitted","statusLabel":"Permit Submitted","permitType":"Bldg-New","submittedDate":"2026-06-21","issuedDate":null,"startDate":null,"completedDate":null,"estCompletionDate":"2028-06-23"}},{"type":"Feature","geometry":{"type":"Point","coordinates":[-118.51589,34.050033]},"properties":{"id":1233,"address":"1610 Amalfi Dr","neighborhood":"The Riviera","status":"construction","statusLabel":"Under Construction","permitType":"Bldg-New","submittedDate":"2025-05-26","issuedDate":"2025-08-13","startDate":"2025-09-24","completedDate":null,"estCompletionDate":"2026-11-02"}},{"type":"Feature","geometry":{"type":"Point","coordinates":[-118.516043,34.050314]},"properties":{"id":1234,"address":"1613 Amalfi Dr","neighborhood":"The Riviera","status":"construction","statusLabel":"Under Construction","permitType":"Bldg-New","submittedDate":"2025-10-31","issuedDate":"2026-01-09","startDate":"2026-02-21","completedDate":null,"estCompletionDate":"2027-04-03"}},{"type":"Feature","geometry":{"type":"Point","coordinates":[-118.515819,34.050236]},"properties":{"id":1235,"address":"1618 Amalfi Dr","neighborhood":"The Riviera","status":"construction","statusLabel":"Under Construction","permitType":"Bldg-New","submittedDate":"2025-10-31","issuedDate":"2025-12-19","startDate":"2026-01-23","completedDate":null,"estCompletionDate":"2027-01-19"}},{"type":"Feature","geometry":{"type":"Point","coordinates":[-118.515804,34.050457]},"properties":{"id":1236,"address":"1621 Amalfi Dr","neighborhood":"The Riviera","status":"construction","statusLabel":"Under Construction","permitType":"Bldg-New","submittedDate":"2025-04-04","issuedDate":"2025-06-15","startDate":"2025-07-29","completedDate":null,"estCompletionDate":"2026-12-05"}},{"type":"Feature","geometry":{"type":"Point","coordinates":[-118.515461,34.050357]},"properties":{"id":1237,"address":"1626 Amalfi Dr","neighborhood":"The Riviera","status":"construction","statusLabel":"Under Construction","permitType":"Bldg-New","submittedDate":"2025-08-16","issuedDate":"2025-10-02","startDate":"2025-12-23","completedDate":null,"estCompletionDate":"2026-12-03"}},{"type":"Feature","geometry":{"type":"Point","coordinates":[-118.515353,34.050409]},"properties":{"id":1238,"address":"1629 Amalfi Dr","neighborhood":"The Riviera","status":"construction","statusLabel":"Under Construction","permitType":"Bldg-New","submittedDate":"2026-01-17","issuedDate":"2026-04-28","startDate":"2026-06-19","completedDate":null,"estCompletionDate":"2027-10-03"}},{"type":"Feature","geometry":{"type":"Point","coordinates":[-118.515718,34.049753]},"properties":{"id":1239,"address":"1301 Napoli Dr","neighborhood":"The Riviera","status":"construction","statusLabel":"Under Construction","permitType":"Bldg-New","submittedDate":"2025-06-05","issuedDate":"2025-07-26","startDate":"2025-09-29","completedDate":null,"estCompletionDate":"2026-10-07"}},{"type":"Feature","geometry":{"type":"Point","coordinates":[-118.515579,34.049501]},"properties":{"id":1240,"address":"1306 Napoli Dr","neighborhood":"The Riviera","status":"construction","statusLabel":"Under Construction","permitType":"Bldg-New","submittedDate":"2025-04-19","issuedDate":"2025-06-16","startDate":"2025-09-04","completedDate":null,"estCompletionDate":"2027-01-07"}},{"type":"Feature","geometry":{"type":"Point","coordinates":[-118.515463,34.049624]},"properties":{"id":1241,"address":"1309 Napoli Dr","neighborhood":"The Riviera","status":"construction","statusLabel":"Under Construction","permitType":"Bldg-New","submittedDate":"2025-04-17","issuedDate":"2025-08-25","startDate":"2025-10-06","completedDate":null,"estCompletionDate":"2026-10-27"}},{"type":"Feature","geometry":{"type":"Point","coordinates":[-118.515296,34.049644]},"properties":{"id":1242,"address":"1314 Napoli Dr","neighborhood":"The Riviera","status":"construction","statusLabel":"Under Construction","permitType":"Bldg-New","submittedDate":"2025-06-14","issuedDate":"2025-10-09","startDate":"2025-11-21","completedDate":null,"estCompletionDate":"2026-11-08"}},{"type":"Feature","geometry":{"type":"Point","coordinates":[-118.515423,34.049879]},"properties":{"id":1243,"address":"1317 Napoli Dr","neighborhood":"The Riviera","status":"construction","statusLabel":"Under Construction","permitType":"Bldg-New","submittedDate":"2025-05-14","issuedDate":"2025-07-16","startDate":"2025-08-05","completedDate":null,"estCompletionDate":"2026-11-22"}},{"type":"Feature","geometry":{"type":"Point","coordinates":[-118.515267,34.049619]},"properties":{"id":1244,"address":"1322 Napoli Dr","neighborhood":"The Riviera","status":"construction","statusLabel":"Under Construction","permitType":"Bldg-New","submittedDate":"2025-11-20","issuedDate":"2026-03-16","startDate":"2026-04-23","completedDate":null,"estCompletionDate":"2027-05-12"}},{"type":"Feature","geometry":{"type":"Point","coordinates":[-118.515219,34.049814]},"properties":{"id":1245,"address":"1325 Napoli Dr","neighborhood":"The Riviera","status":"issued","statusLabel":"Permit Issued","permitType":"Bldg-New","submittedDate":"2025-07-23","issuedDate":"2025-09-28","startDate":null,"completedDate":null,"estCompletionDate":"2027-03-25"}},{"type":"Feature","geometry":{"type":"Point","coordinates":[-118.515109,34.049769]},"properties":{"id":1246,"address":"1330 Napoli Dr","neighborhood":"The Riviera","status":"issued","statusLabel":"Permit Issued","permitType":"Bldg-New","submittedDate":"2025-11-26","issuedDate":"2026-02-24","startDate":null,"completedDate":null,"estCompletionDate":"2027-05-22"}},{"type":"Feature","geometry":{"type":"Point","coordinates":[-118.515231,34.049801]},"properties":{"id":1247,"address":"1333 Napoli Dr","neighborhood":"The Riviera","status":"submitted","statusLabel":"Permit Submitted","permitType":"Bldg-New","submittedDate":"2025-09-11","issuedDate":null,"startDate":null,"completedDate":null,"estCompletionDate":"2027-09-18"}},{"type":"Feature","geometry":{"type":"Point","coordinates":[-118.51487,34.049636]},"properties":{"id":1248,"address":"1338 Napoli Dr","neighborhood":"The Riviera","status":"submitted","statusLabel":"Permit Submitted","permitType":"Bldg-New","submittedDate":"2026-05-07","issuedDate":null,"startDate":null,"completedDate":null,"estCompletionDate":"2028-01-30"}},{"type":"Feature","geometry":{"type":"Point","coordinates":[-118.514976,34.049947]},"properties":{"id":1249,"address":"1341 Napoli Dr","neighborhood":"The Riviera","status":"submitted","statusLabel":"Permit Submitted","permitType":"Bldg-New","submittedDate":"2025-09-28","issuedDate":null,"startDate":null,"completedDate":null,"estCompletionDate":"2027-09-14"}},{"type":"Feature","geometry":{"type":"Point","coordinates":[-118.514772,34.049757]},"properties":{"id":1250,"address":"1346 Napoli Dr","neighborhood":"The Riviera","status":"submitted","statusLabel":"Permit Submitted","permitType":"Bldg-New","submittedDate":"2026-01-10","issuedDate":null,"startDate":null,"completedDate":null,"estCompletionDate":"2028-02-01"}},{"type":"Feature","geometry":{"type":"Point","coordinates":[-118.514942,34.050008]},"properties":{"id":1251,"address":"1349 Napoli Dr","neighborhood":"The Riviera","status":"submitted","statusLabel":"Permit Submitted","permitType":"Bldg-New","submittedDate":"2026-04-05","issuedDate":null,"startDate":null,"completedDate":null,"estCompletionDate":"2027-11-05"}},{"type":"Feature","geometry":{"type":"Point","coordinates":[-118.514611,34.04986]},"properties":{"id":1252,"address":"1354 Napoli Dr","neighborhood":"The Riviera","status":"submitted","statusLabel":"Permit Submitted","permitType":"Bldg-New","submittedDate":"2026-06-11","issuedDate":null,"startDate":null,"completedDate":null,"estCompletionDate":"2028-05-11"}},{"type":"Feature","geometry":{"type":"Point","coordinates":[-118.514655,34.050024]},"properties":{"id":1253,"address":"1357 Napoli Dr","neighborhood":"The Riviera","status":"submitted","statusLabel":"Permit Submitted","permitType":"Bldg-New","submittedDate":"2025-10-05","issuedDate":null,"startDate":null,"completedDate":null,"estCompletionDate":"2027-07-05"}},{"type":"Feature","geometry":{"type":"Point","coordinates":[-118.51453,34.049947]},"properties":{"id":1254,"address":"1362 Napoli Dr","neighborhood":"The Riviera","status":"construction","statusLabel":"Under Construction","permitType":"Bldg-New","submittedDate":"2025-11-13","issuedDate":"2026-03-05","startDate":"2026-04-27","completedDate":null,"estCompletionDate":"2027-05-17"}},{"type":"Feature","geometry":{"type":"Point","coordinates":[-118.514549,34.050273]},"properties":{"id":1255,"address":"1365 Napoli Dr","neighborhood":"The Riviera","status":"submitted","statusLabel":"Permit Submitted","permitType":"Bldg-New","submittedDate":"2025-10-22","issuedDate":null,"startDate":null,"completedDate":null,"estCompletionDate":"2027-06-17"}},{"type":"Feature","geometry":{"type":"Point","coordinates":[-118.514373,34.050089]},"properties":{"id":1256,"address":"1370 Napoli Dr","neighborhood":"The Riviera","status":"submitted","statusLabel":"Permit Submitted","permitType":"Bldg-New","submittedDate":"2025-09-21","issuedDate":null,"startDate":null,"completedDate":null,"estCompletionDate":"2027-07-13"}},{"type":"Feature","geometry":{"type":"Point","coordinates":[-118.514461,34.050181]},"properties":{"id":1257,"address":"1373 Napoli Dr","neighborhood":"The Riviera","status":"construction","statusLabel":"Under Construction","permitType":"Bldg-New","submittedDate":"2025-06-14","issuedDate":"2025-09-26","startDate":"2025-11-20","completedDate":null,"estCompletionDate":"2027-01-07"}},{"type":"Feature","geometry":{"type":"Point","coordinates":[-118.514277,34.049956]},"properties":{"id":1258,"address":"1378 Napoli Dr","neighborhood":"The Riviera","status":"submitted","statusLabel":"Permit Submitted","permitType":"Bldg-New","submittedDate":"2026-03-16","issuedDate":null,"startDate":null,"completedDate":null,"estCompletionDate":"2027-12-09"}},{"type":"Feature","geometry":{"type":"Point","coordinates":[-118.514319,34.050146]},"properties":{"id":1259,"address":"1381 Napoli Dr","neighborhood":"The Riviera","status":"submitted","statusLabel":"Permit Submitted","permitType":"Bldg-New","submittedDate":"2026-03-28","issuedDate":null,"startDate":null,"completedDate":null,"estCompletionDate":"2027-12-02"}},{"type":"Feature","geometry":{"type":"Point","coordinates":[-118.514133,34.050232]},"properties":{"id":1260,"address":"1386 Napoli Dr","neighborhood":"The Riviera","status":"construction","statusLabel":"Under Construction","permitType":"Bldg-New","submittedDate":"2025-10-09","issuedDate":"2026-01-22","startDate":"2026-03-24","completedDate":null,"estCompletionDate":"2027-03-14"}},{"type":"Feature","geometry":{"type":"Point","coordinates":[-118.514219,34.050407]},"properties":{"id":1261,"address":"1389 Napoli Dr","neighborhood":"The Riviera","status":"construction","statusLabel":"Under Construction","permitType":"Bldg-New","submittedDate":"2025-05-17","issuedDate":"2025-08-26","startDate":"2025-09-14","completedDate":null,"estCompletionDate":"2026-10-11"}},{"type":"Feature","geometry":{"type":"Point","coordinates":[-118.514174,34.050134]},"properties":{"id":1262,"address":"1394 Napoli Dr","neighborhood":"The Riviera","status":"construction","statusLabel":"Under Construction","permitType":"Bldg-New","submittedDate":"2025-07-05","issuedDate":"2025-08-31","startDate":"2025-09-25","completedDate":null,"estCompletionDate":"2027-01-24"}},{"type":"Feature","geometry":{"type":"Point","coordinates":[-118.514031,34.050264]},"properties":{"id":1263,"address":"1397 Napoli Dr","neighborhood":"The Riviera","status":"construction","statusLabel":"Under Construction","permitType":"Bldg-New","submittedDate":"2025-05-31","issuedDate":"2025-08-05","startDate":"2025-08-28","completedDate":null,"estCompletionDate":"2026-12-04"}},{"type":"Feature","geometry":{"type":"Point","coordinates":[-118.513875,34.050184]},"properties":{"id":1264,"address":"1402 Napoli Dr","neighborhood":"The Riviera","status":"construction","statusLabel":"Under Construction","permitType":"Bldg-New","submittedDate":"2025-04-26","issuedDate":"2025-06-17","startDate":"2025-07-13","completedDate":null,"estCompletionDate":"2026-10-01"}},{"type":"Feature","geometry":{"type":"Point","coordinates":[-118.513967,34.050412]},"properties":{"id":1265,"address":"1405 Napoli Dr","neighborhood":"The Riviera","status":"issued","statusLabel":"Permit Issued","permitType":"Bldg-New","submittedDate":"2026-01-06","issuedDate":"2026-03-17","startDate":null,"completedDate":null,"estCompletionDate":"2027-07-22"}},{"type":"Feature","geometry":{"type":"Point","coordinates":[-118.513831,34.050406]},"properties":{"id":1266,"address":"1410 Napoli Dr","neighborhood":"The Riviera","status":"construction","statusLabel":"Under Construction","permitType":"Bldg-New","submittedDate":"2026-01-11","issuedDate":"2026-03-25","startDate":"2026-05-25","completedDate":null,"estCompletionDate":"2027-05-19"}},{"type":"Feature","geometry":{"type":"Point","coordinates":[-118.513848,34.050584]},"properties":{"id":1267,"address":"1413 Napoli Dr","neighborhood":"The Riviera","status":"submitted","statusLabel":"Permit Submitted","permitType":"Bldg-New","submittedDate":"2026-02-27","issuedDate":null,"startDate":null,"completedDate":null,"estCompletionDate":"2027-11-11"}},{"type":"Feature","geometry":{"type":"Point","coordinates":[-118.513778,34.050362]},"properties":{"id":1268,"address":"1418 Napoli Dr","neighborhood":"The Riviera","status":"construction","statusLabel":"Under Construction","permitType":"Bldg-New","submittedDate":"2025-09-16","issuedDate":"2025-12-13","startDate":"2026-01-12","completedDate":null,"estCompletionDate":"2027-05-11"}},{"type":"Feature","geometry":{"type":"Point","coordinates":[-118.513624,34.050695]},"properties":{"id":1269,"address":"1421 Napoli Dr","neighborhood":"The Riviera","status":"submitted","statusLabel":"Permit Submitted","permitType":"Bldg-New","submittedDate":"2026-07-07","issuedDate":null,"startDate":null,"completedDate":null,"estCompletionDate":"2028-01-30"}},{"type":"Feature","geometry":{"type":"Point","coordinates":[-118.513483,34.050475]},"properties":{"id":1270,"address":"1426 Napoli Dr","neighborhood":"The Riviera","status":"submitted","statusLabel":"Permit Submitted","permitType":"Bldg-New","submittedDate":"2025-10-14","issuedDate":null,"startDate":null,"completedDate":null,"estCompletionDate":"2027-08-18"}},{"type":"Feature","geometry":{"type":"Point","coordinates":[-118.513554,34.05055]},"properties":{"id":1271,"address":"1429 Napoli Dr","neighborhood":"The Riviera","status":"submitted","statusLabel":"Permit Submitted","permitType":"Bldg-New","submittedDate":"2026-01-27","issuedDate":null,"startDate":null,"completedDate":null,"estCompletionDate":"2027-12-13"}},{"type":"Feature","geometry":{"type":"Point","coordinates":[-118.512544,34.049719]},"properties":{"id":1272,"address":"301 Umeo Rd","neighborhood":"The Riviera","status":"construction","statusLabel":"Under Construction","permitType":"Bldg-New","submittedDate":"2025-05-09","issuedDate":"2025-09-05","startDate":"2025-10-16","completedDate":null,"estCompletionDate":"2026-11-23"}},{"type":"Feature","geometry":{"type":"Point","coordinates":[-118.512273,34.049545]},"properties":{"id":1273,"address":"306 Umeo Rd","neighborhood":"The Riviera","status":"construction","statusLabel":"Under Construction","permitType":"Bldg-New","submittedDate":"2025-10-26","issuedDate":"2026-02-19","startDate":"2026-05-01","completedDate":null,"estCompletionDate":"2027-08-08"}},{"type":"Feature","geometry":{"type":"Point","coordinates":[-118.512348,34.049914]},"properties":{"id":1274,"address":"309 Umeo Rd","neighborhood":"The Riviera","status":"submitted","statusLabel":"Permit Submitted","permitType":"Bldg-New","submittedDate":"2025-11-21","issuedDate":null,"startDate":null,"completedDate":null,"estCompletionDate":"2027-12-21"}},{"type":"Feature","geometry":{"type":"Point","coordinates":[-118.512149,34.049571]},"properties":{"id":1275,"address":"314 Umeo Rd","neighborhood":"The Riviera","status":"issued","statusLabel":"Permit Issued","permitType":"Bldg-New","submittedDate":"2025-12-08","issuedDate":"2026-03-20","startDate":null,"completedDate":null,"estCompletionDate":"2027-08-24"}},{"type":"Feature","geometry":{"type":"Point","coordinates":[-118.51219,34.049944]},"properties":{"id":1276,"address":"317 Umeo Rd","neighborhood":"The Riviera","status":"construction","statusLabel":"Under Construction","permitType":"Bldg-New","submittedDate":"2025-06-03","issuedDate":"2025-08-31","startDate":"2025-11-13","completedDate":null,"estCompletionDate":"2026-11-10"}},{"type":"Feature","geometry":{"type":"Point","coordinates":[-118.51205,34.04985]},"properties":{"id":1277,"address":"322 Umeo Rd","neighborhood":"The Riviera","status":"construction","statusLabel":"Under Construction","permitType":"Bldg-New","submittedDate":"2025-10-22","issuedDate":"2026-02-10","startDate":"2026-05-10","completedDate":null,"estCompletionDate":"2027-06-23"}},{"type":"Feature","geometry":{"type":"Point","coordinates":[-118.511909,34.050086]},"properties":{"id":1278,"address":"325 Umeo Rd","neighborhood":"The Riviera","status":"construction","statusLabel":"Under Construction","permitType":"Bldg-New","submittedDate":"2026-01-03","issuedDate":"2026-04-19","startDate":"2026-05-21","completedDate":null,"estCompletionDate":"2027-09-15"}},{"type":"Feature","geometry":{"type":"Point","coordinates":[-118.511719,34.049791]},"properties":{"id":1279,"address":"330 Umeo Rd","neighborhood":"The Riviera","status":"submitted","statusLabel":"Permit Submitted","permitType":"Bldg-New","submittedDate":"2026-02-16","issuedDate":null,"startDate":null,"completedDate":null,"estCompletionDate":"2028-01-02"}},{"type":"Feature","geometry":{"type":"Point","coordinates":[-118.511704,34.050126]},"properties":{"id":1280,"address":"333 Umeo Rd","neighborhood":"The Riviera","status":"submitted","statusLabel":"Permit Submitted","permitType":"Bldg-New","submittedDate":"2026-04-15","issuedDate":null,"startDate":null,"completedDate":null,"estCompletionDate":"2028-01-19"}},{"type":"Feature","geometry":{"type":"Point","coordinates":[-118.511653,34.049871]},"properties":{"id":1281,"address":"338 Umeo Rd","neighborhood":"The Riviera","status":"construction","statusLabel":"Under Construction","permitType":"Bldg-New","submittedDate":"2025-09-05","issuedDate":"2025-12-01","startDate":"2025-12-20","completedDate":null,"estCompletionDate":"2027-04-27"}},{"type":"Feature","geometry":{"type":"Point","coordinates":[-118.511615,34.050176]},"properties":{"id":1282,"address":"341 Umeo Rd","neighborhood":"The Riviera","status":"construction","statusLabel":"Under Construction","permitType":"Bldg-New","submittedDate":"2025-03-22","issuedDate":"2025-05-26","startDate":"2025-08-03","completedDate":null,"estCompletionDate":"2026-10-28"}},{"type":"Feature","geometry":{"type":"Point","coordinates":[-118.511422,34.050068]},"properties":{"id":1283,"address":"346 Umeo Rd","neighborhood":"The Riviera","status":"construction","statusLabel":"Under Construction","permitType":"Bldg-New","submittedDate":"2025-07-14","issuedDate":"2025-08-30","startDate":"2025-09-27","completedDate":null,"estCompletionDate":"2026-12-31"}},{"type":"Feature","geometry":{"type":"Point","coordinates":[-118.511486,34.050248]},"properties":{"id":1284,"address":"349 Umeo Rd","neighborhood":"The Riviera","status":"construction","statusLabel":"Under Construction","permitType":"Bldg-New","submittedDate":"2025-04-03","issuedDate":"2025-06-13","startDate":"2025-09-05","completedDate":null,"estCompletionDate":"2026-09-05"}},{"type":"Feature","geometry":{"type":"Point","coordinates":[-118.511294,34.050134]},"properties":{"id":1285,"address":"354 Umeo Rd","neighborhood":"The Riviera","status":"construction","statusLabel":"Under Construction","permitType":"Bldg-New","submittedDate":"2025-05-12","issuedDate":"2025-07-10","startDate":"2025-09-29","completedDate":null,"estCompletionDate":"2026-10-28"}},{"type":"Feature","geometry":{"type":"Point","coordinates":[-118.51126,34.050572]},"properties":{"id":1286,"address":"357 Umeo Rd","neighborhood":"The Riviera","status":"construction","statusLabel":"Under Construction","permitType":"Bldg-New","submittedDate":"2025-09-18","issuedDate":"2025-11-26","startDate":"2025-12-17","completedDate":null,"estCompletionDate":"2026-12-13"}},{"type":"Feature","geometry":{"type":"Point","coordinates":[-118.510893,34.050198]},"properties":{"id":1287,"address":"362 Umeo Rd","neighborhood":"The Riviera","status":"construction","statusLabel":"Under Construction","permitType":"Bldg-New","submittedDate":"2025-07-01","issuedDate":"2025-09-01","startDate":"2025-11-06","completedDate":null,"estCompletionDate":"2026-12-27"}},{"type":"Feature","geometry":{"type":"Point","coordinates":[-118.510941,34.050578]},"properties":{"id":1288,"address":"365 Umeo Rd","neighborhood":"The Riviera","status":"construction","statusLabel":"Under Construction","permitType":"Bldg-New","submittedDate":"2025-03-13","issuedDate":"2025-05-17","startDate":"2025-08-09","completedDate":null,"estCompletionDate":"2026-07-08"}},{"type":"Feature","geometry":{"type":"Point","coordinates":[-118.510762,34.050417]},"properties":{"id":1289,"address":"370 Umeo Rd","neighborhood":"The Riviera","status":"construction","statusLabel":"Under Construction","permitType":"Bldg-New","submittedDate":"2025-09-06","issuedDate":"2025-12-22","startDate":"2026-01-12","completedDate":null,"estCompletionDate":"2027-05-26"}},{"type":"Feature","geometry":{"type":"Point","coordinates":[-118.510868,34.050558]},"properties":{"id":1290,"address":"373 Umeo Rd","neighborhood":"The Riviera","status":"submitted","statusLabel":"Permit Submitted","permitType":"Bldg-New","submittedDate":"2025-11-03","issuedDate":null,"startDate":null,"completedDate":null,"estCompletionDate":"2027-06-13"}},{"type":"Feature","geometry":{"type":"Point","coordinates":[-118.510546,34.05055]},"properties":{"id":1291,"address":"378 Umeo Rd","neighborhood":"The Riviera","status":"issued","statusLabel":"Permit Issued","permitType":"Bldg-New","submittedDate":"2025-11-27","issuedDate":"2026-03-06","startDate":null,"completedDate":null,"estCompletionDate":"2027-07-01"}},{"type":"Feature","geometry":{"type":"Point","coordinates":[-118.510506,34.05071]},"properties":{"id":1292,"address":"381 Umeo Rd","neighborhood":"The Riviera","status":"submitted","statusLabel":"Permit Submitted","permitType":"Bldg-New","submittedDate":"2026-05-03","issuedDate":null,"startDate":null,"completedDate":null,"estCompletionDate":"2028-03-27"}},{"type":"Feature","geometry":{"type":"Point","coordinates":[-118.5105,34.050672]},"properties":{"id":1293,"address":"386 Umeo Rd","neighborhood":"The Riviera","status":"submitted","statusLabel":"Permit Submitted","permitType":"Bldg-New","submittedDate":"2026-05-29","issuedDate":null,"startDate":null,"completedDate":null,"estCompletionDate":"2028-05-30"}},{"type":"Feature","geometry":{"type":"Point","coordinates":[-118.5105,34.050953]},"properties":{"id":1294,"address":"389 Umeo Rd","neighborhood":"The Riviera","status":"construction","statusLabel":"Under Construction","permitType":"Bldg-New","submittedDate":"2025-05-13","issuedDate":"2025-08-05","startDate":"2025-09-22","completedDate":null,"estCompletionDate":"2026-09-18"}},{"type":"Feature","geometry":{"type":"Point","coordinates":[-118.5105,34.050693]},"properties":{"id":1295,"address":"394 Umeo Rd","neighborhood":"The Riviera","status":"submitted","statusLabel":"Permit Submitted","permitType":"Bldg-New","submittedDate":"2025-11-29","issuedDate":null,"startDate":null,"completedDate":null,"estCompletionDate":"2027-09-27"}},{"type":"Feature","geometry":{"type":"Point","coordinates":[-118.5105,34.051088]},"properties":{"id":1296,"address":"397 Umeo Rd","neighborhood":"The Riviera","status":"submitted","statusLabel":"Permit Submitted","permitType":"Bldg-New","submittedDate":"2025-12-06","issuedDate":null,"startDate":null,"completedDate":null,"estCompletionDate":"2027-07-14"}},{"type":"Feature","geometry":{"type":"Point","coordinates":[-118.5105,34.050921]},"properties":{"id":1297,"address":"402 Umeo Rd","neighborhood":"The Riviera","status":"submitted","statusLabel":"Permit Submitted","permitType":"Bldg-New","submittedDate":"2026-07-09","issuedDate":null,"startDate":null,"completedDate":null,"estCompletionDate":"2028-03-26"}},{"type":"Feature","geometry":{"type":"Point","coordinates":[-118.5105,34.051023]},"properties":{"id":1298,"address":"405 Umeo Rd","neighborhood":"The Riviera","status":"issued","statusLabel":"Permit Issued","permitType":"Bldg-New","submittedDate":"2025-07-23","issuedDate":"2025-12-10","startDate":null,"completedDate":null,"estCompletionDate":"2027-02-28"}},{"type":"Feature","geometry":{"type":"Point","coordinates":[-118.5105,34.050925]},"properties":{"id":1299,"address":"410 Umeo Rd","neighborhood":"The Riviera","status":"submitted","statusLabel":"Permit Submitted","permitType":"Bldg-New","submittedDate":"2026-05-24","issuedDate":null,"startDate":null,"completedDate":null,"estCompletionDate":"2027-12-11"}},{"type":"Feature","geometry":{"type":"Point","coordinates":[-118.5105,34.051301]},"properties":{"id":1300,"address":"413 Umeo Rd","neighborhood":"The Riviera","status":"submitted","statusLabel":"Permit Submitted","permitType":"Bldg-New","submittedDate":"2026-07-09","issuedDate":null,"startDate":null,"completedDate":null,"estCompletionDate":"2028-05-31"}},{"type":"Feature","geometry":{"type":"Point","coordinates":[-118.5105,34.051032]},"properties":{"id":1301,"address":"418 Umeo Rd","neighborhood":"The Riviera","status":"construction","statusLabel":"Under Construction","permitType":"Bldg-New","submittedDate":"2025-03-31","issuedDate":"2025-05-18","startDate":"2025-06-18","completedDate":null,"estCompletionDate":"2026-05-18"}},{"type":"Feature","geometry":{"type":"Point","coordinates":[-118.5105,34.051283]},"properties":{"id":1302,"address":"421 Umeo Rd","neighborhood":"The Riviera","status":"construction","statusLabel":"Under Construction","permitType":"Bldg-New","submittedDate":"2025-07-13","issuedDate":"2025-09-22","startDate":"2025-11-13","completedDate":null,"estCompletionDate":"2027-01-14"}},{"type":"Feature","geometry":{"type":"Point","coordinates":[-118.5105,34.051198]},"properties":{"id":1303,"address":"426 Umeo Rd","neighborhood":"The Riviera","status":"issued","statusLabel":"Permit Issued","permitType":"Bldg-New","submittedDate":"2025-08-17","issuedDate":"2025-10-27","startDate":null,"completedDate":null,"estCompletionDate":"2027-05-10"}},{"type":"Feature","geometry":{"type":"Point","coordinates":[-118.5105,34.05132]},"properties":{"id":1304,"address":"429 Umeo Rd","neighborhood":"The Riviera","status":"construction","statusLabel":"Under Construction","permitType":"Bldg-New","submittedDate":"2025-10-10","issuedDate":"2026-01-01","startDate":"2026-03-21","completedDate":null,"estCompletionDate":"2027-06-24"}},{"type":"Feature","geometry":{"type":"Point","coordinates":[-118.51886,34.052183]},"properties":{"id":1305,"address":"601 Corsica Dr","neighborhood":"The Riviera","status":"construction","statusLabel":"Under Construction","permitType":"Bldg-New","submittedDate":"2025-12-26","issuedDate":"2026-05-02","startDate":"2026-06-04","completedDate":null,"estCompletionDate":"2027-05-06"}},{"type":"Feature","geometry":{"type":"Point","coordinates":[-118.518617,34.052028]},"properties":{"id":1306,"address":"606 Corsica Dr","neighborhood":"The Riviera","status":"submitted","statusLabel":"Permit Submitted","permitType":"Bldg-New","submittedDate":"2025-10-08","issuedDate":null,"startDate":null,"completedDate":null,"estCompletionDate":"2027-07-15"}},{"type":"Feature","geometry":{"type":"Point","coordinates":[-118.518758,34.052107]},"properties":{"id":1307,"address":"609 Corsica Dr","neighborhood":"The Riviera","status":"submitted","statusLabel":"Permit Submitted","permitType":"Bldg-New","submittedDate":"2026-02-04","issuedDate":null,"startDate":null,"completedDate":null,"estCompletionDate":"2027-12-04"}},{"type":"Feature","geometry":{"type":"Point","coordinates":[-118.518438,34.052186]},"properties":{"id":1308,"address":"614 Corsica Dr","neighborhood":"The Riviera","status":"construction","statusLabel":"Under Construction","permitType":"Bldg-New","submittedDate":"2025-04-10","issuedDate":"2025-05-31","startDate":"2025-06-23","completedDate":null,"estCompletionDate":"2026-07-03"}},{"type":"Feature","geometry":{"type":"Point","coordinates":[-118.518602,34.052252]},"properties":{"id":1309,"address":"617 Corsica Dr","neighborhood":"The Riviera","status":"construction","statusLabel":"Under Construction","permitType":"Bldg-New","submittedDate":"2025-11-20","issuedDate":"2026-03-12","startDate":"2026-04-19","completedDate":null,"estCompletionDate":"2027-05-08"}},{"type":"Feature","geometry":{"type":"Point","coordinates":[-118.518439,34.052013]},"properties":{"id":1310,"address":"622 Corsica Dr","neighborhood":"The Riviera","status":"construction","statusLabel":"Under Construction","permitType":"Bldg-New","submittedDate":"2025-03-09","issuedDate":"2025-07-03","startDate":"2025-08-03","completedDate":null,"estCompletionDate":"2026-11-20"}},{"type":"Feature","geometry":{"type":"Point","coordinates":[-118.518317,34.052218]},"properties":{"id":1311,"address":"625 Corsica Dr","neighborhood":"The Riviera","status":"submitted","statusLabel":"Permit Submitted","permitType":"Bldg-New","submittedDate":"2026-05-01","issuedDate":null,"startDate":null,"completedDate":null,"estCompletionDate":"2028-03-07"}},{"type":"Feature","geometry":{"type":"Point","coordinates":[-118.518223,34.052256]},"properties":{"id":1312,"address":"630 Corsica Dr","neighborhood":"The Riviera","status":"construction","statusLabel":"Under Construction","permitType":"Bldg-New","submittedDate":"2025-11-26","issuedDate":"2026-02-01","startDate":"2026-03-15","completedDate":null,"estCompletionDate":"2027-02-18"}},{"type":"Feature","geometry":{"type":"Point","coordinates":[-118.518264,34.052326]},"properties":{"id":1313,"address":"633 Corsica Dr","neighborhood":"The Riviera","status":"issued","statusLabel":"Permit Issued","permitType":"Bldg-New","submittedDate":"2025-07-17","issuedDate":"2025-11-28","startDate":null,"completedDate":null,"estCompletionDate":"2027-04-11"}},{"type":"Feature","geometry":{"type":"Point","coordinates":[-118.517983,34.052151]},"properties":{"id":1314,"address":"638 Corsica Dr","neighborhood":"The Riviera","status":"construction","statusLabel":"Under Construction","permitType":"Bldg-New","submittedDate":"2025-07-11","issuedDate":"2025-09-02","startDate":"2025-11-09","completedDate":null,"estCompletionDate":"2026-12-19"}},{"type":"Feature","geometry":{"type":"Point","coordinates":[-118.518127,34.052387]},"properties":{"id":1315,"address":"641 Corsica Dr","neighborhood":"The Riviera","status":"issued","statusLabel":"Permit Issued","permitType":"Bldg-New","submittedDate":"2025-12-02","issuedDate":"2026-01-24","startDate":null,"completedDate":null,"estCompletionDate":"2027-04-29"}},{"type":"Feature","geometry":{"type":"Point","coordinates":[-118.517826,34.05227]},"properties":{"id":1316,"address":"646 Corsica Dr","neighborhood":"The Riviera","status":"submitted","statusLabel":"Permit Submitted","permitType":"Bldg-New","submittedDate":"2026-03-24","issuedDate":null,"startDate":null,"completedDate":null,"estCompletionDate":"2028-01-26"}},{"type":"Feature","geometry":{"type":"Point","coordinates":[-118.517786,34.052525]},"properties":{"id":1317,"address":"649 Corsica Dr","neighborhood":"The Riviera","status":"construction","statusLabel":"Under Construction","permitType":"Bldg-New","submittedDate":"2025-11-16","issuedDate":"2026-02-15","startDate":"2026-04-28","completedDate":null,"estCompletionDate":"2027-04-14"}},{"type":"Feature","geometry":{"type":"Point","coordinates":[-118.517661,34.052298]},"properties":{"id":1318,"address":"654 Corsica Dr","neighborhood":"The Riviera","status":"issued","statusLabel":"Permit Issued","permitType":"Bldg-New","submittedDate":"2025-08-20","issuedDate":"2025-12-19","startDate":null,"completedDate":null,"estCompletionDate":"2027-03-15"}},{"type":"Feature","geometry":{"type":"Point","coordinates":[-118.517703,34.052522]},"properties":{"id":1319,"address":"657 Corsica Dr","neighborhood":"The Riviera","status":"construction","statusLabel":"Under Construction","permitType":"Bldg-New","submittedDate":"2025-12-21","issuedDate":"2026-03-09","startDate":"2026-04-13","completedDate":null,"estCompletionDate":"2027-05-29"}},{"type":"Feature","geometry":{"type":"Point","coordinates":[-118.517401,34.052296]},"properties":{"id":1320,"address":"662 Corsica Dr","neighborhood":"The Riviera","status":"construction","statusLabel":"Under Construction","permitType":"Bldg-New","submittedDate":"2026-01-20","issuedDate":"2026-04-22","startDate":"2026-05-07","completedDate":null,"estCompletionDate":"2027-04-11"}},{"type":"Feature","geometry":{"type":"Point","coordinates":[-118.517503,34.052547]},"properties":{"id":1321,"address":"665 Corsica Dr","neighborhood":"The Riviera","status":"construction","statusLabel":"Under Construction","permitType":"Bldg-New","submittedDate":"2025-06-09","issuedDate":"2025-08-22","startDate":"2025-09-21","completedDate":null,"estCompletionDate":"2026-08-29"}},{"type":"Feature","geometry":{"type":"Point","coordinates":[-118.517246,34.052439]},"properties":{"id":1322,"address":"670 Corsica Dr","neighborhood":"The Riviera","status":"construction","statusLabel":"Under Construction","permitType":"Bldg-New","submittedDate":"2025-07-20","issuedDate":"2025-10-23","startDate":"2025-11-20","completedDate":null,"estCompletionDate":"2027-03-27"}},{"type":"Feature","geometry":{"type":"Point","coordinates":[-118.517246,34.052582]},"properties":{"id":1323,"address":"673 Corsica Dr","neighborhood":"The Riviera","status":"construction","statusLabel":"Under Construction","permitType":"Bldg-New","submittedDate":"2025-11-24","issuedDate":"2026-02-28","startDate":"2026-04-03","completedDate":null,"estCompletionDate":"2027-03-17"}},{"type":"Feature","geometry":{"type":"Point","coordinates":[-118.517191,34.05244]},"properties":{"id":1324,"address":"678 Corsica Dr","neighborhood":"The Riviera","status":"construction","statusLabel":"Under Construction","permitType":"Bldg-New","submittedDate":"2025-11-02","issuedDate":"2026-01-27","startDate":"2026-03-25","completedDate":null,"estCompletionDate":"2027-06-30"}},{"type":"Feature","geometry":{"type":"Point","coordinates":[-118.517207,34.052668]},"properties":{"id":1325,"address":"681 Corsica Dr","neighborhood":"The Riviera","status":"issued","statusLabel":"Permit Issued","permitType":"Bldg-New","submittedDate":"2025-07-27","issuedDate":"2025-11-08","startDate":null,"completedDate":null,"estCompletionDate":"2027-01-25"}},{"type":"Feature","geometry":{"type":"Point","coordinates":[-118.516961,34.052564]},"properties":{"id":1326,"address":"686 Corsica Dr","neighborhood":"The Riviera","status":"construction","statusLabel":"Under Construction","permitType":"Bldg-New","submittedDate":"2025-12-22","issuedDate":"2026-04-02","startDate":"2026-05-16","completedDate":null,"estCompletionDate":"2027-06-22"}},{"type":"Feature","geometry":{"type":"Point","coordinates":[-118.516858,34.052765]},"properties":{"id":1327,"address":"689 Corsica Dr","neighborhood":"The Riviera","status":"submitted","statusLabel":"Permit Submitted","permitType":"Bldg-New","submittedDate":"2025-11-22","issuedDate":null,"startDate":null,"completedDate":null,"estCompletionDate":"2027-08-10"}},{"type":"Feature","geometry":{"type":"Point","coordinates":[-118.516686,34.052423]},"properties":{"id":1328,"address":"694 Corsica Dr","neighborhood":"The Riviera","status":"submitted","statusLabel":"Permit Submitted","permitType":"Bldg-New","submittedDate":"2026-06-08","issuedDate":null,"startDate":null,"completedDate":null,"estCompletionDate":"2028-05-04"}},{"type":"Feature","geometry":{"type":"Point","coordinates":[-118.516781,34.05274]},"properties":{"id":1329,"address":"697 Corsica Dr","neighborhood":"The Riviera","status":"construction","statusLabel":"Under Construction","permitType":"Bldg-New","submittedDate":"2025-10-18","issuedDate":"2025-12-19","startDate":"2026-02-27","completedDate":null,"estCompletionDate":"2027-03-18"}},{"type":"Feature","geometry":{"type":"Point","coordinates":[-118.516663,34.052632]},"properties":{"id":1330,"address":"702 Corsica Dr","neighborhood":"The Riviera","status":"submitted","statusLabel":"Permit Submitted","permitType":"Bldg-New","submittedDate":"2025-10-14","issuedDate":null,"startDate":null,"completedDate":null,"estCompletionDate":"2027-04-27"}},{"type":"Feature","geometry":{"type":"Point","coordinates":[-118.516606,34.05291]},"properties":{"id":1331,"address":"705 Corsica Dr","neighborhood":"The Riviera","status":"submitted","statusLabel":"Permit Submitted","permitType":"Bldg-New","submittedDate":"2025-10-26","issuedDate":null,"startDate":null,"completedDate":null,"estCompletionDate":"2027-09-21"}},{"type":"Feature","geometry":{"type":"Point","coordinates":[-118.516388,34.052662]},"properties":{"id":1332,"address":"710 Corsica Dr","neighborhood":"The Riviera","status":"construction","statusLabel":"Under Construction","permitType":"Bldg-New","submittedDate":"2025-10-14","issuedDate":"2025-12-20","startDate":"2026-03-10","completedDate":null,"estCompletionDate":"2027-06-26"}},{"type":"Feature","geometry":{"type":"Point","coordinates":[-118.516325,34.052707]},"properties":{"id":1333,"address":"713 Corsica Dr","neighborhood":"The Riviera","status":"issued","statusLabel":"Permit Issued","permitType":"Bldg-New","submittedDate":"2026-01-22","issuedDate":"2026-05-16","startDate":null,"completedDate":null,"estCompletionDate":"2027-12-17"}},{"type":"Feature","geometry":{"type":"Point","coordinates":[-118.516145,34.052725]},"properties":{"id":1334,"address":"718 Corsica Dr","neighborhood":"The Riviera","status":"construction","statusLabel":"Under Construction","permitType":"Bldg-New","submittedDate":"2025-11-01","issuedDate":"2026-01-18","startDate":"2026-03-16","completedDate":null,"estCompletionDate":"2027-04-18"}},{"type":"Feature","geometry":{"type":"Point","coordinates":[-118.51634,34.052981]},"properties":{"id":1335,"address":"721 Corsica Dr","neighborhood":"The Riviera","status":"submitted","statusLabel":"Permit Submitted","permitType":"Bldg-New","submittedDate":"2026-05-12","issuedDate":null,"startDate":null,"completedDate":null,"estCompletionDate":"2028-01-09"}},{"type":"Feature","geometry":{"type":"Point","coordinates":[-118.515983,34.052625]},"properties":{"id":1336,"address":"726 Corsica Dr","neighborhood":"The Riviera","status":"submitted","statusLabel":"Permit Submitted","permitType":"Bldg-New","submittedDate":"2025-12-25","issuedDate":null,"startDate":null,"completedDate":null,"estCompletionDate":"2027-07-11"}},{"type":"Feature","geometry":{"type":"Point","coordinates":[-118.516145,34.052804]},"properties":{"id":1337,"address":"729 Corsica Dr","neighborhood":"The Riviera","status":"construction","statusLabel":"Under Construction","permitType":"Bldg-New","submittedDate":"2025-09-30","issuedDate":"2025-12-15","startDate":"2026-01-05","completedDate":null,"estCompletionDate":"2027-04-26"}},{"type":"Feature","geometry":{"type":"Point","coordinates":[-118.516101,34.052268]},"properties":{"id":1338,"address":"301 Capri Dr","neighborhood":"The Riviera","status":"construction","statusLabel":"Under Construction","permitType":"Bldg-New","submittedDate":"2025-10-11","issuedDate":"2026-01-02","startDate":"2026-02-03","completedDate":null,"estCompletionDate":"2027-04-04"}},{"type":"Feature","geometry":{"type":"Point","coordinates":[-118.515941,34.052111]},"properties":{"id":1339,"address":"306 Capri Dr","neighborhood":"The Riviera","status":"submitted","statusLabel":"Permit Submitted","permitType":"Bldg-New","submittedDate":"2026-06-18","issuedDate":null,"startDate":null,"completedDate":null,"estCompletionDate":"2028-01-24"}},{"type":"Feature","geometry":{"type":"Point","coordinates":[-118.515832,34.052395]},"properties":{"id":1340,"address":"309 Capri Dr","neighborhood":"The Riviera","status":"submitted","statusLabel":"Permit Submitted","permitType":"Bldg-New","submittedDate":"2025-09-18","issuedDate":null,"startDate":null,"completedDate":null,"estCompletionDate":"2027-06-22"}},{"type":"Feature","geometry":{"type":"Point","coordinates":[-118.515585,34.052054]},"properties":{"id":1341,"address":"314 Capri Dr","neighborhood":"The Riviera","status":"construction","statusLabel":"Under Construction","permitType":"Bldg-New","submittedDate":"2025-09-19","issuedDate":"2025-12-13","startDate":"2026-03-01","completedDate":null,"estCompletionDate":"2027-01-29"}},{"type":"Feature","geometry":{"type":"Point","coordinates":[-118.515618,34.052384]},"properties":{"id":1342,"address":"317 Capri Dr","neighborhood":"The Riviera","status":"submitted","statusLabel":"Permit Submitted","permitType":"Bldg-New","submittedDate":"2025-12-13","issuedDate":null,"startDate":null,"completedDate":null,"estCompletionDate":"2027-08-18"}},{"type":"Feature","geometry":{"type":"Point","coordinates":[-118.515459,34.052206]},"properties":{"id":1343,"address":"322 Capri Dr","neighborhood":"The Riviera","status":"submitted","statusLabel":"Permit Submitted","permitType":"Bldg-New","submittedDate":"2026-01-25","issuedDate":null,"startDate":null,"completedDate":null,"estCompletionDate":"2028-01-30"}},{"type":"Feature","geometry":{"type":"Point","coordinates":[-118.515597,34.052415]},"properties":{"id":1344,"address":"325 Capri Dr","neighborhood":"The Riviera","status":"construction","statusLabel":"Under Construction","permitType":"Bldg-New","submittedDate":"2025-12-11","issuedDate":"2026-02-27","startDate":"2026-05-13","completedDate":null,"estCompletionDate":"2027-09-16"}},{"type":"Feature","geometry":{"type":"Point","coordinates":[-118.5152,34.052283]},"properties":{"id":1345,"address":"330 Capri Dr","neighborhood":"The Riviera","status":"submitted","statusLabel":"Permit Submitted","permitType":"Bldg-New","submittedDate":"2025-10-02","issuedDate":null,"startDate":null,"completedDate":null,"estCompletionDate":"2027-09-06"}},{"type":"Feature","geometry":{"type":"Point","coordinates":[-118.515194,34.052378]},"properties":{"id":1346,"address":"333 Capri Dr","neighborhood":"The Riviera","status":"construction","statusLabel":"Under Construction","permitType":"Bldg-New","submittedDate":"2025-04-30","issuedDate":"2025-09-06","startDate":"2025-11-15","completedDate":null,"estCompletionDate":"2026-12-09"}},{"type":"Feature","geometry":{"type":"Point","coordinates":[-118.515131,34.052328]},"properties":{"id":1347,"address":"338 Capri Dr","neighborhood":"The Riviera","status":"construction","statusLabel":"Under Construction","permitType":"Bldg-New","submittedDate":"2025-04-23","issuedDate":"2025-08-18","startDate":"2025-11-06","completedDate":null,"estCompletionDate":"2026-12-17"}},{"type":"Feature","geometry":{"type":"Point","coordinates":[-118.515157,34.052551]},"properties":{"id":1348,"address":"341 Capri Dr","neighborhood":"The Riviera","status":"submitted","statusLabel":"Permit Submitted","permitType":"Bldg-New","submittedDate":"2026-01-30","issuedDate":null,"startDate":null,"completedDate":null,"estCompletionDate":"2027-12-22"}},{"type":"Feature","geometry":{"type":"Point","coordinates":[-118.514746,34.052371]},"properties":{"id":1349,"address":"346 Capri Dr","neighborhood":"The Riviera","status":"submitted","statusLabel":"Permit Submitted","permitType":"Bldg-New","submittedDate":"2026-06-23","issuedDate":null,"startDate":null,"completedDate":null,"estCompletionDate":"2028-04-16"}},{"type":"Feature","geometry":{"type":"Point","coordinates":[-118.514772,34.052628]},"properties":{"id":1350,"address":"349 Capri Dr","neighborhood":"The Riviera","status":"issued","statusLabel":"Permit Issued","permitType":"Bldg-New","submittedDate":"2025-11-24","issuedDate":"2026-01-15","startDate":null,"completedDate":null,"estCompletionDate":"2027-09-26"}},{"type":"Feature","geometry":{"type":"Point","coordinates":[-118.514707,34.052546]},"properties":{"id":1351,"address":"354 Capri Dr","neighborhood":"The Riviera","status":"issued","statusLabel":"Permit Issued","permitType":"Bldg-New","submittedDate":"2026-02-07","issuedDate":"2026-05-29","startDate":null,"completedDate":null,"estCompletionDate":"2027-12-19"}},{"type":"Feature","geometry":{"type":"Point","coordinates":[-118.514572,34.052724]},"properties":{"id":1352,"address":"357 Capri Dr","neighborhood":"The Riviera","status":"construction","statusLabel":"Under Construction","permitType":"Bldg-New","submittedDate":"2025-09-20","issuedDate":"2025-11-13","startDate":"2026-01-29","completedDate":null,"estCompletionDate":"2027-03-02"}},{"type":"Feature","geometry":{"type":"Point","coordinates":[-118.51434,34.052542]},"properties":{"id":1353,"address":"362 Capri Dr","neighborhood":"The Riviera","status":"submitted","statusLabel":"Permit Submitted","permitType":"Bldg-New","submittedDate":"2026-02-15","issuedDate":null,"startDate":null,"completedDate":null,"estCompletionDate":"2027-09-06"}},{"type":"Feature","geometry":{"type":"Point","coordinates":[-118.514471,34.052838]},"properties":{"id":1354,"address":"365 Capri Dr","neighborhood":"The Riviera","status":"completed","statusLabel":"Completed (C of O)","permitType":"Bldg-New","submittedDate":"2025-02-12","issuedDate":"2025-04-14","startDate":"2025-05-20","completedDate":"2026-03-28","estCompletionDate":"2026-03-28"}},{"type":"Feature","geometry":{"type":"Point","coordinates":[-118.514297,34.052654]},"properties":{"id":1355,"address":"370 Capri Dr","neighborhood":"The Riviera","status":"construction","statusLabel":"Under Construction","permitType":"Bldg-New","submittedDate":"2025-11-01","issuedDate":"2026-01-15","startDate":"2026-04-12","completedDate":null,"estCompletionDate":"2027-03-10"}},{"type":"Feature","geometry":{"type":"Point","coordinates":[-118.514237,34.052711]},"properties":{"id":1356,"address":"373 Capri Dr","neighborhood":"The Riviera","status":"submitted","statusLabel":"Permit Submitted","permitType":"Bldg-New","submittedDate":"2026-04-23","issuedDate":null,"startDate":null,"completedDate":null,"estCompletionDate":"2028-01-22"}},{"type":"Feature","geometry":{"type":"Point","coordinates":[-118.513972,34.052662]},"properties":{"id":1357,"address":"378 Capri Dr","neighborhood":"The Riviera","status":"construction","statusLabel":"Under Construction","permitType":"Bldg-New","submittedDate":"2025-12-29","issuedDate":"2026-02-15","startDate":"2026-05-14","completedDate":null,"estCompletionDate":"2027-06-12"}},{"type":"Feature","geometry":{"type":"Point","coordinates":[-118.513957,34.052928]},"properties":{"id":1358,"address":"381 Capri Dr","neighborhood":"The Riviera","status":"construction","statusLabel":"Under Construction","permitType":"Bldg-New","submittedDate":"2025-12-10","issuedDate":"2026-03-06","startDate":"2026-03-29","completedDate":null,"estCompletionDate":"2027-05-08"}},{"type":"Feature","geometry":{"type":"Point","coordinates":[-118.51375,34.052701]},"properties":{"id":1359,"address":"386 Capri Dr","neighborhood":"The Riviera","status":"construction","statusLabel":"Under Construction","permitType":"Bldg-New","submittedDate":"2026-01-20","issuedDate":"2026-05-30","startDate":"2026-07-16","completedDate":null,"estCompletionDate":"2027-11-20"}},{"type":"Feature","geometry":{"type":"Point","coordinates":[-118.513834,34.052902]},"properties":{"id":1360,"address":"389 Capri Dr","neighborhood":"The Riviera","status":"construction","statusLabel":"Under Construction","permitType":"Bldg-New","submittedDate":"2025-03-17","issuedDate":"2025-06-10","startDate":"2025-07-22","completedDate":null,"estCompletionDate":"2026-08-19"}},{"type":"Feature","geometry":{"type":"Point","coordinates":[-118.513484,34.052775]},"properties":{"id":1361,"address":"394 Capri Dr","neighborhood":"The Riviera","status":"construction","statusLabel":"Under Construction","permitType":"Bldg-New","submittedDate":"2025-11-26","issuedDate":"2026-03-07","startDate":"2026-05-23","completedDate":null,"estCompletionDate":"2027-08-23"}},{"type":"Feature","geometry":{"type":"Point","coordinates":[-118.513477,34.053057]},"properties":{"id":1362,"address":"397 Capri Dr","neighborhood":"The Riviera","status":"construction","statusLabel":"Under Construction","permitType":"Bldg-New","submittedDate":"2025-11-24","issuedDate":"2026-03-11","startDate":"2026-04-25","completedDate":null,"estCompletionDate":"2027-05-04"}},{"type":"Feature","geometry":{"type":"Point","coordinates":[-118.513234,34.052746]},"properties":{"id":1363,"address":"402 Capri Dr","neighborhood":"The Riviera","status":"submitted","statusLabel":"Permit Submitted","permitType":"Bldg-New","submittedDate":"2026-05-06","issuedDate":null,"startDate":null,"completedDate":null,"estCompletionDate":"2028-05-11"}},{"type":"Feature","geometry":{"type":"Point","coordinates":[-118.513391,34.052894]},"properties":{"id":1364,"address":"405 Capri Dr","neighborhood":"The Riviera","status":"construction","statusLabel":"Under Construction","permitType":"Bldg-New","submittedDate":"2025-11-13","issuedDate":"2026-03-01","startDate":"2026-04-02","completedDate":null,"estCompletionDate":"2027-04-18"}},{"type":"Feature","geometry":{"type":"Point","coordinates":[-118.513192,34.052861]},"properties":{"id":1365,"address":"410 Capri Dr","neighborhood":"The Riviera","status":"submitted","statusLabel":"Permit Submitted","permitType":"Bldg-New","submittedDate":"2026-03-07","issuedDate":null,"startDate":null,"completedDate":null,"estCompletionDate":"2028-01-18"}},{"type":"Feature","geometry":{"type":"Point","coordinates":[-118.513114,34.053032]},"properties":{"id":1366,"address":"413 Capri Dr","neighborhood":"The Riviera","status":"submitted","statusLabel":"Permit Submitted","permitType":"Bldg-New","submittedDate":"2026-03-04","issuedDate":null,"startDate":null,"completedDate":null,"estCompletionDate":"2027-10-19"}},{"type":"Feature","geometry":{"type":"Point","coordinates":[-118.512981,34.05296]},"properties":{"id":1367,"address":"418 Capri Dr","neighborhood":"The Riviera","status":"construction","statusLabel":"Under Construction","permitType":"Bldg-New","submittedDate":"2025-05-29","issuedDate":"2025-08-07","startDate":"2025-10-11","completedDate":null,"estCompletionDate":"2026-12-23"}},{"type":"Feature","geometry":{"type":"Point","coordinates":[-118.512917,34.053197]},"properties":{"id":1368,"address":"421 Capri Dr","neighborhood":"The Riviera","status":"construction","statusLabel":"Under Construction","permitType":"Bldg-New","submittedDate":"2025-05-29","issuedDate":"2025-08-09","startDate":"2025-09-07","completedDate":null,"estCompletionDate":"2026-10-08"}},{"type":"Feature","geometry":{"type":"Point","coordinates":[-118.51282,34.053022]},"properties":{"id":1369,"address":"426 Capri Dr","neighborhood":"The Riviera","status":"construction","statusLabel":"Under Construction","permitType":"Bldg-New","submittedDate":"2025-07-06","issuedDate":"2025-10-20","startDate":"2025-12-27","completedDate":null,"estCompletionDate":"2026-12-09"}},{"type":"Feature","geometry":{"type":"Point","coordinates":[-118.512818,34.053131]},"properties":{"id":1370,"address":"429 Capri Dr","neighborhood":"The Riviera","status":"construction","statusLabel":"Under Construction","permitType":"Bldg-New","submittedDate":"2025-12-16","issuedDate":"2026-02-19","startDate":"2026-04-25","completedDate":null,"estCompletionDate":"2027-05-27"}},{"type":"Feature","geometry":{"type":"Point","coordinates":[-118.512538,34.052186]},"properties":{"id":1371,"address":"1701 Rivas Canyon Rd","neighborhood":"The Riviera","status":"construction","statusLabel":"Under Construction","permitType":"Bldg-New","submittedDate":"2025-06-18","issuedDate":"2025-10-01","startDate":"2025-11-08","completedDate":null,"estCompletionDate":"2027-01-24"}},{"type":"Feature","geometry":{"type":"Point","coordinates":[-118.51241,34.051962]},"properties":{"id":1372,"address":"1706 Rivas Canyon Rd","neighborhood":"The Riviera","status":"construction","statusLabel":"Under Construction","permitType":"Bldg-New","submittedDate":"2025-03-17","issuedDate":"2025-06-05","startDate":"2025-08-25","completedDate":null,"estCompletionDate":"2026-09-26"}},{"type":"Feature","geometry":{"type":"Point","coordinates":[-118.512537,34.052242]},"properties":{"id":1373,"address":"1709 Rivas Canyon Rd","neighborhood":"The Riviera","status":"construction","statusLabel":"Under Construction","permitType":"Bldg-New","submittedDate":"2025-06-20","issuedDate":"2025-08-10","startDate":"2025-09-01","completedDate":null,"estCompletionDate":"2026-11-01"}},{"type":"Feature","geometry":{"type":"Point","coordinates":[-118.512328,34.052237]},"properties":{"id":1374,"address":"1714 Rivas Canyon Rd","neighborhood":"The Riviera","status":"construction","statusLabel":"Under Construction","permitType":"Bldg-New","submittedDate":"2025-11-29","issuedDate":"2026-02-26","startDate":"2026-04-14","completedDate":null,"estCompletionDate":"2027-08-03"}},{"type":"Feature","geometry":{"type":"Point","coordinates":[-118.5123,34.052361]},"properties":{"id":1375,"address":"1717 Rivas Canyon Rd","neighborhood":"The Riviera","status":"submitted","statusLabel":"Permit Submitted","permitType":"Bldg-New","submittedDate":"2026-07-04","issuedDate":null,"startDate":null,"completedDate":null,"estCompletionDate":"2028-05-03"}},{"type":"Feature","geometry":{"type":"Point","coordinates":[-118.512133,34.052295]},"properties":{"id":1376,"address":"1722 Rivas Canyon Rd","neighborhood":"The Riviera","status":"construction","statusLabel":"Under Construction","permitType":"Bldg-New","submittedDate":"2025-11-25","issuedDate":"2026-03-16","startDate":"2026-04-21","completedDate":null,"estCompletionDate":"2027-04-04"}},{"type":"Feature","geometry":{"type":"Point","coordinates":[-118.512194,34.052406]},"properties":{"id":1377,"address":"1725 Rivas Canyon Rd","neighborhood":"The Riviera","status":"submitted","statusLabel":"Permit Submitted","permitType":"Bldg-New","submittedDate":"2025-11-12","issuedDate":null,"startDate":null,"completedDate":null,"estCompletionDate":"2027-09-12"}},{"type":"Feature","geometry":{"type":"Point","coordinates":[-118.51201,34.052179]},"properties":{"id":1378,"address":"1730 Rivas Canyon Rd","neighborhood":"The Riviera","status":"construction","statusLabel":"Under Construction","permitType":"Bldg-New","submittedDate":"2025-04-27","issuedDate":"2025-09-03","startDate":"2025-09-27","completedDate":null,"estCompletionDate":"2026-12-10"}},{"type":"Feature","geometry":{"type":"Point","coordinates":[-118.511971,34.052446]},"properties":{"id":1379,"address":"1733 Rivas Canyon Rd","neighborhood":"The Riviera","status":"submitted","statusLabel":"Permit Submitted","permitType":"Bldg-New","submittedDate":"2025-12-15","issuedDate":null,"startDate":null,"completedDate":null,"estCompletionDate":"2027-08-01"}},{"type":"Feature","geometry":{"type":"Point","coordinates":[-118.511735,34.052186]},"properties":{"id":1380,"address":"1738 Rivas Canyon Rd","neighborhood":"The Riviera","status":"construction","statusLabel":"Under Construction","permitType":"Bldg-New","submittedDate":"2025-03-14","issuedDate":"2025-07-08","startDate":"2025-09-11","completedDate":null,"estCompletionDate":"2026-09-02"}},{"type":"Feature","geometry":{"type":"Point","coordinates":[-118.511863,34.05256]},"properties":{"id":1381,"address":"1741 Rivas Canyon Rd","neighborhood":"The Riviera","status":"submitted","statusLabel":"Permit Submitted","permitType":"Bldg-New","submittedDate":"2025-09-30","issuedDate":null,"startDate":null,"completedDate":null,"estCompletionDate":"2027-10-09"}},{"type":"Feature","geometry":{"type":"Point","coordinates":[-118.51168,34.052269]},"properties":{"id":1382,"address":"1746 Rivas Canyon Rd","neighborhood":"The Riviera","status":"construction","statusLabel":"Under Construction","permitType":"Bldg-New","submittedDate":"2025-07-04","issuedDate":"2025-09-19","startDate":"2025-12-16","completedDate":null,"estCompletionDate":"2026-11-26"}},{"type":"Feature","geometry":{"type":"Point","coordinates":[-118.511551,34.052577]},"properties":{"id":1383,"address":"1749 Rivas Canyon Rd","neighborhood":"The Riviera","status":"issued","statusLabel":"Permit Issued","permitType":"Bldg-New","submittedDate":"2026-03-03","issuedDate":"2026-04-22","startDate":null,"completedDate":null,"estCompletionDate":"2027-12-31"}},{"type":"Feature","geometry":{"type":"Point","coordinates":[-118.51136,34.052341]},"properties":{"id":1384,"address":"1754 Rivas Canyon Rd","neighborhood":"The Riviera","status":"issued","statusLabel":"Permit Issued","permitType":"Bldg-New","submittedDate":"2025-10-16","issuedDate":"2026-02-21","startDate":null,"completedDate":null,"estCompletionDate":"2027-07-19"}},{"type":"Feature","geometry":{"type":"Point","coordinates":[-118.511461,34.052676]},"properties":{"id":1385,"address":"1757 Rivas Canyon Rd","neighborhood":"The Riviera","status":"construction","statusLabel":"Under Construction","permitType":"Bldg-New","submittedDate":"2025-08-27","issuedDate":"2025-12-02","startDate":"2026-02-21","completedDate":null,"estCompletionDate":"2027-03-28"}},{"type":"Feature","geometry":{"type":"Point","coordinates":[-118.511272,34.052362]},"properties":{"id":1386,"address":"1762 Rivas Canyon Rd","neighborhood":"The Riviera","status":"construction","statusLabel":"Under Construction","permitType":"Bldg-New","submittedDate":"2025-04-15","issuedDate":"2025-06-30","startDate":"2025-08-24","completedDate":null,"estCompletionDate":"2026-07-20"}},{"type":"Feature","geometry":{"type":"Point","coordinates":[-118.51124,34.052542]},"properties":{"id":1387,"address":"1765 Rivas Canyon Rd","neighborhood":"The Riviera","status":"construction","statusLabel":"Under Construction","permitType":"Bldg-New","submittedDate":"2025-12-28","issuedDate":"2026-03-04","startDate":"2026-05-01","completedDate":null,"estCompletionDate":"2027-04-28"}},{"type":"Feature","geometry":{"type":"Point","coordinates":[-118.511107,34.052462]},"properties":{"id":1388,"address":"1770 Rivas Canyon Rd","neighborhood":"The Riviera","status":"submitted","statusLabel":"Permit Submitted","permitType":"Bldg-New","submittedDate":"2026-02-14","issuedDate":null,"startDate":null,"completedDate":null,"estCompletionDate":"2027-10-05"}},{"type":"Feature","geometry":{"type":"Point","coordinates":[-118.511,34.052672]},"properties":{"id":1389,"address":"1773 Rivas Canyon Rd","neighborhood":"The Riviera","status":"construction","statusLabel":"Under Construction","permitType":"Bldg-New","submittedDate":"2025-08-23","issuedDate":"2025-10-22","startDate":"2025-12-18","completedDate":null,"estCompletionDate":"2027-02-27"}},{"type":"Feature","geometry":{"type":"Point","coordinates":[-118.510978,34.052535]},"properties":{"id":1390,"address":"1778 Rivas Canyon Rd","neighborhood":"The Riviera","status":"construction","statusLabel":"Under Construction","permitType":"Bldg-New","submittedDate":"2025-10-02","issuedDate":"2026-01-31","startDate":"2026-04-29","completedDate":null,"estCompletionDate":"2027-08-08"}},{"type":"Feature","geometry":{"type":"Point","coordinates":[-118.510976,34.052702]},"properties":{"id":1391,"address":"1781 Rivas Canyon Rd","neighborhood":"The Riviera","status":"construction","statusLabel":"Under Construction","permitType":"Bldg-New","submittedDate":"2025-07-13","issuedDate":"2025-10-24","startDate":"2026-01-07","completedDate":null,"estCompletionDate":"2027-03-29"}},{"type":"Feature","geometry":{"type":"Point","coordinates":[-118.510713,34.052657]},"properties":{"id":1392,"address":"1786 Rivas Canyon Rd","neighborhood":"The Riviera","status":"submitted","statusLabel":"Permit Submitted","permitType":"Bldg-New","submittedDate":"2025-12-09","issuedDate":null,"startDate":null,"completedDate":null,"estCompletionDate":"2027-11-17"}},{"type":"Feature","geometry":{"type":"Point","coordinates":[-118.51086,34.052866]},"properties":{"id":1393,"address":"1789 Rivas Canyon Rd","neighborhood":"The Riviera","status":"construction","statusLabel":"Under Construction","permitType":"Bldg-New","submittedDate":"2025-11-11","issuedDate":"2026-02-24","startDate":"2026-03-23","completedDate":null,"estCompletionDate":"2027-05-21"}},{"type":"Feature","geometry":{"type":"Point","coordinates":[-118.510621,34.052739]},"properties":{"id":1394,"address":"1794 Rivas Canyon Rd","neighborhood":"The Riviera","status":"construction","statusLabel":"Under Construction","permitType":"Bldg-New","submittedDate":"2025-08-10","issuedDate":"2025-09-26","startDate":"2025-10-13","completedDate":null,"estCompletionDate":"2027-02-01"}},{"type":"Feature","geometry":{"type":"Point","coordinates":[-118.510661,34.052906]},"properties":{"id":1395,"address":"1797 Rivas Canyon Rd","neighborhood":"The Riviera","status":"construction","statusLabel":"Under Construction","permitType":"Bldg-New","submittedDate":"2025-12-08","issuedDate":"2026-01-26","startDate":"2026-03-25","completedDate":null,"estCompletionDate":"2027-04-24"}},{"type":"Feature","geometry":{"type":"Point","coordinates":[-118.5105,34.052671]},"properties":{"id":1396,"address":"1802 Rivas Canyon Rd","neighborhood":"The Riviera","status":"issued","statusLabel":"Permit Issued","permitType":"Bldg-New","submittedDate":"2026-03-08","issuedDate":"2026-07-04","startDate":null,"completedDate":null,"estCompletionDate":"2027-12-30"}},{"type":"Feature","geometry":{"type":"Point","coordinates":[-118.510548,34.052961]},"properties":{"id":1397,"address":"1805 Rivas Canyon Rd","neighborhood":"The Riviera","status":"issued","statusLabel":"Permit Issued","permitType":"Bldg-New","submittedDate":"2025-11-14","issuedDate":"2026-01-24","startDate":null,"completedDate":null,"estCompletionDate":"2027-09-01"}},{"type":"Feature","geometry":{"type":"Point","coordinates":[-118.5105,34.052606]},"properties":{"id":1398,"address":"1810 Rivas Canyon Rd","neighborhood":"The Riviera","status":"construction","statusLabel":"Under Construction","permitType":"Bldg-New","submittedDate":"2025-11-08","issuedDate":"2025-12-24","startDate":"2026-03-17","completedDate":null,"estCompletionDate":"2027-05-30"}},{"type":"Feature","geometry":{"type":"Point","coordinates":[-118.5105,34.052838]},"properties":{"id":1399,"address":"1813 Rivas Canyon Rd","neighborhood":"The Riviera","status":"construction","statusLabel":"Under Construction","permitType":"Bldg-New","submittedDate":"2025-09-10","issuedDate":"2025-10-26","startDate":"2025-11-24","completedDate":null,"estCompletionDate":"2026-10-24"}},{"type":"Feature","geometry":{"type":"Point","coordinates":[-118.5105,34.052732]},"properties":{"id":1400,"address":"1818 Rivas Canyon Rd","neighborhood":"The Riviera","status":"construction","statusLabel":"Under Construction","permitType":"Bldg-New","submittedDate":"2025-12-05","issuedDate":"2026-02-22","startDate":"2026-03-13","completedDate":null,"estCompletionDate":"2027-02-06"}},{"type":"Feature","geometry":{"type":"Point","coordinates":[-118.5105,34.052904]},"properties":{"id":1401,"address":"1821 Rivas Canyon Rd","neighborhood":"The Riviera","status":"issued","statusLabel":"Permit Issued","permitType":"Bldg-New","submittedDate":"2025-11-28","issuedDate":"2026-01-19","startDate":null,"completedDate":null,"estCompletionDate":"2027-04-01"}},{"type":"Feature","geometry":{"type":"Point","coordinates":[-118.5105,34.05288]},"properties":{"id":1402,"address":"1826 Rivas Canyon Rd","neighborhood":"The Riviera","status":"issued","statusLabel":"Permit Issued","permitType":"Bldg-New","submittedDate":"2025-10-21","issuedDate":"2025-12-06","startDate":null,"completedDate":null,"estCompletionDate":"2027-03-10"}},{"type":"Feature","geometry":{"type":"Point","coordinates":[-118.5105,34.053136]},"properties":{"id":1403,"address":"1829 Rivas Canyon Rd","neighborhood":"The Riviera","status":"submitted","statusLabel":"Permit Submitted","permitType":"Bldg-New","submittedDate":"2025-12-30","issuedDate":null,"startDate":null,"completedDate":null,"estCompletionDate":"2028-01-08"}},{"type":"Feature","geometry":{"type":"Point","coordinates":[-118.518686,34.055568]},"properties":{"id":1404,"address":"1601 Lucca Dr","neighborhood":"The Riviera","status":"submitted","statusLabel":"Permit Submitted","permitType":"Bldg-New","submittedDate":"2025-12-04","issuedDate":null,"startDate":null,"completedDate":null,"estCompletionDate":"2027-07-16"}},{"type":"Feature","geometry":{"type":"Point","coordinates":[-118.518318,34.055246]},"properties":{"id":1405,"address":"1606 Lucca Dr","neighborhood":"The Riviera","status":"construction","statusLabel":"Under Construction","permitType":"Bldg-New","submittedDate":"2025-12-23","issuedDate":"2026-03-20","startDate":"2026-04-19","completedDate":null,"estCompletionDate":"2027-04-06"}},{"type":"Feature","geometry":{"type":"Point","coordinates":[-118.518298,34.055501]},"properties":{"id":1406,"address":"1609 Lucca Dr","neighborhood":"The Riviera","status":"issued","statusLabel":"Permit Issued","permitType":"Bldg-New","submittedDate":"2025-07-26","issuedDate":"2025-11-15","startDate":null,"completedDate":null,"estCompletionDate":"2027-03-30"}},{"type":"Feature","geometry":{"type":"Point","coordinates":[-118.518334,34.05545]},"properties":{"id":1407,"address":"1614 Lucca Dr","neighborhood":"The Riviera","status":"construction","statusLabel":"Under Construction","permitType":"Bldg-New","submittedDate":"2025-11-03","issuedDate":"2026-03-10","startDate":"2026-05-03","completedDate":null,"estCompletionDate":"2027-07-28"}},{"type":"Feature","geometry":{"type":"Point","coordinates":[-118.518178,34.055579]},"properties":{"id":1408,"address":"1617 Lucca Dr","neighborhood":"The Riviera","status":"issued","statusLabel":"Permit Issued","permitType":"Bldg-New","submittedDate":"2026-02-06","issuedDate":"2026-06-08","startDate":null,"completedDate":null,"estCompletionDate":"2027-12-10"}},{"type":"Feature","geometry":{"type":"Point","coordinates":[-118.518047,34.055559]},"properties":{"id":1409,"address":"1622 Lucca Dr","neighborhood":"The Riviera","status":"construction","statusLabel":"Under Construction","permitType":"Bldg-New","submittedDate":"2025-08-31","issuedDate":"2025-12-26","startDate":"2026-02-15","completedDate":null,"estCompletionDate":"2027-03-21"}},{"type":"Feature","geometry":{"type":"Point","coordinates":[-118.518072,34.055758]},"properties":{"id":1410,"address":"1625 Lucca Dr","neighborhood":"The Riviera","status":"submitted","statusLabel":"Permit Submitted","permitType":"Bldg-New","submittedDate":"2025-12-08","issuedDate":null,"startDate":null,"completedDate":null,"estCompletionDate":"2027-06-26"}},{"type":"Feature","geometry":{"type":"Point","coordinates":[-118.517852,34.05557]},"properties":{"id":1411,"address":"1630 Lucca Dr","neighborhood":"The Riviera","status":"submitted","statusLabel":"Permit Submitted","permitType":"Bldg-New","submittedDate":"2026-05-15","issuedDate":null,"startDate":null,"completedDate":null,"estCompletionDate":"2028-04-11"}},{"type":"Feature","geometry":{"type":"Point","coordinates":[-118.517897,34.055924]},"properties":{"id":1412,"address":"1633 Lucca Dr","neighborhood":"The Riviera","status":"issued","statusLabel":"Permit Issued","permitType":"Bldg-New","submittedDate":"2026-01-09","issuedDate":"2026-04-26","startDate":null,"completedDate":null,"estCompletionDate":"2027-09-20"}},{"type":"Feature","geometry":{"type":"Point","coordinates":[-118.517712,34.055655]},"properties":{"id":1413,"address":"1638 Lucca Dr","neighborhood":"The Riviera","status":"submitted","statusLabel":"Permit Submitted","permitType":"Bldg-New","submittedDate":"2026-06-07","issuedDate":null,"startDate":null,"completedDate":null,"estCompletionDate":"2027-12-29"}},{"type":"Feature","geometry":{"type":"Point","coordinates":[-118.517772,34.055921]},"properties":{"id":1414,"address":"1641 Lucca Dr","neighborhood":"The Riviera","status":"submitted","statusLabel":"Permit Submitted","permitType":"Bldg-New","submittedDate":"2026-02-02","issuedDate":null,"startDate":null,"completedDate":null,"estCompletionDate":"2028-01-30"}},{"type":"Feature","geometry":{"type":"Point","coordinates":[-118.517594,34.055841]},"properties":{"id":1415,"address":"1646 Lucca Dr","neighborhood":"The Riviera","status":"completed","statusLabel":"Completed (C of O)","permitType":"Bldg-New","submittedDate":"2025-05-06","issuedDate":"2025-07-12","startDate":"2025-08-16","completedDate":"2026-07-16","estCompletionDate":"2026-07-16"}},{"type":"Feature","geometry":{"type":"Point","coordinates":[-118.517552,34.055949]},"properties":{"id":1416,"address":"1649 Lucca Dr","neighborhood":"The Riviera","status":"construction","statusLabel":"Under Construction","permitType":"Bldg-New","submittedDate":"2025-03-25","issuedDate":"2025-06-26","startDate":"2025-07-15","completedDate":null,"estCompletionDate":"2026-06-18"}},{"type":"Feature","geometry":{"type":"Point","coordinates":[-118.517319,34.055974]},"properties":{"id":1417,"address":"1654 Lucca Dr","neighborhood":"The Riviera","status":"construction","statusLabel":"Under Construction","permitType":"Bldg-New","submittedDate":"2026-01-15","issuedDate":"2026-04-04","startDate":"2026-06-02","completedDate":null,"estCompletionDate":"2027-08-28"}},{"type":"Feature","geometry":{"type":"Point","coordinates":[-118.517487,34.056172]},"properties":{"id":1418,"address":"1657 Lucca Dr","neighborhood":"The Riviera","status":"construction","statusLabel":"Under Construction","permitType":"Bldg-New","submittedDate":"2025-11-23","issuedDate":"2026-02-10","startDate":"2026-04-26","completedDate":null,"estCompletionDate":"2027-05-20"}},{"type":"Feature","geometry":{"type":"Point","coordinates":[-118.517144,34.055867]},"properties":{"id":1419,"address":"1662 Lucca Dr","neighborhood":"The Riviera","status":"construction","statusLabel":"Under Construction","permitType":"Bldg-New","submittedDate":"2025-09-25","issuedDate":"2026-01-11","startDate":"2026-02-27","completedDate":null,"estCompletionDate":"2027-03-07"}},{"type":"Feature","geometry":{"type":"Point","coordinates":[-118.517261,34.056252]},"properties":{"id":1420,"address":"1665 Lucca Dr","neighborhood":"The Riviera","status":"submitted","statusLabel":"Permit Submitted","permitType":"Bldg-New","submittedDate":"2026-03-05","issuedDate":null,"startDate":null,"completedDate":null,"estCompletionDate":"2028-02-15"}},{"type":"Feature","geometry":{"type":"Point","coordinates":[-118.517063,34.055956]},"properties":{"id":1421,"address":"1670 Lucca Dr","neighborhood":"The Riviera","status":"submitted","statusLabel":"Permit Submitted","permitType":"Bldg-New","submittedDate":"2026-06-09","issuedDate":null,"startDate":null,"completedDate":null,"estCompletionDate":"2028-03-24"}},{"type":"Feature","geometry":{"type":"Point","coordinates":[-118.517162,34.056352]},"properties":{"id":1422,"address":"1673 Lucca Dr","neighborhood":"The Riviera","status":"construction","statusLabel":"Under Construction","permitType":"Bldg-New","submittedDate":"2025-06-04","issuedDate":"2025-09-06","startDate":"2025-10-26","completedDate":null,"estCompletionDate":"2026-12-12"}},{"type":"Feature","geometry":{"type":"Point","coordinates":[-118.516826,34.05613]},"properties":{"id":1423,"address":"1678 Lucca Dr","neighborhood":"The Riviera","status":"issued","statusLabel":"Permit Issued","permitType":"Bldg-New","submittedDate":"2025-11-17","issuedDate":"2026-02-05","startDate":null,"completedDate":null,"estCompletionDate":"2027-06-19"}},{"type":"Feature","geometry":{"type":"Point","coordinates":[-118.516895,34.0563]},"properties":{"id":1424,"address":"1681 Lucca Dr","neighborhood":"The Riviera","status":"construction","statusLabel":"Under Construction","permitType":"Bldg-New","submittedDate":"2025-04-02","issuedDate":"2025-08-07","startDate":"2025-10-04","completedDate":null,"estCompletionDate":"2026-10-15"}},{"type":"Feature","geometry":{"type":"Point","coordinates":[-118.516714,34.056327]},"properties":{"id":1425,"address":"1686 Lucca Dr","neighborhood":"The Riviera","status":"submitted","statusLabel":"Permit Submitted","permitType":"Bldg-New","submittedDate":"2025-09-20","issuedDate":null,"startDate":null,"completedDate":null,"estCompletionDate":"2027-06-25"}},{"type":"Feature","geometry":{"type":"Point","coordinates":[-118.516662,34.056407]},"properties":{"id":1426,"address":"1689 Lucca Dr","neighborhood":"The Riviera","status":"construction","statusLabel":"Under Construction","permitType":"Bldg-New","submittedDate":"2025-06-21","issuedDate":"2025-10-16","startDate":"2026-01-13","completedDate":null,"estCompletionDate":"2027-04-25"}},{"type":"Feature","geometry":{"type":"Point","coordinates":[-118.516483,34.056426]},"properties":{"id":1427,"address":"1694 Lucca Dr","neighborhood":"The Riviera","status":"construction","statusLabel":"Under Construction","permitType":"Bldg-New","submittedDate":"2025-03-28","issuedDate":"2025-06-02","startDate":"2025-08-18","completedDate":null,"estCompletionDate":"2026-08-27"}},{"type":"Feature","geometry":{"type":"Point","coordinates":[-118.516491,34.05641]},"properties":{"id":1428,"address":"1697 Lucca Dr","neighborhood":"The Riviera","status":"construction","statusLabel":"Under Construction","permitType":"Bldg-New","submittedDate":"2025-11-19","issuedDate":"2026-02-01","startDate":"2026-04-23","completedDate":null,"estCompletionDate":"2027-05-02"}},{"type":"Feature","geometry":{"type":"Point","coordinates":[-118.516376,34.056335]},"properties":{"id":1429,"address":"1702 Lucca Dr","neighborhood":"The Riviera","status":"construction","statusLabel":"Under Construction","permitType":"Bldg-New","submittedDate":"2025-10-22","issuedDate":"2026-02-16","startDate":"2026-03-18","completedDate":null,"estCompletionDate":"2027-07-03"}},{"type":"Feature","geometry":{"type":"Point","coordinates":[-118.516389,34.056572]},"properties":{"id":1430,"address":"1705 Lucca Dr","neighborhood":"The Riviera","status":"construction","statusLabel":"Under Construction","permitType":"Bldg-New","submittedDate":"2025-11-01","issuedDate":"2026-02-08","startDate":"2026-03-25","completedDate":null,"estCompletionDate":"2027-08-01"}},{"type":"Feature","geometry":{"type":"Point","coordinates":[-118.516267,34.056518]},"properties":{"id":1431,"address":"1710 Lucca Dr","neighborhood":"The Riviera","status":"construction","statusLabel":"Under Construction","permitType":"Bldg-New","submittedDate":"2025-09-02","issuedDate":"2025-10-31","startDate":"2025-12-09","completedDate":null,"estCompletionDate":"2027-02-14"}},{"type":"Feature","geometry":{"type":"Point","coordinates":[-118.516302,34.056784]},"properties":{"id":1432,"address":"1713 Lucca Dr","neighborhood":"The Riviera","status":"construction","statusLabel":"Under Construction","permitType":"Bldg-New","submittedDate":"2026-01-08","issuedDate":"2026-04-28","startDate":"2026-06-09","completedDate":null,"estCompletionDate":"2027-07-11"}},{"type":"Feature","geometry":{"type":"Point","coordinates":[-118.516018,34.05659]},"properties":{"id":1433,"address":"1718 Lucca Dr","neighborhood":"The Riviera","status":"construction","statusLabel":"Under Construction","permitType":"Bldg-New","submittedDate":"2025-06-23","issuedDate":"2025-10-26","startDate":"2025-11-16","completedDate":null,"estCompletionDate":"2026-10-24"}},{"type":"Feature","geometry":{"type":"Point","coordinates":[-118.515958,34.056696]},"properties":{"id":1434,"address":"1721 Lucca Dr","neighborhood":"The Riviera","status":"construction","statusLabel":"Under Construction","permitType":"Bldg-New","submittedDate":"2025-12-05","issuedDate":"2026-03-13","startDate":"2026-05-28","completedDate":null,"estCompletionDate":"2027-07-31"}},{"type":"Feature","geometry":{"type":"Point","coordinates":[-118.515859,34.056771]},"properties":{"id":1435,"address":"1726 Lucca Dr","neighborhood":"The Riviera","status":"submitted","statusLabel":"Permit Submitted","permitType":"Bldg-New","submittedDate":"2026-04-13","issuedDate":null,"startDate":null,"completedDate":null,"estCompletionDate":"2028-01-30"}},{"type":"Feature","geometry":{"type":"Point","coordinates":[-118.515971,34.056958]},"properties":{"id":1436,"address":"1729 Lucca Dr","neighborhood":"The Riviera","status":"construction","statusLabel":"Under Construction","permitType":"Bldg-New","submittedDate":"2025-07-04","issuedDate":"2025-09-08","startDate":"2025-09-30","completedDate":null,"estCompletionDate":"2026-12-25"}},{"type":"Feature","geometry":{"type":"Point","coordinates":[-118.516048,34.055268]},"properties":{"id":1437,"address":"1501 Sorrento Dr","neighborhood":"The Riviera","status":"submitted","statusLabel":"Permit Submitted","permitType":"Bldg-New","submittedDate":"2026-05-16","issuedDate":null,"startDate":null,"completedDate":null,"estCompletionDate":"2028-01-28"}},{"type":"Feature","geometry":{"type":"Point","coordinates":[-118.515839,34.054964]},"properties":{"id":1438,"address":"1506 Sorrento Dr","neighborhood":"The Riviera","status":"construction","statusLabel":"Under Construction","permitType":"Bldg-New","submittedDate":"2025-10-19","issuedDate":"2025-12-04","startDate":"2026-01-08","completedDate":null,"estCompletionDate":"2027-03-18"}},{"type":"Feature","geometry":{"type":"Point","coordinates":[-118.515806,34.055329]},"properties":{"id":1439,"address":"1509 Sorrento Dr","neighborhood":"The Riviera","status":"construction","statusLabel":"Under Construction","permitType":"Bldg-New","submittedDate":"2025-08-14","issuedDate":"2025-10-31","startDate":"2025-12-30","completedDate":null,"estCompletionDate":"2026-11-25"}},{"type":"Feature","geometry":{"type":"Point","coordinates":[-118.515779,34.055073]},"properties":{"id":1440,"address":"1514 Sorrento Dr","neighborhood":"The Riviera","status":"submitted","statusLabel":"Permit Submitted","permitType":"Bldg-New","submittedDate":"2026-02-08","issuedDate":null,"startDate":null,"completedDate":null,"estCompletionDate":"2028-02-02"}},{"type":"Feature","geometry":{"type":"Point","coordinates":[-118.515824,34.055164]},"properties":{"id":1441,"address":"1517 Sorrento Dr","neighborhood":"The Riviera","status":"construction","statusLabel":"Under Construction","permitType":"Bldg-New","submittedDate":"2025-07-22","issuedDate":"2025-10-25","startDate":"2025-12-05","completedDate":null,"estCompletionDate":"2027-03-09"}},{"type":"Feature","geometry":{"type":"Point","coordinates":[-118.51555,34.055098]},"properties":{"id":1442,"address":"1522 Sorrento Dr","neighborhood":"The Riviera","status":"submitted","statusLabel":"Permit Submitted","permitType":"Bldg-New","submittedDate":"2026-05-06","issuedDate":null,"startDate":null,"completedDate":null,"estCompletionDate":"2028-05-10"}},{"type":"Feature","geometry":{"type":"Point","coordinates":[-118.515692,34.055382]},"properties":{"id":1443,"address":"1525 Sorrento Dr","neighborhood":"The Riviera","status":"issued","statusLabel":"Permit Issued","permitType":"Bldg-New","submittedDate":"2025-11-24","issuedDate":"2026-04-08","startDate":null,"completedDate":null,"estCompletionDate":"2027-09-06"}},{"type":"Feature","geometry":{"type":"Point","coordinates":[-118.515534,34.055168]},"properties":{"id":1444,"address":"1530 Sorrento Dr","neighborhood":"The Riviera","status":"submitted","statusLabel":"Permit Submitted","permitType":"Bldg-New","submittedDate":"2025-11-17","issuedDate":null,"startDate":null,"completedDate":null,"estCompletionDate":"2027-09-13"}},{"type":"Feature","geometry":{"type":"Point","coordinates":[-118.515501,34.055368]},"properties":{"id":1445,"address":"1533 Sorrento Dr","neighborhood":"The Riviera","status":"construction","statusLabel":"Under Construction","permitType":"Bldg-New","submittedDate":"2025-05-28","issuedDate":"2025-08-02","startDate":"2025-10-03","completedDate":null,"estCompletionDate":"2026-09-20"}},{"type":"Feature","geometry":{"type":"Point","coordinates":[-118.515494,34.055215]},"properties":{"id":1446,"address":"1538 Sorrento Dr","neighborhood":"The Riviera","status":"construction","statusLabel":"Under Construction","permitType":"Bldg-New","submittedDate":"2025-05-08","issuedDate":"2025-07-10","startDate":"2025-09-22","completedDate":null,"estCompletionDate":"2026-11-07"}},{"type":"Feature","geometry":{"type":"Point","coordinates":[-118.515535,34.055425]},"properties":{"id":1447,"address":"1541 Sorrento Dr","neighborhood":"The Riviera","status":"submitted","statusLabel":"Permit Submitted","permitType":"Bldg-New","submittedDate":"2025-11-25","issuedDate":null,"startDate":null,"completedDate":null,"estCompletionDate":"2027-09-17"}},{"type":"Feature","geometry":{"type":"Point","coordinates":[-118.515229,34.055198]},"properties":{"id":1448,"address":"1546 Sorrento Dr","neighborhood":"The Riviera","status":"construction","statusLabel":"Under Construction","permitType":"Bldg-New","submittedDate":"2025-05-09","issuedDate":"2025-07-05","startDate":"2025-08-20","completedDate":null,"estCompletionDate":"2026-07-18"}},{"type":"Feature","geometry":{"type":"Point","coordinates":[-118.515287,34.055371]},"properties":{"id":1449,"address":"1549 Sorrento Dr","neighborhood":"The Riviera","status":"submitted","statusLabel":"Permit Submitted","permitType":"Bldg-New","submittedDate":"2026-06-28","issuedDate":null,"startDate":null,"completedDate":null,"estCompletionDate":"2028-06-24"}},{"type":"Feature","geometry":{"type":"Point","coordinates":[-118.515176,34.055388]},"properties":{"id":1450,"address":"1554 Sorrento Dr","neighborhood":"The Riviera","status":"construction","statusLabel":"Under Construction","permitType":"Bldg-New","submittedDate":"2025-11-13","issuedDate":"2026-03-05","startDate":"2026-03-23","completedDate":null,"estCompletionDate":"2027-05-09"}},{"type":"Feature","geometry":{"type":"Point","coordinates":[-118.515268,34.055518]},"properties":{"id":1451,"address":"1557 Sorrento Dr","neighborhood":"The Riviera","status":"submitted","statusLabel":"Permit Submitted","permitType":"Bldg-New","submittedDate":"2026-01-06","issuedDate":null,"startDate":null,"completedDate":null,"estCompletionDate":"2027-11-27"}},{"type":"Feature","geometry":{"type":"Point","coordinates":[-118.515138,34.055435]},"properties":{"id":1452,"address":"1562 Sorrento Dr","neighborhood":"The Riviera","status":"construction","statusLabel":"Under Construction","permitType":"Bldg-New","submittedDate":"2025-07-18","issuedDate":"2025-11-23","startDate":"2026-01-03","completedDate":null,"estCompletionDate":"2026-12-27"}},{"type":"Feature","geometry":{"type":"Point","coordinates":[-118.515092,34.055592]},"properties":{"id":1453,"address":"1565 Sorrento Dr","neighborhood":"The Riviera","status":"construction","statusLabel":"Under Construction","permitType":"Bldg-New","submittedDate":"2025-10-01","issuedDate":"2025-11-20","startDate":"2025-12-10","completedDate":null,"estCompletionDate":"2026-11-16"}},{"type":"Feature","geometry":{"type":"Point","coordinates":[-118.514926,34.055577]},"properties":{"id":1454,"address":"1570 Sorrento Dr","neighborhood":"The Riviera","status":"issued","statusLabel":"Permit Issued","permitType":"Bldg-New","submittedDate":"2026-02-06","issuedDate":"2026-04-16","startDate":null,"completedDate":null,"estCompletionDate":"2027-11-25"}},{"type":"Feature","geometry":{"type":"Point","coordinates":[-118.515039,34.055626]},"properties":{"id":1455,"address":"1573 Sorrento Dr","neighborhood":"The Riviera","status":"submitted","statusLabel":"Permit Submitted","permitType":"Bldg-New","submittedDate":"2026-04-17","issuedDate":null,"startDate":null,"completedDate":null,"estCompletionDate":"2027-11-05"}},{"type":"Feature","geometry":{"type":"Point","coordinates":[-118.514888,34.055485]},"properties":{"id":1456,"address":"1578 Sorrento Dr","neighborhood":"The Riviera","status":"construction","statusLabel":"Under Construction","permitType":"Bldg-New","submittedDate":"2025-12-23","issuedDate":"2026-02-08","startDate":"2026-03-26","completedDate":null,"estCompletionDate":"2027-05-24"}},{"type":"Feature","geometry":{"type":"Point","coordinates":[-118.514944,34.055794]},"properties":{"id":1457,"address":"1581 Sorrento Dr","neighborhood":"The Riviera","status":"submitted","statusLabel":"Permit Submitted","permitType":"Bldg-New","submittedDate":"2025-12-27","issuedDate":null,"startDate":null,"completedDate":null,"estCompletionDate":"2027-10-08"}},{"type":"Feature","geometry":{"type":"Point","coordinates":[-118.514715,34.055489]},"properties":{"id":1458,"address":"1586 Sorrento Dr","neighborhood":"The Riviera","status":"construction","statusLabel":"Under Construction","permitType":"Bldg-New","submittedDate":"2025-04-13","issuedDate":"2025-08-04","startDate":"2025-08-21","completedDate":null,"estCompletionDate":"2026-08-19"}},{"type":"Feature","geometry":{"type":"Point","coordinates":[-118.51477,34.055714]},"properties":{"id":1459,"address":"1589 Sorrento Dr","neighborhood":"The Riviera","status":"submitted","statusLabel":"Permit Submitted","permitType":"Bldg-New","submittedDate":"2025-12-13","issuedDate":null,"startDate":null,"completedDate":null,"estCompletionDate":"2027-10-17"}},{"type":"Feature","geometry":{"type":"Point","coordinates":[-118.514749,34.055673]},"properties":{"id":1460,"address":"1594 Sorrento Dr","neighborhood":"The Riviera","status":"submitted","statusLabel":"Permit Submitted","permitType":"Bldg-New","submittedDate":"2025-10-29","issuedDate":null,"startDate":null,"completedDate":null,"estCompletionDate":"2027-08-30"}},{"type":"Feature","geometry":{"type":"Point","coordinates":[-118.514643,34.055879]},"properties":{"id":1461,"address":"1597 Sorrento Dr","neighborhood":"The Riviera","status":"issued","statusLabel":"Permit Issued","permitType":"Bldg-New","submittedDate":"2025-10-03","issuedDate":"2026-01-01","startDate":null,"completedDate":null,"estCompletionDate":"2027-05-19"}},{"type":"Feature","geometry":{"type":"Point","coordinates":[-118.514519,34.055713]},"properties":{"id":1462,"address":"1602 Sorrento Dr","neighborhood":"The Riviera","status":"construction","statusLabel":"Under Construction","permitType":"Bldg-New","submittedDate":"2025-10-05","issuedDate":"2025-12-15","startDate":"2026-02-15","completedDate":null,"estCompletionDate":"2027-01-29"}},{"type":"Feature","geometry":{"type":"Point","coordinates":[-118.514599,34.055892]},"properties":{"id":1463,"address":"1605 Sorrento Dr","neighborhood":"The Riviera","status":"submitted","statusLabel":"Permit Submitted","permitType":"Bldg-New","submittedDate":"2026-06-21","issuedDate":null,"startDate":null,"completedDate":null,"estCompletionDate":"2028-02-24"}},{"type":"Feature","geometry":{"type":"Point","coordinates":[-118.514592,34.055693]},"properties":{"id":1464,"address":"1610 Sorrento Dr","neighborhood":"The Riviera","status":"issued","statusLabel":"Permit Issued","permitType":"Bldg-New","submittedDate":"2025-08-13","issuedDate":"2025-12-31","startDate":null,"completedDate":null,"estCompletionDate":"2027-08-24"}},{"type":"Feature","geometry":{"type":"Point","coordinates":[-118.51467,34.055855]},"properties":{"id":1465,"address":"1613 Sorrento Dr","neighborhood":"The Riviera","status":"submitted","statusLabel":"Permit Submitted","permitType":"Bldg-New","submittedDate":"2025-12-27","issuedDate":null,"startDate":null,"completedDate":null,"estCompletionDate":"2027-08-23"}},{"type":"Feature","geometry":{"type":"Point","coordinates":[-118.558865,34.03814]},"properties":{"id":1466,"address":"1001 Posetano Rd","neighborhood":"Castellammare","status":"submitted","statusLabel":"Permit Submitted","permitType":"Bldg-New","submittedDate":"2025-10-11","issuedDate":null,"startDate":null,"completedDate":null,"estCompletionDate":"2027-09-30"}},{"type":"Feature","geometry":{"type":"Point","coordinates":[-118.558654,34.038028]},"properties":{"id":1467,"address":"1006 Posetano Rd","neighborhood":"Castellammare","status":"submitted","statusLabel":"Permit Submitted","permitType":"Bldg-New","submittedDate":"2025-11-12","issuedDate":null,"startDate":null,"completedDate":null,"estCompletionDate":"2027-06-22"}},{"type":"Feature","geometry":{"type":"Point","coordinates":[-118.558713,34.0383]},"properties":{"id":1468,"address":"1009 Posetano Rd","neighborhood":"Castellammare","status":"construction","statusLabel":"Under Construction","permitType":"Bldg-New","submittedDate":"2025-03-19","issuedDate":"2025-07-16","startDate":"2025-09-13","completedDate":null,"estCompletionDate":"2026-12-06"}},{"type":"Feature","geometry":{"type":"Point","coordinates":[-118.558568,34.038218]},"properties":{"id":1469,"address":"1014 Posetano Rd","neighborhood":"Castellammare","status":"construction","statusLabel":"Under Construction","permitType":"Bldg-New","submittedDate":"2025-07-08","issuedDate":"2025-10-17","startDate":"2025-12-16","completedDate":null,"estCompletionDate":"2027-02-23"}},{"type":"Feature","geometry":{"type":"Point","coordinates":[-118.558533,34.038374]},"properties":{"id":1470,"address":"1017 Posetano Rd","neighborhood":"Castellammare","status":"submitted","statusLabel":"Permit Submitted","permitType":"Bldg-New","submittedDate":"2026-04-19","issuedDate":null,"startDate":null,"completedDate":null,"estCompletionDate":"2028-03-30"}},{"type":"Feature","geometry":{"type":"Point","coordinates":[-118.558407,34.038316]},"properties":{"id":1471,"address":"1022 Posetano Rd","neighborhood":"Castellammare","status":"construction","statusLabel":"Under Construction","permitType":"Bldg-New","submittedDate":"2025-09-04","issuedDate":"2025-12-22","startDate":"2026-02-01","completedDate":null,"estCompletionDate":"2027-05-31"}},{"type":"Feature","geometry":{"type":"Point","coordinates":[-118.558281,34.038612]},"properties":{"id":1472,"address":"1025 Posetano Rd","neighborhood":"Castellammare","status":"construction","statusLabel":"Under Construction","permitType":"Bldg-New","submittedDate":"2025-06-16","issuedDate":"2025-09-19","startDate":"2025-11-19","completedDate":null,"estCompletionDate":"2027-03-27"}},{"type":"Feature","geometry":{"type":"Point","coordinates":[-118.558121,34.038444]},"properties":{"id":1473,"address":"1030 Posetano Rd","neighborhood":"Castellammare","status":"construction","statusLabel":"Under Construction","permitType":"Bldg-New","submittedDate":"2025-07-18","issuedDate":"2025-11-13","startDate":"2025-12-04","completedDate":null,"estCompletionDate":"2027-02-17"}},{"type":"Feature","geometry":{"type":"Point","coordinates":[-118.558093,34.03857]},"properties":{"id":1474,"address":"1033 Posetano Rd","neighborhood":"Castellammare","status":"submitted","statusLabel":"Permit Submitted","permitType":"Bldg-New","submittedDate":"2026-03-12","issuedDate":null,"startDate":null,"completedDate":null,"estCompletionDate":"2027-10-17"}},{"type":"Feature","geometry":{"type":"Point","coordinates":[-118.557837,34.038626]},"properties":{"id":1475,"address":"1038 Posetano Rd","neighborhood":"Castellammare","status":"construction","statusLabel":"Under Construction","permitType":"Bldg-New","submittedDate":"2025-08-17","issuedDate":"2025-11-20","startDate":"2026-01-09","completedDate":null,"estCompletionDate":"2026-12-10"}},{"type":"Feature","geometry":{"type":"Point","coordinates":[-118.557855,34.038866]},"properties":{"id":1476,"address":"1041 Posetano Rd","neighborhood":"Castellammare","status":"submitted","statusLabel":"Permit Submitted","permitType":"Bldg-New","submittedDate":"2026-06-02","issuedDate":null,"startDate":null,"completedDate":null,"estCompletionDate":"2028-06-13"}},{"type":"Feature","geometry":{"type":"Point","coordinates":[-118.557654,34.038764]},"properties":{"id":1477,"address":"1046 Posetano Rd","neighborhood":"Castellammare","status":"construction","statusLabel":"Under Construction","permitType":"Bldg-New","submittedDate":"2025-05-20","issuedDate":"2025-07-21","startDate":"2025-09-29","completedDate":null,"estCompletionDate":"2026-09-27"}},{"type":"Feature","geometry":{"type":"Point","coordinates":[-118.557611,34.038893]},"properties":{"id":1478,"address":"1049 Posetano Rd","neighborhood":"Castellammare","status":"issued","statusLabel":"Permit Issued","permitType":"Bldg-New","submittedDate":"2026-01-23","issuedDate":"2026-04-27","startDate":null,"completedDate":null,"estCompletionDate":"2027-12-16"}},{"type":"Feature","geometry":{"type":"Point","coordinates":[-118.55752,34.038741]},"properties":{"id":1479,"address":"1054 Posetano Rd","neighborhood":"Castellammare","status":"issued","statusLabel":"Permit Issued","permitType":"Bldg-New","submittedDate":"2025-12-08","issuedDate":"2026-03-16","startDate":null,"completedDate":null,"estCompletionDate":"2027-05-23"}},{"type":"Feature","geometry":{"type":"Point","coordinates":[-118.557461,34.039114]},"properties":{"id":1480,"address":"1057 Posetano Rd","neighborhood":"Castellammare","status":"submitted","statusLabel":"Permit Submitted","permitType":"Bldg-New","submittedDate":"2026-01-26","issuedDate":null,"startDate":null,"completedDate":null,"estCompletionDate":"2027-12-26"}},{"type":"Feature","geometry":{"type":"Point","coordinates":[-118.557212,34.038991]},"properties":{"id":1481,"address":"1062 Posetano Rd","neighborhood":"Castellammare","status":"submitted","statusLabel":"Permit Submitted","permitType":"Bldg-New","submittedDate":"2025-09-20","issuedDate":null,"startDate":null,"completedDate":null,"estCompletionDate":"2027-08-17"}},{"type":"Feature","geometry":{"type":"Point","coordinates":[-118.557336,34.039151]},"properties":{"id":1482,"address":"1065 Posetano Rd","neighborhood":"Castellammare","status":"construction","statusLabel":"Under Construction","permitType":"Bldg-New","submittedDate":"2025-12-13","issuedDate":"2026-03-12","startDate":"2026-06-08","completedDate":null,"estCompletionDate":"2027-08-25"}},{"type":"Feature","geometry":{"type":"Point","coordinates":[-118.557154,34.039246]},"properties":{"id":1483,"address":"1070 Posetano Rd","neighborhood":"Castellammare","status":"construction","statusLabel":"Under Construction","permitType":"Bldg-New","submittedDate":"2025-09-11","issuedDate":"2025-12-04","startDate":"2026-02-12","completedDate":null,"estCompletionDate":"2027-06-26"}},{"type":"Feature","geometry":{"type":"Point","coordinates":[-118.557206,34.039403]},"properties":{"id":1484,"address":"1073 Posetano Rd","neighborhood":"Castellammare","status":"submitted","statusLabel":"Permit Submitted","permitType":"Bldg-New","submittedDate":"2025-12-26","issuedDate":null,"startDate":null,"completedDate":null,"estCompletionDate":"2027-08-09"}},{"type":"Feature","geometry":{"type":"Point","coordinates":[-118.556704,34.039123]},"properties":{"id":1485,"address":"1078 Posetano Rd","neighborhood":"Castellammare","status":"construction","statusLabel":"Under Construction","permitType":"Bldg-New","submittedDate":"2025-05-06","issuedDate":"2025-07-16","startDate":"2025-10-05","completedDate":null,"estCompletionDate":"2026-12-23"}},{"type":"Feature","geometry":{"type":"Point","coordinates":[-118.556856,34.039499]},"properties":{"id":1486,"address":"1081 Posetano Rd","neighborhood":"Castellammare","status":"submitted","statusLabel":"Permit Submitted","permitType":"Bldg-New","submittedDate":"2026-05-27","issuedDate":null,"startDate":null,"completedDate":null,"estCompletionDate":"2028-03-17"}},{"type":"Feature","geometry":{"type":"Point","coordinates":[-118.556524,34.039388]},"properties":{"id":1487,"address":"1086 Posetano Rd","neighborhood":"Castellammare","status":"issued","statusLabel":"Permit Issued","permitType":"Bldg-New","submittedDate":"2025-12-22","issuedDate":"2026-03-13","startDate":null,"completedDate":null,"estCompletionDate":"2027-11-05"}},{"type":"Feature","geometry":{"type":"Point","coordinates":[-118.556764,34.03955]},"properties":{"id":1488,"address":"1089 Posetano Rd","neighborhood":"Castellammare","status":"submitted","statusLabel":"Permit Submitted","permitType":"Bldg-New","submittedDate":"2026-04-25","issuedDate":null,"startDate":null,"completedDate":null,"estCompletionDate":"2028-04-11"}},{"type":"Feature","geometry":{"type":"Point","coordinates":[-118.556541,34.039587]},"properties":{"id":1489,"address":"1094 Posetano Rd","neighborhood":"Castellammare","status":"submitted","statusLabel":"Permit Submitted","permitType":"Bldg-New","submittedDate":"2025-09-07","issuedDate":null,"startDate":null,"completedDate":null,"estCompletionDate":"2027-08-17"}},{"type":"Feature","geometry":{"type":"Point","coordinates":[-118.55678,34.038414]},"properties":{"id":1490,"address":"801 Tramonto Dr","neighborhood":"Castellammare","status":"submitted","statusLabel":"Permit Submitted","permitType":"Bldg-New","submittedDate":"2026-05-12","issuedDate":null,"startDate":null,"completedDate":null,"estCompletionDate":"2028-01-11"}},{"type":"Feature","geometry":{"type":"Point","coordinates":[-118.5563,34.03822]},"properties":{"id":1491,"address":"806 Tramonto Dr","neighborhood":"Castellammare","status":"issued","statusLabel":"Permit Issued","permitType":"Bldg-New","submittedDate":"2026-02-03","issuedDate":"2026-06-18","startDate":null,"completedDate":null,"estCompletionDate":"2027-10-30"}},{"type":"Feature","geometry":{"type":"Point","coordinates":[-118.556554,34.03843]},"properties":{"id":1492,"address":"809 Tramonto Dr","neighborhood":"Castellammare","status":"issued","statusLabel":"Permit Issued","permitType":"Bldg-New","submittedDate":"2025-06-12","issuedDate":"2025-09-10","startDate":null,"completedDate":null,"estCompletionDate":"2027-01-10"}},{"type":"Feature","geometry":{"type":"Point","coordinates":[-118.556226,34.038164]},"properties":{"id":1493,"address":"814 Tramonto Dr","neighborhood":"Castellammare","status":"issued","statusLabel":"Permit Issued","permitType":"Bldg-New","submittedDate":"2026-03-02","issuedDate":"2026-06-30","startDate":null,"completedDate":null,"estCompletionDate":"2028-02-13"}},{"type":"Feature","geometry":{"type":"Point","coordinates":[-118.556345,34.038386]},"properties":{"id":1494,"address":"817 Tramonto Dr","neighborhood":"Castellammare","status":"construction","statusLabel":"Under Construction","permitType":"Bldg-New","submittedDate":"2025-03-31","issuedDate":"2025-05-26","startDate":"2025-06-30","completedDate":null,"estCompletionDate":"2026-11-11"}},{"type":"Feature","geometry":{"type":"Point","coordinates":[-118.555948,34.038267]},"properties":{"id":1495,"address":"822 Tramonto Dr","neighborhood":"Castellammare","status":"construction","statusLabel":"Under Construction","permitType":"Bldg-New","submittedDate":"2025-03-16","issuedDate":"2025-07-14","startDate":"2025-09-08","completedDate":null,"estCompletionDate":"2026-08-17"}},{"type":"Feature","geometry":{"type":"Point","coordinates":[-118.556178,34.038455]},"properties":{"id":1496,"address":"825 Tramonto Dr","neighborhood":"Castellammare","status":"issued","statusLabel":"Permit Issued","permitType":"Bldg-New","submittedDate":"2026-04-04","issuedDate":"2026-05-25","startDate":null,"completedDate":null,"estCompletionDate":"2027-09-22"}},{"type":"Feature","geometry":{"type":"Point","coordinates":[-118.555872,34.038507]},"properties":{"id":1497,"address":"830 Tramonto Dr","neighborhood":"Castellammare","status":"construction","statusLabel":"Under Construction","permitType":"Bldg-New","submittedDate":"2025-10-18","issuedDate":"2026-01-23","startDate":"2026-04-15","completedDate":null,"estCompletionDate":"2027-06-17"}},{"type":"Feature","geometry":{"type":"Point","coordinates":[-118.556022,34.038734]},"properties":{"id":1498,"address":"833 Tramonto Dr","neighborhood":"Castellammare","status":"construction","statusLabel":"Under Construction","permitType":"Bldg-New","submittedDate":"2025-08-14","issuedDate":"2025-11-30","startDate":"2026-02-11","completedDate":null,"estCompletionDate":"2027-03-01"}},{"type":"Feature","geometry":{"type":"Point","coordinates":[-118.555653,34.038548]},"properties":{"id":1499,"address":"838 Tramonto Dr","neighborhood":"Castellammare","status":"construction","statusLabel":"Under Construction","permitType":"Bldg-New","submittedDate":"2025-08-31","issuedDate":"2025-11-17","startDate":"2026-01-15","completedDate":null,"estCompletionDate":"2027-01-25"}},{"type":"Feature","geometry":{"type":"Point","coordinates":[-118.555701,34.038626]},"properties":{"id":1500,"address":"841 Tramonto Dr","neighborhood":"Castellammare","status":"construction","statusLabel":"Under Construction","permitType":"Bldg-New","submittedDate":"2025-08-30","issuedDate":"2025-11-06","startDate":"2026-01-29","completedDate":null,"estCompletionDate":"2027-03-23"}},{"type":"Feature","geometry":{"type":"Point","coordinates":[-118.555644,34.038689]},"properties":{"id":1501,"address":"846 Tramonto Dr","neighborhood":"Castellammare","status":"submitted","statusLabel":"Permit Submitted","permitType":"Bldg-New","submittedDate":"2026-04-24","issuedDate":null,"startDate":null,"completedDate":null,"estCompletionDate":"2027-11-05"}},{"type":"Feature","geometry":{"type":"Point","coordinates":[-118.555709,34.03881]},"properties":{"id":1502,"address":"849 Tramonto Dr","neighborhood":"Castellammare","status":"construction","statusLabel":"Under Construction","permitType":"Bldg-New","submittedDate":"2025-11-16","issuedDate":"2026-01-06","startDate":"2026-01-24","completedDate":null,"estCompletionDate":"2027-01-02"}},{"type":"Feature","geometry":{"type":"Point","coordinates":[-118.555282,34.038793]},"properties":{"id":1503,"address":"854 Tramonto Dr","neighborhood":"Castellammare","status":"construction","statusLabel":"Under Construction","permitType":"Bldg-New","submittedDate":"2025-08-20","issuedDate":"2025-11-30","startDate":"2026-01-19","completedDate":null,"estCompletionDate":"2027-05-17"}},{"type":"Feature","geometry":{"type":"Point","coordinates":[-118.555543,34.039022]},"properties":{"id":1504,"address":"857 Tramonto Dr","neighborhood":"Castellammare","status":"submitted","statusLabel":"Permit Submitted","permitType":"Bldg-New","submittedDate":"2026-01-23","issuedDate":null,"startDate":null,"completedDate":null,"estCompletionDate":"2027-09-28"}},{"type":"Feature","geometry":{"type":"Point","coordinates":[-118.555288,34.038818]},"properties":{"id":1505,"address":"862 Tramonto Dr","neighborhood":"Castellammare","status":"construction","statusLabel":"Under Construction","permitType":"Bldg-New","submittedDate":"2025-03-25","issuedDate":"2025-06-16","startDate":"2025-07-25","completedDate":null,"estCompletionDate":"2026-07-19"}},{"type":"Feature","geometry":{"type":"Point","coordinates":[-118.555288,34.039117]},"properties":{"id":1506,"address":"865 Tramonto Dr","neighborhood":"Castellammare","status":"construction","statusLabel":"Under Construction","permitType":"Bldg-New","submittedDate":"2025-09-23","issuedDate":"2025-12-20","startDate":"2026-02-20","completedDate":null,"estCompletionDate":"2027-05-04"}},{"type":"Feature","geometry":{"type":"Point","coordinates":[-118.555041,34.038774]},"properties":{"id":1507,"address":"870 Tramonto Dr","neighborhood":"Castellammare","status":"construction","statusLabel":"Under Construction","permitType":"Bldg-New","submittedDate":"2025-04-06","issuedDate":"2025-07-12","startDate":"2025-08-25","completedDate":null,"estCompletionDate":"2026-08-19"}},{"type":"Feature","geometry":{"type":"Point","coordinates":[-118.555094,34.039163]},"properties":{"id":1508,"address":"873 Tramonto Dr","neighborhood":"Castellammare","status":"construction","statusLabel":"Under Construction","permitType":"Bldg-New","submittedDate":"2025-09-04","issuedDate":"2025-12-24","startDate":"2026-01-14","completedDate":null,"estCompletionDate":"2027-05-11"}},{"type":"Feature","geometry":{"type":"Point","coordinates":[-118.554789,34.038864]},"properties":{"id":1509,"address":"878 Tramonto Dr","neighborhood":"Castellammare","status":"issued","statusLabel":"Permit Issued","permitType":"Bldg-New","submittedDate":"2025-10-25","issuedDate":"2026-03-05","startDate":null,"completedDate":null,"estCompletionDate":"2027-06-08"}},{"type":"Feature","geometry":{"type":"Point","coordinates":[-118.555056,34.039184]},"properties":{"id":1510,"address":"881 Tramonto Dr","neighborhood":"Castellammare","status":"construction","statusLabel":"Under Construction","permitType":"Bldg-New","submittedDate":"2026-01-18","issuedDate":"2026-05-25","startDate":"2026-06-14","completedDate":null,"estCompletionDate":"2027-07-10"}},{"type":"Feature","geometry":{"type":"Point","coordinates":[-118.554683,34.039094]},"properties":{"id":1511,"address":"886 Tramonto Dr","neighborhood":"Castellammare","status":"submitted","statusLabel":"Permit Submitted","permitType":"Bldg-New","submittedDate":"2025-12-01","issuedDate":null,"startDate":null,"completedDate":null,"estCompletionDate":"2027-08-16"}},{"type":"Feature","geometry":{"type":"Point","coordinates":[-118.554811,34.039219]},"properties":{"id":1512,"address":"889 Tramonto Dr","neighborhood":"Castellammare","status":"construction","statusLabel":"Under Construction","permitType":"Bldg-New","submittedDate":"2025-04-02","issuedDate":"2025-06-14","startDate":"2025-07-16","completedDate":null,"estCompletionDate":"2026-07-02"}},{"type":"Feature","geometry":{"type":"Point","coordinates":[-118.554684,34.039158]},"properties":{"id":1513,"address":"894 Tramonto Dr","neighborhood":"Castellammare","status":"construction","statusLabel":"Under Construction","permitType":"Bldg-New","submittedDate":"2025-04-13","issuedDate":"2025-06-22","startDate":"2025-07-25","completedDate":null,"estCompletionDate":"2026-07-28"}},{"type":"Feature","geometry":{"type":"Point","coordinates":[-118.553844,34.038213]},"properties":{"id":1514,"address":"1801 Breve Way","neighborhood":"Castellammare","status":"construction","statusLabel":"Under Construction","permitType":"Bldg-New","submittedDate":"2025-12-08","issuedDate":"2026-04-12","startDate":"2026-04-29","completedDate":null,"estCompletionDate":"2027-07-27"}},{"type":"Feature","geometry":{"type":"Point","coordinates":[-118.553552,34.038048]},"properties":{"id":1515,"address":"1806 Breve Way","neighborhood":"Castellammare","status":"completed","statusLabel":"Completed (C of O)","permitType":"Bldg-New","submittedDate":"2025-02-01","issuedDate":"2025-03-19","startDate":"2025-05-01","completedDate":"2026-03-14","estCompletionDate":"2026-03-14"}},{"type":"Feature","geometry":{"type":"Point","coordinates":[-118.553578,34.038325]},"properties":{"id":1516,"address":"1809 Breve Way","neighborhood":"Castellammare","status":"construction","statusLabel":"Under Construction","permitType":"Bldg-New","submittedDate":"2025-11-01","issuedDate":"2026-02-07","startDate":"2026-04-05","completedDate":null,"estCompletionDate":"2027-08-18"}},{"type":"Feature","geometry":{"type":"Point","coordinates":[-118.553253,34.038456]},"properties":{"id":1517,"address":"1814 Breve Way","neighborhood":"Castellammare","status":"construction","statusLabel":"Under Construction","permitType":"Bldg-New","submittedDate":"2025-12-16","issuedDate":"2026-03-21","startDate":"2026-05-30","completedDate":null,"estCompletionDate":"2027-05-11"}},{"type":"Feature","geometry":{"type":"Point","coordinates":[-118.553353,34.038655]},"properties":{"id":1518,"address":"1817 Breve Way","neighborhood":"Castellammare","status":"submitted","statusLabel":"Permit Submitted","permitType":"Bldg-New","submittedDate":"2025-09-08","issuedDate":null,"startDate":null,"completedDate":null,"estCompletionDate":"2027-06-03"}},{"type":"Feature","geometry":{"type":"Point","coordinates":[-118.553114,34.038631]},"properties":{"id":1519,"address":"1822 Breve Way","neighborhood":"Castellammare","status":"submitted","statusLabel":"Permit Submitted","permitType":"Bldg-New","submittedDate":"2025-10-16","issuedDate":null,"startDate":null,"completedDate":null,"estCompletionDate":"2027-05-07"}},{"type":"Feature","geometry":{"type":"Point","coordinates":[-118.553086,34.038802]},"properties":{"id":1520,"address":"1825 Breve Way","neighborhood":"Castellammare","status":"submitted","statusLabel":"Permit Submitted","permitType":"Bldg-New","submittedDate":"2025-12-24","issuedDate":null,"startDate":null,"completedDate":null,"estCompletionDate":"2027-09-12"}},{"type":"Feature","geometry":{"type":"Point","coordinates":[-118.552864,34.038809]},"properties":{"id":1521,"address":"1830 Breve Way","neighborhood":"Castellammare","status":"construction","statusLabel":"Under Construction","permitType":"Bldg-New","submittedDate":"2026-01-04","issuedDate":"2026-04-28","startDate":"2026-06-16","completedDate":null,"estCompletionDate":"2027-06-25"}},{"type":"Feature","geometry":{"type":"Point","coordinates":[-118.552913,34.039086]},"properties":{"id":1522,"address":"1833 Breve Way","neighborhood":"Castellammare","status":"construction","statusLabel":"Under Construction","permitType":"Bldg-New","submittedDate":"2025-11-29","issuedDate":"2026-01-25","startDate":"2026-02-10","completedDate":null,"estCompletionDate":"2027-02-14"}},{"type":"Feature","geometry":{"type":"Point","coordinates":[-118.55254,34.038895]},"properties":{"id":1523,"address":"1838 Breve Way","neighborhood":"Castellammare","status":"construction","statusLabel":"Under Construction","permitType":"Bldg-New","submittedDate":"2026-01-02","issuedDate":"2026-04-26","startDate":"2026-06-14","completedDate":null,"estCompletionDate":"2027-07-08"}},{"type":"Feature","geometry":{"type":"Point","coordinates":[-118.552515,34.039295]},"properties":{"id":1524,"address":"1841 Breve Way","neighborhood":"Castellammare","status":"construction","statusLabel":"Under Construction","permitType":"Bldg-New","submittedDate":"2025-03-08","issuedDate":"2025-06-18","startDate":"2025-08-05","completedDate":null,"estCompletionDate":"2026-10-19"}},{"type":"Feature","geometry":{"type":"Point","coordinates":[-118.552415,34.039075]},"properties":{"id":1525,"address":"1846 Breve Way","neighborhood":"Castellammare","status":"construction","statusLabel":"Under Construction","permitType":"Bldg-New","submittedDate":"2025-03-20","issuedDate":"2025-06-11","startDate":"2025-07-11","completedDate":null,"estCompletionDate":"2026-09-30"}},{"type":"Feature","geometry":{"type":"Point","coordinates":[-118.552307,34.039513]},"properties":{"id":1526,"address":"1849 Breve Way","neighborhood":"Castellammare","status":"submitted","statusLabel":"Permit Submitted","permitType":"Bldg-New","submittedDate":"2026-02-24","issuedDate":null,"startDate":null,"completedDate":null,"estCompletionDate":"2027-10-10"}},{"type":"Feature","geometry":{"type":"Point","coordinates":[-118.552,34.039288]},"properties":{"id":1527,"address":"1854 Breve Way","neighborhood":"Castellammare","status":"construction","statusLabel":"Under Construction","permitType":"Bldg-New","submittedDate":"2025-05-12","issuedDate":"2025-09-01","startDate":"2025-10-05","completedDate":null,"estCompletionDate":"2027-01-01"}},{"type":"Feature","geometry":{"type":"Point","coordinates":[-118.552072,34.039549]},"properties":{"id":1528,"address":"1857 Breve Way","neighborhood":"Castellammare","status":"construction","statusLabel":"Under Construction","permitType":"Bldg-New","submittedDate":"2025-11-28","issuedDate":"2026-01-12","startDate":"2026-03-25","completedDate":null,"estCompletionDate":"2027-02-27"}},{"type":"Feature","geometry":{"type":"Point","coordinates":[-118.552,34.039523]},"properties":{"id":1529,"address":"1862 Breve Way","neighborhood":"Castellammare","status":"construction","statusLabel":"Under Construction","permitType":"Bldg-New","submittedDate":"2025-07-11","issuedDate":"2025-11-04","startDate":"2025-11-20","completedDate":null,"estCompletionDate":"2026-12-02"}},{"type":"Feature","geometry":{"type":"Point","coordinates":[-118.552,34.039767]},"properties":{"id":1530,"address":"1865 Breve Way","neighborhood":"Castellammare","status":"construction","statusLabel":"Under Construction","permitType":"Bldg-New","submittedDate":"2025-06-24","issuedDate":"2025-09-21","startDate":"2025-11-22","completedDate":null,"estCompletionDate":"2026-10-24"}},{"type":"Feature","geometry":{"type":"Point","coordinates":[-118.552,34.039775]},"properties":{"id":1531,"address":"1870 Breve Way","neighborhood":"Castellammare","status":"construction","statusLabel":"Under Construction","permitType":"Bldg-New","submittedDate":"2025-08-10","issuedDate":"2025-11-03","startDate":"2026-01-02","completedDate":null,"estCompletionDate":"2027-02-21"}},{"type":"Feature","geometry":{"type":"Point","coordinates":[-118.552,34.040019]},"properties":{"id":1532,"address":"1873 Breve Way","neighborhood":"Castellammare","status":"issued","statusLabel":"Permit Issued","permitType":"Bldg-New","submittedDate":"2025-12-17","issuedDate":"2026-03-30","startDate":null,"completedDate":null,"estCompletionDate":"2027-12-03"}},{"type":"Feature","geometry":{"type":"Point","coordinates":[-118.552,34.039816]},"properties":{"id":1533,"address":"1878 Breve Way","neighborhood":"Castellammare","status":"submitted","statusLabel":"Permit Submitted","permitType":"Bldg-New","submittedDate":"2025-09-14","issuedDate":null,"startDate":null,"completedDate":null,"estCompletionDate":"2027-08-07"}},{"type":"Feature","geometry":{"type":"Point","coordinates":[-118.552,34.040108]},"properties":{"id":1534,"address":"1881 Breve Way","neighborhood":"Castellammare","status":"construction","statusLabel":"Under Construction","permitType":"Bldg-New","submittedDate":"2025-11-15","issuedDate":"2026-01-09","startDate":"2026-03-24","completedDate":null,"estCompletionDate":"2027-06-29"}},{"type":"Feature","geometry":{"type":"Point","coordinates":[-118.552,34.040019]},"properties":{"id":1535,"address":"1886 Breve Way","neighborhood":"Castellammare","status":"construction","statusLabel":"Under Construction","permitType":"Bldg-New","submittedDate":"2025-03-18","issuedDate":"2025-07-06","startDate":"2025-08-16","completedDate":null,"estCompletionDate":"2026-10-14"}},{"type":"Feature","geometry":{"type":"Point","coordinates":[-118.552,34.040394]},"properties":{"id":1536,"address":"1889 Breve Way","neighborhood":"Castellammare","status":"construction","statusLabel":"Under Construction","permitType":"Bldg-New","submittedDate":"2025-12-06","issuedDate":"2026-02-08","startDate":"2026-04-18","completedDate":null,"estCompletionDate":"2027-05-25"}},{"type":"Feature","geometry":{"type":"Point","coordinates":[-118.552,34.040292]},"properties":{"id":1537,"address":"1894 Breve Way","neighborhood":"Castellammare","status":"construction","statusLabel":"Under Construction","permitType":"Bldg-New","submittedDate":"2025-10-14","issuedDate":"2025-12-24","startDate":"2026-02-24","completedDate":null,"estCompletionDate":"2027-06-25"}},{"type":"Feature","geometry":{"type":"Point","coordinates":[-118.559075,34.040208]},"properties":{"id":1538,"address":"1801 Revello Dr","neighborhood":"Castellammare","status":"construction","statusLabel":"Under Construction","permitType":"Bldg-New","submittedDate":"2025-11-04","issuedDate":"2025-12-24","startDate":"2026-01-18","completedDate":null,"estCompletionDate":"2026-12-21"}},{"type":"Feature","geometry":{"type":"Point","coordinates":[-118.558828,34.040125]},"properties":{"id":1539,"address":"1806 Revello Dr","neighborhood":"Castellammare","status":"construction","statusLabel":"Under Construction","permitType":"Bldg-New","submittedDate":"2025-05-29","issuedDate":"2025-09-19","startDate":"2025-11-05","completedDate":null,"estCompletionDate":"2026-11-28"}},{"type":"Feature","geometry":{"type":"Point","coordinates":[-118.55886,34.04048]},"properties":{"id":1540,"address":"1809 Revello Dr","neighborhood":"Castellammare","status":"construction","statusLabel":"Under Construction","permitType":"Bldg-New","submittedDate":"2025-06-28","issuedDate":"2025-09-19","startDate":"2025-12-03","completedDate":null,"estCompletionDate":"2027-02-26"}},{"type":"Feature","geometry":{"type":"Point","coordinates":[-118.558619,34.040433]},"properties":{"id":1541,"address":"1814 Revello Dr","neighborhood":"Castellammare","status":"submitted","statusLabel":"Permit Submitted","permitType":"Bldg-New","submittedDate":"2025-10-31","issuedDate":null,"startDate":null,"completedDate":null,"estCompletionDate":"2027-09-30"}},{"type":"Feature","geometry":{"type":"Point","coordinates":[-118.558605,34.040532]},"properties":{"id":1542,"address":"1817 Revello Dr","neighborhood":"Castellammare","status":"construction","statusLabel":"Under Construction","permitType":"Bldg-New","submittedDate":"2025-03-18","issuedDate":"2025-06-07","startDate":"2025-08-04","completedDate":null,"estCompletionDate":"2026-06-30"}},{"type":"Feature","geometry":{"type":"Point","coordinates":[-118.558382,34.040453]},"properties":{"id":1543,"address":"1822 Revello Dr","neighborhood":"Castellammare","status":"construction","statusLabel":"Under Construction","permitType":"Bldg-New","submittedDate":"2025-04-01","issuedDate":"2025-06-29","startDate":"2025-08-20","completedDate":null,"estCompletionDate":"2026-08-07"}},{"type":"Feature","geometry":{"type":"Point","coordinates":[-118.558512,34.040769]},"properties":{"id":1544,"address":"1825 Revello Dr","neighborhood":"Castellammare","status":"construction","statusLabel":"Under Construction","permitType":"Bldg-New","submittedDate":"2025-04-30","issuedDate":"2025-06-15","startDate":"2025-08-05","completedDate":null,"estCompletionDate":"2026-11-29"}},{"type":"Feature","geometry":{"type":"Point","coordinates":[-118.558239,34.04061]},"properties":{"id":1545,"address":"1830 Revello Dr","neighborhood":"Castellammare","status":"construction","statusLabel":"Under Construction","permitType":"Bldg-New","submittedDate":"2025-10-17","issuedDate":"2026-01-08","startDate":"2026-02-04","completedDate":null,"estCompletionDate":"2027-05-23"}},{"type":"Feature","geometry":{"type":"Point","coordinates":[-118.558163,34.040879]},"properties":{"id":1546,"address":"1833 Revello Dr","neighborhood":"Castellammare","status":"submitted","statusLabel":"Permit Submitted","permitType":"Bldg-New","submittedDate":"2025-12-23","issuedDate":null,"startDate":null,"completedDate":null,"estCompletionDate":"2027-08-01"}},{"type":"Feature","geometry":{"type":"Point","coordinates":[-118.557922,34.040856]},"properties":{"id":1547,"address":"1838 Revello Dr","neighborhood":"Castellammare","status":"construction","statusLabel":"Under Construction","permitType":"Bldg-New","submittedDate":"2025-10-30","issuedDate":"2025-12-27","startDate":"2026-03-20","completedDate":null,"estCompletionDate":"2027-04-27"}},{"type":"Feature","geometry":{"type":"Point","coordinates":[-118.557988,34.041123]},"properties":{"id":1548,"address":"1841 Revello Dr","neighborhood":"Castellammare","status":"submitted","statusLabel":"Permit Submitted","permitType":"Bldg-New","submittedDate":"2025-11-27","issuedDate":null,"startDate":null,"completedDate":null,"estCompletionDate":"2027-07-08"}},{"type":"Feature","geometry":{"type":"Point","coordinates":[-118.557697,34.040994]},"properties":{"id":1549,"address":"1846 Revello Dr","neighborhood":"Castellammare","status":"submitted","statusLabel":"Permit Submitted","permitType":"Bldg-New","submittedDate":"2025-12-31","issuedDate":null,"startDate":null,"completedDate":null,"estCompletionDate":"2027-12-27"}},{"type":"Feature","geometry":{"type":"Point","coordinates":[-118.557722,34.041173]},"properties":{"id":1550,"address":"1849 Revello Dr","neighborhood":"Castellammare","status":"construction","statusLabel":"Under Construction","permitType":"Bldg-New","submittedDate":"2025-10-03","issuedDate":"2025-12-16","startDate":"2026-03-10","completedDate":null,"estCompletionDate":"2027-03-28"}},{"type":"Feature","geometry":{"type":"Point","coordinates":[-118.557568,34.041085]},"properties":{"id":1551,"address":"1854 Revello Dr","neighborhood":"Castellammare","status":"submitted","statusLabel":"Permit Submitted","permitType":"Bldg-New","submittedDate":"2026-03-29","issuedDate":null,"startDate":null,"completedDate":null,"estCompletionDate":"2028-02-07"}},{"type":"Feature","geometry":{"type":"Point","coordinates":[-118.5575,34.041354]},"properties":{"id":1552,"address":"1857 Revello Dr","neighborhood":"Castellammare","status":"submitted","statusLabel":"Permit Submitted","permitType":"Bldg-New","submittedDate":"2025-10-12","issuedDate":null,"startDate":null,"completedDate":null,"estCompletionDate":"2027-08-02"}},{"type":"Feature","geometry":{"type":"Point","coordinates":[-118.557344,34.041245]},"properties":{"id":1553,"address":"1862 Revello Dr","neighborhood":"Castellammare","status":"submitted","statusLabel":"Permit Submitted","permitType":"Bldg-New","submittedDate":"2026-04-04","issuedDate":null,"startDate":null,"completedDate":null,"estCompletionDate":"2028-01-07"}},{"type":"Feature","geometry":{"type":"Point","coordinates":[-118.557412,34.041675]},"properties":{"id":1554,"address":"1865 Revello Dr","neighborhood":"Castellammare","status":"issued","statusLabel":"Permit Issued","permitType":"Bldg-New","submittedDate":"2025-09-10","issuedDate":"2025-11-14","startDate":null,"completedDate":null,"estCompletionDate":"2027-06-28"}},{"type":"Feature","geometry":{"type":"Point","coordinates":[-118.557205,34.041455]},"properties":{"id":1555,"address":"1870 Revello Dr","neighborhood":"Castellammare","status":"construction","statusLabel":"Under Construction","permitType":"Bldg-New","submittedDate":"2025-04-21","issuedDate":"2025-08-29","startDate":"2025-10-19","completedDate":null,"estCompletionDate":"2027-02-01"}},{"type":"Feature","geometry":{"type":"Point","coordinates":[-118.557163,34.041761]},"properties":{"id":1556,"address":"1873 Revello Dr","neighborhood":"Castellammare","status":"construction","statusLabel":"Under Construction","permitType":"Bldg-New","submittedDate":"2025-11-09","issuedDate":"2026-01-30","startDate":"2026-04-22","completedDate":null,"estCompletionDate":"2027-09-01"}},{"type":"Feature","geometry":{"type":"Point","coordinates":[-118.55684,34.041672]},"properties":{"id":1557,"address":"1878 Revello Dr","neighborhood":"Castellammare","status":"issued","statusLabel":"Permit Issued","permitType":"Bldg-New","submittedDate":"2025-11-08","issuedDate":"2026-01-23","startDate":null,"completedDate":null,"estCompletionDate":"2027-05-18"}},{"type":"Feature","geometry":{"type":"Point","coordinates":[-118.556998,34.041935]},"properties":{"id":1558,"address":"1881 Revello Dr","neighborhood":"Castellammare","status":"construction","statusLabel":"Under Construction","permitType":"Bldg-New","submittedDate":"2025-04-23","issuedDate":"2025-07-06","startDate":"2025-07-24","completedDate":null,"estCompletionDate":"2026-07-25"}},{"type":"Feature","geometry":{"type":"Point","coordinates":[-118.556684,34.041878]},"properties":{"id":1559,"address":"1886 Revello Dr","neighborhood":"Castellammare","status":"submitted","statusLabel":"Permit Submitted","permitType":"Bldg-New","submittedDate":"2025-12-24","issuedDate":null,"startDate":null,"completedDate":null,"estCompletionDate":"2027-07-28"}},{"type":"Feature","geometry":{"type":"Point","coordinates":[-118.556826,34.041932]},"properties":{"id":1560,"address":"1889 Revello Dr","neighborhood":"Castellammare","status":"construction","statusLabel":"Under Construction","permitType":"Bldg-New","submittedDate":"2025-10-24","issuedDate":"2026-02-28","startDate":"2026-03-18","completedDate":null,"estCompletionDate":"2027-02-23"}},{"type":"Feature","geometry":{"type":"Point","coordinates":[-118.556583,34.041956]},"properties":{"id":1561,"address":"1894 Revello Dr","neighborhood":"Castellammare","status":"construction","statusLabel":"Under Construction","permitType":"Bldg-New","submittedDate":"2025-09-11","issuedDate":"2025-10-28","startDate":"2026-01-10","completedDate":null,"estCompletionDate":"2027-04-28"}},{"type":"Feature","geometry":{"type":"Point","coordinates":[-118.556601,34.040297]},"properties":{"id":1562,"address":"1701 Porto Marina Way","neighborhood":"Castellammare","status":"construction","statusLabel":"Under Construction","permitType":"Bldg-New","submittedDate":"2025-09-17","issuedDate":"2025-12-13","startDate":"2025-12-30","completedDate":null,"estCompletionDate":"2027-02-21"}},{"type":"Feature","geometry":{"type":"Point","coordinates":[-118.556226,34.039987]},"properties":{"id":1563,"address":"1706 Porto Marina Way","neighborhood":"Castellammare","status":"construction","statusLabel":"Under Construction","permitType":"Bldg-New","submittedDate":"2025-12-01","issuedDate":"2026-03-14","startDate":"2026-06-03","completedDate":null,"estCompletionDate":"2027-06-23"}},{"type":"Feature","geometry":{"type":"Point","coordinates":[-118.556343,34.040233]},"properties":{"id":1564,"address":"1709 Porto Marina Way","neighborhood":"Castellammare","status":"issued","statusLabel":"Permit Issued","permitType":"Bldg-New","submittedDate":"2025-08-16","issuedDate":"2025-10-12","startDate":null,"completedDate":null,"estCompletionDate":"2027-05-09"}},{"type":"Feature","geometry":{"type":"Point","coordinates":[-118.556049,34.04006]},"properties":{"id":1565,"address":"1714 Porto Marina Way","neighborhood":"Castellammare","status":"issued","statusLabel":"Permit Issued","permitType":"Bldg-New","submittedDate":"2026-02-28","issuedDate":"2026-07-15","startDate":null,"completedDate":null,"estCompletionDate":"2027-11-19"}},{"type":"Feature","geometry":{"type":"Point","coordinates":[-118.556216,34.040499]},"properties":{"id":1566,"address":"1717 Porto Marina Way","neighborhood":"Castellammare","status":"issued","statusLabel":"Permit Issued","permitType":"Bldg-New","submittedDate":"2025-06-13","issuedDate":"2025-09-25","startDate":null,"completedDate":null,"estCompletionDate":"2027-04-15"}},{"type":"Feature","geometry":{"type":"Point","coordinates":[-118.556026,34.040384]},"properties":{"id":1567,"address":"1722 Porto Marina Way","neighborhood":"Castellammare","status":"construction","statusLabel":"Under Construction","permitType":"Bldg-New","submittedDate":"2025-05-25","issuedDate":"2025-08-24","startDate":"2025-09-25","completedDate":null,"estCompletionDate":"2026-10-02"}},{"type":"Feature","geometry":{"type":"Point","coordinates":[-118.55606,34.040521]},"properties":{"id":1568,"address":"1725 Porto Marina Way","neighborhood":"Castellammare","status":"construction","statusLabel":"Under Construction","permitType":"Bldg-New","submittedDate":"2025-04-01","issuedDate":"2025-06-17","startDate":"2025-09-04","completedDate":null,"estCompletionDate":"2027-01-06"}},{"type":"Feature","geometry":{"type":"Point","coordinates":[-118.555823,34.040328]},"properties":{"id":1569,"address":"1730 Porto Marina Way","neighborhood":"Castellammare","status":"submitted","statusLabel":"Permit Submitted","permitType":"Bldg-New","submittedDate":"2026-05-27","issuedDate":null,"startDate":null,"completedDate":null,"estCompletionDate":"2028-03-20"}},{"type":"Feature","geometry":{"type":"Point","coordinates":[-118.555897,34.040439]},"properties":{"id":1570,"address":"1733 Porto Marina Way","neighborhood":"Castellammare","status":"construction","statusLabel":"Under Construction","permitType":"Bldg-New","submittedDate":"2025-11-02","issuedDate":"2026-01-01","startDate":"2026-02-07","completedDate":null,"estCompletionDate":"2027-06-20"}},{"type":"Feature","geometry":{"type":"Point","coordinates":[-118.555683,34.040528]},"properties":{"id":1571,"address":"1738 Porto Marina Way","neighborhood":"Castellammare","status":"construction","statusLabel":"Under Construction","permitType":"Bldg-New","submittedDate":"2025-05-03","issuedDate":"2025-07-19","startDate":"2025-09-17","completedDate":null,"estCompletionDate":"2026-10-04"}},{"type":"Feature","geometry":{"type":"Point","coordinates":[-118.555774,34.040666]},"properties":{"id":1572,"address":"1741 Porto Marina Way","neighborhood":"Castellammare","status":"construction","statusLabel":"Under Construction","permitType":"Bldg-New","submittedDate":"2025-12-28","issuedDate":"2026-02-14","startDate":"2026-04-26","completedDate":null,"estCompletionDate":"2027-07-08"}},{"type":"Feature","geometry":{"type":"Point","coordinates":[-118.55556,34.040432]},"properties":{"id":1573,"address":"1746 Porto Marina Way","neighborhood":"Castellammare","status":"construction","statusLabel":"Under Construction","permitType":"Bldg-New","submittedDate":"2025-06-19","issuedDate":"2025-09-18","startDate":"2025-10-19","completedDate":null,"estCompletionDate":"2026-10-18"}},{"type":"Feature","geometry":{"type":"Point","coordinates":[-118.555637,34.040736]},"properties":{"id":1574,"address":"1749 Porto Marina Way","neighborhood":"Castellammare","status":"construction","statusLabel":"Under Construction","permitType":"Bldg-New","submittedDate":"2025-10-19","issuedDate":"2026-01-23","startDate":"2026-04-20","completedDate":null,"estCompletionDate":"2027-05-14"}},{"type":"Feature","geometry":{"type":"Point","coordinates":[-118.555344,34.040626]},"properties":{"id":1575,"address":"1754 Porto Marina Way","neighborhood":"Castellammare","status":"submitted","statusLabel":"Permit Submitted","permitType":"Bldg-New","submittedDate":"2026-01-22","issuedDate":null,"startDate":null,"completedDate":null,"estCompletionDate":"2027-12-14"}},{"type":"Feature","geometry":{"type":"Point","coordinates":[-118.555469,34.040776]},"properties":{"id":1576,"address":"1757 Porto Marina Way","neighborhood":"Castellammare","status":"submitted","statusLabel":"Permit Submitted","permitType":"Bldg-New","submittedDate":"2026-05-26","issuedDate":null,"startDate":null,"completedDate":null,"estCompletionDate":"2028-04-13"}},{"type":"Feature","geometry":{"type":"Point","coordinates":[-118.555109,34.040738]},"properties":{"id":1577,"address":"1762 Porto Marina Way","neighborhood":"Castellammare","status":"construction","statusLabel":"Under Construction","permitType":"Bldg-New","submittedDate":"2025-03-20","issuedDate":"2025-06-05","startDate":"2025-08-26","completedDate":null,"estCompletionDate":"2026-10-11"}},{"type":"Feature","geometry":{"type":"Point","coordinates":[-118.555225,34.040944]},"properties":{"id":1578,"address":"1765 Porto Marina Way","neighborhood":"Castellammare","status":"construction","statusLabel":"Under Construction","permitType":"Bldg-New","submittedDate":"2025-11-18","issuedDate":"2026-01-09","startDate":"2026-02-22","completedDate":null,"estCompletionDate":"2027-04-06"}},{"type":"Feature","geometry":{"type":"Point","coordinates":[-118.554923,34.04082]},"properties":{"id":1579,"address":"1770 Porto Marina Way","neighborhood":"Castellammare","status":"issued","statusLabel":"Permit Issued","permitType":"Bldg-New","submittedDate":"2026-01-27","issuedDate":"2026-03-31","startDate":null,"completedDate":null,"estCompletionDate":"2027-06-21"}},{"type":"Feature","geometry":{"type":"Point","coordinates":[-118.555195,34.040972]},"properties":{"id":1580,"address":"1773 Porto Marina Way","neighborhood":"Castellammare","status":"construction","statusLabel":"Under Construction","permitType":"Bldg-New","submittedDate":"2025-10-26","issuedDate":"2026-03-05","startDate":"2026-05-25","completedDate":null,"estCompletionDate":"2027-08-27"}},{"type":"Feature","geometry":{"type":"Point","coordinates":[-118.554877,34.04097]},"properties":{"id":1581,"address":"1778 Porto Marina Way","neighborhood":"Castellammare","status":"construction","statusLabel":"Under Construction","permitType":"Bldg-New","submittedDate":"2025-08-02","issuedDate":"2025-09-24","startDate":"2025-10-10","completedDate":null,"estCompletionDate":"2026-10-12"}},{"type":"Feature","geometry":{"type":"Point","coordinates":[-118.554975,34.040998]},"properties":{"id":1582,"address":"1781 Porto Marina Way","neighborhood":"Castellammare","status":"issued","statusLabel":"Permit Issued","permitType":"Bldg-New","submittedDate":"2025-11-16","issuedDate":"2026-03-02","startDate":null,"completedDate":null,"estCompletionDate":"2027-07-07"}},{"type":"Feature","geometry":{"type":"Point","coordinates":[-118.554731,34.040829]},"properties":{"id":1583,"address":"1786 Porto Marina Way","neighborhood":"Castellammare","status":"construction","statusLabel":"Under Construction","permitType":"Bldg-New","submittedDate":"2026-01-11","issuedDate":"2026-03-20","startDate":"2026-05-03","completedDate":null,"estCompletionDate":"2027-05-03"}},{"type":"Feature","geometry":{"type":"Point","coordinates":[-118.554687,34.041108]},"properties":{"id":1584,"address":"1789 Porto Marina Way","neighborhood":"Castellammare","status":"construction","statusLabel":"Under Construction","permitType":"Bldg-New","submittedDate":"2025-11-30","issuedDate":"2026-03-27","startDate":"2026-04-17","completedDate":null,"estCompletionDate":"2027-03-27"}},{"type":"Feature","geometry":{"type":"Point","coordinates":[-118.554661,34.040945]},"properties":{"id":1585,"address":"1794 Porto Marina Way","neighborhood":"Castellammare","status":"construction","statusLabel":"Under Construction","permitType":"Bldg-New","submittedDate":"2025-10-29","issuedDate":"2026-02-21","startDate":"2026-03-23","completedDate":null,"estCompletionDate":"2027-07-18"}},{"type":"Feature","geometry":{"type":"Point","coordinates":[-118.554054,34.040056]},"properties":{"id":1586,"address":"1301 Stretto Way","neighborhood":"Castellammare","status":"construction","statusLabel":"Under Construction","permitType":"Bldg-New","submittedDate":"2025-04-10","issuedDate":"2025-06-13","startDate":"2025-07-01","completedDate":null,"estCompletionDate":"2026-10-25"}},{"type":"Feature","geometry":{"type":"Point","coordinates":[-118.553777,34.039894]},"properties":{"id":1587,"address":"1306 Stretto Way","neighborhood":"Castellammare","status":"submitted","statusLabel":"Permit Submitted","permitType":"Bldg-New","submittedDate":"2025-12-27","issuedDate":null,"startDate":null,"completedDate":null,"estCompletionDate":"2027-09-03"}},{"type":"Feature","geometry":{"type":"Point","coordinates":[-118.553918,34.039998]},"properties":{"id":1588,"address":"1309 Stretto Way","neighborhood":"Castellammare","status":"construction","statusLabel":"Under Construction","permitType":"Bldg-New","submittedDate":"2025-08-13","issuedDate":"2025-10-19","startDate":"2026-01-11","completedDate":null,"estCompletionDate":"2026-12-08"}},{"type":"Feature","geometry":{"type":"Point","coordinates":[-118.553486,34.039944]},"properties":{"id":1589,"address":"1314 Stretto Way","neighborhood":"Castellammare","status":"construction","statusLabel":"Under Construction","permitType":"Bldg-New","submittedDate":"2025-04-30","issuedDate":"2025-08-09","startDate":"2025-10-30","completedDate":null,"estCompletionDate":"2027-02-15"}},{"type":"Feature","geometry":{"type":"Point","coordinates":[-118.553728,34.04024]},"properties":{"id":1590,"address":"1317 Stretto Way","neighborhood":"Castellammare","status":"construction","statusLabel":"Under Construction","permitType":"Bldg-New","submittedDate":"2025-06-10","issuedDate":"2025-08-30","startDate":"2025-10-26","completedDate":null,"estCompletionDate":"2026-12-31"}},{"type":"Feature","geometry":{"type":"Point","coordinates":[-118.553298,34.040085]},"properties":{"id":1591,"address":"1322 Stretto Way","neighborhood":"Castellammare","status":"construction","statusLabel":"Under Construction","permitType":"Bldg-New","submittedDate":"2025-06-13","issuedDate":"2025-08-21","startDate":"2025-10-25","completedDate":null,"estCompletionDate":"2026-10-29"}},{"type":"Feature","geometry":{"type":"Point","coordinates":[-118.553559,34.040457]},"properties":{"id":1592,"address":"1325 Stretto Way","neighborhood":"Castellammare","status":"issued","statusLabel":"Permit Issued","permitType":"Bldg-New","submittedDate":"2025-09-30","issuedDate":"2026-02-17","startDate":null,"completedDate":null,"estCompletionDate":"2027-10-08"}},{"type":"Feature","geometry":{"type":"Point","coordinates":[-118.553241,34.040345]},"properties":{"id":1593,"address":"1330 Stretto Way","neighborhood":"Castellammare","status":"submitted","statusLabel":"Permit Submitted","permitType":"Bldg-New","submittedDate":"2025-11-07","issuedDate":null,"startDate":null,"completedDate":null,"estCompletionDate":"2027-09-02"}},{"type":"Feature","geometry":{"type":"Point","coordinates":[-118.553272,34.040525]},"properties":{"id":1594,"address":"1333 Stretto Way","neighborhood":"Castellammare","status":"construction","statusLabel":"Under Construction","permitType":"Bldg-New","submittedDate":"2025-07-04","issuedDate":"2025-08-30","startDate":"2025-11-08","completedDate":null,"estCompletionDate":"2026-10-31"}},{"type":"Feature","geometry":{"type":"Point","coordinates":[-118.553035,34.040335]},"properties":{"id":1595,"address":"1338 Stretto Way","neighborhood":"Castellammare","status":"construction","statusLabel":"Under Construction","permitType":"Bldg-New","submittedDate":"2025-06-15","issuedDate":"2025-10-09","startDate":"2025-11-27","completedDate":null,"estCompletionDate":"2027-03-08"}},{"type":"Feature","geometry":{"type":"Point","coordinates":[-118.553107,34.040449]},"properties":{"id":1596,"address":"1341 Stretto Way","neighborhood":"Castellammare","status":"submitted","statusLabel":"Permit Submitted","permitType":"Bldg-New","submittedDate":"2026-01-27","issuedDate":null,"startDate":null,"completedDate":null,"estCompletionDate":"2028-02-15"}},{"type":"Feature","geometry":{"type":"Point","coordinates":[-118.552947,34.040453]},"properties":{"id":1597,"address":"1346 Stretto Way","neighborhood":"Castellammare","status":"submitted","statusLabel":"Permit Submitted","permitType":"Bldg-New","submittedDate":"2026-07-05","issuedDate":null,"startDate":null,"completedDate":null,"estCompletionDate":"2028-05-12"}},{"type":"Feature","geometry":{"type":"Point","coordinates":[-118.553045,34.040656]},"properties":{"id":1598,"address":"1349 Stretto Way","neighborhood":"Castellammare","status":"construction","statusLabel":"Under Construction","permitType":"Bldg-New","submittedDate":"2025-06-02","issuedDate":"2025-09-29","startDate":"2025-12-11","completedDate":null,"estCompletionDate":"2027-02-23"}},{"type":"Feature","geometry":{"type":"Point","coordinates":[-118.552645,34.040678]},"properties":{"id":1599,"address":"1354 Stretto Way","neighborhood":"Castellammare","status":"submitted","statusLabel":"Permit Submitted","permitType":"Bldg-New","submittedDate":"2026-04-26","issuedDate":null,"startDate":null,"completedDate":null,"estCompletionDate":"2027-11-18"}},{"type":"Feature","geometry":{"type":"Point","coordinates":[-118.552689,34.040715]},"properties":{"id":1600,"address":"1357 Stretto Way","neighborhood":"Castellammare","status":"submitted","statusLabel":"Permit Submitted","permitType":"Bldg-New","submittedDate":"2026-04-05","issuedDate":null,"startDate":null,"completedDate":null,"estCompletionDate":"2028-02-16"}},{"type":"Feature","geometry":{"type":"Point","coordinates":[-118.552484,34.040789]},"properties":{"id":1601,"address":"1362 Stretto Way","neighborhood":"Castellammare","status":"construction","statusLabel":"Under Construction","permitType":"Bldg-New","submittedDate":"2025-11-01","issuedDate":"2026-01-09","startDate":"2026-03-06","completedDate":null,"estCompletionDate":"2027-06-05"}},{"type":"Feature","geometry":{"type":"Point","coordinates":[-118.552494,34.040937]},"properties":{"id":1602,"address":"1365 Stretto Way","neighborhood":"Castellammare","status":"submitted","statusLabel":"Permit Submitted","permitType":"Bldg-New","submittedDate":"2026-01-18","issuedDate":null,"startDate":null,"completedDate":null,"estCompletionDate":"2027-08-15"}},{"type":"Feature","geometry":{"type":"Point","coordinates":[-118.552282,34.040725]},"properties":{"id":1603,"address":"1370 Stretto Way","neighborhood":"Castellammare","status":"issued","statusLabel":"Permit Issued","permitType":"Bldg-New","submittedDate":"2025-07-03","issuedDate":"2025-11-10","startDate":null,"completedDate":null,"estCompletionDate":"2027-05-17"}},{"type":"Feature","geometry":{"type":"Point","coordinates":[-118.552587,34.041043]},"properties":{"id":1604,"address":"1373 Stretto Way","neighborhood":"Castellammare","status":"construction","statusLabel":"Under Construction","permitType":"Bldg-New","submittedDate":"2025-04-27","issuedDate":"2025-07-09","startDate":"2025-08-26","completedDate":null,"estCompletionDate":"2026-08-22"}},{"type":"Feature","geometry":{"type":"Point","coordinates":[-118.552143,34.040914]},"properties":{"id":1605,"address":"1378 Stretto Way","neighborhood":"Castellammare","status":"construction","statusLabel":"Under Construction","permitType":"Bldg-New","submittedDate":"2025-12-27","issuedDate":"2026-04-08","startDate":"2026-06-20","completedDate":null,"estCompletionDate":"2027-10-04"}},{"type":"Feature","geometry":{"type":"Point","coordinates":[-118.552349,34.041194]},"properties":{"id":1606,"address":"1381 Stretto Way","neighborhood":"Castellammare","status":"submitted","statusLabel":"Permit Submitted","permitType":"Bldg-New","submittedDate":"2025-12-09","issuedDate":null,"startDate":null,"completedDate":null,"estCompletionDate":"2028-01-01"}},{"type":"Feature","geometry":{"type":"Point","coordinates":[-118.552125,34.041036]},"properties":{"id":1607,"address":"1386 Stretto Way","neighborhood":"Castellammare","status":"construction","statusLabel":"Under Construction","permitType":"Bldg-New","submittedDate":"2025-03-15","issuedDate":"2025-05-25","startDate":"2025-08-07","completedDate":null,"estCompletionDate":"2026-11-16"}},{"type":"Feature","geometry":{"type":"Point","coordinates":[-118.552042,34.041178]},"properties":{"id":1608,"address":"1389 Stretto Way","neighborhood":"Castellammare","status":"construction","statusLabel":"Under Construction","permitType":"Bldg-New","submittedDate":"2025-09-09","issuedDate":"2025-11-29","startDate":"2026-02-04","completedDate":null,"estCompletionDate":"2027-04-18"}},{"type":"Feature","geometry":{"type":"Point","coordinates":[-118.552,34.041098]},"properties":{"id":1609,"address":"1394 Stretto Way","neighborhood":"Castellammare","status":"construction","statusLabel":"Under Construction","permitType":"Bldg-New","submittedDate":"2025-10-16","issuedDate":"2025-12-07","startDate":"2025-12-26","completedDate":null,"estCompletionDate":"2027-02-04"}},{"type":"Feature","geometry":{"type":"Point","coordinates":[-118.558723,34.042054]},"properties":{"id":1610,"address":"1701 Bora Bora Way","neighborhood":"Castellammare","status":"construction","statusLabel":"Under Construction","permitType":"Bldg-New","submittedDate":"2025-10-16","issuedDate":"2026-02-17","startDate":"2026-03-07","completedDate":null,"estCompletionDate":"2027-06-01"}},{"type":"Feature","geometry":{"type":"Point","coordinates":[-118.55861,34.042118]},"properties":{"id":1611,"address":"1706 Bora Bora Way","neighborhood":"Castellammare","status":"construction","statusLabel":"Under Construction","permitType":"Bldg-New","submittedDate":"2025-06-13","issuedDate":"2025-08-07","startDate":"2025-09-17","completedDate":null,"estCompletionDate":"2026-08-17"}},{"type":"Feature","geometry":{"type":"Point","coordinates":[-118.558576,34.042192]},"properties":{"id":1612,"address":"1709 Bora Bora Way","neighborhood":"Castellammare","status":"issued","statusLabel":"Permit Issued","permitType":"Bldg-New","submittedDate":"2025-06-18","issuedDate":"2025-09-13","startDate":null,"completedDate":null,"estCompletionDate":"2026-11-25"}},{"type":"Feature","geometry":{"type":"Point","coordinates":[-118.558312,34.042186]},"properties":{"id":1613,"address":"1714 Bora Bora Way","neighborhood":"Castellammare","status":"submitted","statusLabel":"Permit Submitted","permitType":"Bldg-New","submittedDate":"2026-03-09","issuedDate":null,"startDate":null,"completedDate":null,"estCompletionDate":"2028-01-18"}},{"type":"Feature","geometry":{"type":"Point","coordinates":[-118.558312,34.042412]},"properties":{"id":1614,"address":"1717 Bora Bora Way","neighborhood":"Castellammare","status":"construction","statusLabel":"Under Construction","permitType":"Bldg-New","submittedDate":"2025-05-17","issuedDate":"2025-08-02","startDate":"2025-08-21","completedDate":null,"estCompletionDate":"2026-12-10"}},{"type":"Feature","geometry":{"type":"Point","coordinates":[-118.558107,34.042265]},"properties":{"id":1615,"address":"1722 Bora Bora Way","neighborhood":"Castellammare","status":"issued","statusLabel":"Permit Issued","permitType":"Bldg-New","submittedDate":"2026-01-26","issuedDate":"2026-05-17","startDate":null,"completedDate":null,"estCompletionDate":"2027-10-12"}},{"type":"Feature","geometry":{"type":"Point","coordinates":[-118.558194,34.042433]},"properties":{"id":1616,"address":"1725 Bora Bora Way","neighborhood":"Castellammare","status":"submitted","statusLabel":"Permit Submitted","permitType":"Bldg-New","submittedDate":"2025-11-03","issuedDate":null,"startDate":null,"completedDate":null,"estCompletionDate":"2027-10-16"}},{"type":"Feature","geometry":{"type":"Point","coordinates":[-118.558103,34.042364]},"properties":{"id":1617,"address":"1730 Bora Bora Way","neighborhood":"Castellammare","status":"submitted","statusLabel":"Permit Submitted","permitType":"Bldg-New","submittedDate":"2026-03-11","issuedDate":null,"startDate":null,"completedDate":null,"estCompletionDate":"2028-04-08"}},{"type":"Feature","geometry":{"type":"Point","coordinates":[-118.558046,34.042644]},"properties":{"id":1618,"address":"1733 Bora Bora Way","neighborhood":"Castellammare","status":"construction","statusLabel":"Under Construction","permitType":"Bldg-New","submittedDate":"2025-04-18","issuedDate":"2025-08-25","startDate":"2025-09-29","completedDate":null,"estCompletionDate":"2026-12-20"}},{"type":"Feature","geometry":{"type":"Point","coordinates":[-118.557803,34.042401]},"properties":{"id":1619,"address":"1738 Bora Bora Way","neighborhood":"Castellammare","status":"construction","statusLabel":"Under Construction","permitType":"Bldg-New","submittedDate":"2025-05-05","issuedDate":"2025-07-05","startDate":"2025-07-28","completedDate":null,"estCompletionDate":"2026-09-28"}},{"type":"Feature","geometry":{"type":"Point","coordinates":[-118.557939,34.042832]},"properties":{"id":1620,"address":"1741 Bora Bora Way","neighborhood":"Castellammare","status":"construction","statusLabel":"Under Construction","permitType":"Bldg-New","submittedDate":"2025-08-12","issuedDate":"2025-12-08","startDate":"2026-01-12","completedDate":null,"estCompletionDate":"2026-12-20"}},{"type":"Feature","geometry":{"type":"Point","coordinates":[-118.557628,34.04257]},"properties":{"id":1621,"address":"1746 Bora Bora Way","neighborhood":"Castellammare","status":"submitted","statusLabel":"Permit Submitted","permitType":"Bldg-New","submittedDate":"2026-04-30","issuedDate":null,"startDate":null,"completedDate":null,"estCompletionDate":"2028-03-19"}},{"type":"Feature","geometry":{"type":"Point","coordinates":[-118.557931,34.042878]},"properties":{"id":1622,"address":"1749 Bora Bora Way","neighborhood":"Castellammare","status":"submitted","statusLabel":"Permit Submitted","permitType":"Bldg-New","submittedDate":"2026-02-21","issuedDate":null,"startDate":null,"completedDate":null,"estCompletionDate":"2028-03-15"}},{"type":"Feature","geometry":{"type":"Point","coordinates":[-118.55754,34.042712]},"properties":{"id":1623,"address":"1754 Bora Bora Way","neighborhood":"Castellammare","status":"issued","statusLabel":"Permit Issued","permitType":"Bldg-New","submittedDate":"2025-10-02","issuedDate":"2025-11-26","startDate":null,"completedDate":null,"estCompletionDate":"2027-04-02"}},{"type":"Feature","geometry":{"type":"Point","coordinates":[-118.557716,34.042951]},"properties":{"id":1624,"address":"1757 Bora Bora Way","neighborhood":"Castellammare","status":"construction","statusLabel":"Under Construction","permitType":"Bldg-New","submittedDate":"2025-07-07","issuedDate":"2025-11-08","startDate":"2025-12-19","completedDate":null,"estCompletionDate":"2027-03-09"}},{"type":"Feature","geometry":{"type":"Point","coordinates":[-118.557461,34.042775]},"properties":{"id":1625,"address":"1762 Bora Bora Way","neighborhood":"Castellammare","status":"submitted","statusLabel":"Permit Submitted","permitType":"Bldg-New","submittedDate":"2026-05-18","issuedDate":null,"startDate":null,"completedDate":null,"estCompletionDate":"2028-03-04"}},{"type":"Feature","geometry":{"type":"Point","coordinates":[-118.557544,34.043118]},"properties":{"id":1626,"address":"1765 Bora Bora Way","neighborhood":"Castellammare","status":"construction","statusLabel":"Under Construction","permitType":"Bldg-New","submittedDate":"2025-12-29","issuedDate":"2026-04-24","startDate":"2026-06-18","completedDate":null,"estCompletionDate":"2027-08-07"}},{"type":"Feature","geometry":{"type":"Point","coordinates":[-118.5573,34.043023]},"properties":{"id":1627,"address":"1770 Bora Bora Way","neighborhood":"Castellammare","status":"construction","statusLabel":"Under Construction","permitType":"Bldg-New","submittedDate":"2025-07-10","issuedDate":"2025-10-25","startDate":"2025-11-30","completedDate":null,"estCompletionDate":"2027-01-31"}},{"type":"Feature","geometry":{"type":"Point","coordinates":[-118.557457,34.043063]},"properties":{"id":1628,"address":"1773 Bora Bora Way","neighborhood":"Castellammare","status":"construction","statusLabel":"Under Construction","permitType":"Bldg-New","submittedDate":"2025-04-18","issuedDate":"2025-08-24","startDate":"2025-09-12","completedDate":null,"estCompletionDate":"2026-08-09"}}]}